"room_id","topic","duplicate_statement_id","duplicate_text","duplicate_timestamp","target_statement_id","target_text","target_timestamp","similarity","target_was_already_duplicate"
"fksripew6vimocyncyw","Scalability test room","tj7a37m5clmmocyndph","Solar panels should be required on all new construction","1777038200042","n9wbepumm7smocyndph","Solar panels should be required on all new construction","1777038196508","1","false"
"fksripew6vimocyncyw","Scalability test room","5fx96vbqd5gmocyndpg","Electric vehicle charging should be publicly funded","1777038233820","0iahd8bgt0nnmocyndph","Electric vehicle charging should be publicly funded","1777038233357","1","false"
"fksripew6vimocyncyw","Scalability test room","8u0wdnxmnzvmocyndpg","Solar panels should be required on all new construction","1777038236504","n9wbepumm7smocyndph","Solar panels should be required on all new construction","1777038196508","1","false"
"fksripew6vimocyncyw","Scalability test room","xm86cdcmyxmocyndph","Rent control protects long-term residents from displacement","1777038237508","0m2x18tokdfmocyndpg","Rent control protects long-term residents from displacement","1777038214129","1","false"
"fksripew6vimocyncyw","Scalability test room","e99t3qy00ukmocyndph","Affordable housing quotas should apply to all new developments","1777038268226","ymwt7s753yemocyndph","Affordable housing quotas should apply to all new developments","1777038191245","1","false"
"fksripew6vimocyncyw","Scalability test room","j0fin24dngjmocyndph","Pedestrian-first street design reduces traffic accidents","1777038290891","38jtdv5c7lfmocyndph","Pedestrian-first street design reduces traffic accidents","1777038277030","1","false"
"fksripew6vimocyncyw","Scalability test room","l35xxnustzmocyndpg","Mixed-use zoning makes neighborhoods more livable","1777038307556","f3jrnyn5ljimocyndph","Mixed-use zoning makes neighborhoods more livable","1777038212394","1","false"
"fksripew6vimocyncyw","Scalability test room","huo3gevmc6mocyndph","Street parking fees should fund public transportation","1777038314293","53zoz9ljx38mocyndph","Street parking fees should fund public transportation","1777038214655","1","false"
"fksripew6vimocyncyw","Scalability test room","acq9fg6v3ppmocyndpg","Rent control protects long-term residents from displacement","1777038314689","0m2x18tokdfmocyndpg","Rent control protects long-term residents from displacement","1777038214129","1","false"
"fksripew6vimocyncyw","Scalability test room","nbob2cecc2mocyndpg","Urban density reduces per-capita carbon footprint","1777038315224","vijo8zfil3mocyndph","Urban density reduces per-capita carbon footprint","1777038231228","1","false"
"fksripew6vimocyncyw","Scalability test room","hviikz11x0imocyndph","Trees on residential streets should be protected by law","1777038316104","ou1m2ysw7rmocyndpg","Trees on residential streets should be protected by law","1777038208005","1","false"
"fksripew6vimocyncyw","Scalability test room","e0y45jaxumocyndpg","Local businesses deserve priority over national chains","1777038323054","i8t7rph3eabmocyndph","Local businesses deserve priority over national chains","1777038211631","1","false"
"fksripew6vimocyncyw","Scalability test room","3mvm2g1k5okmocyndpg","Green spaces improve mental health in urban environments","1777038335412","4et2f6n7jgtmocyndpg","Green spaces improve mental health in urban environments","1777038223040","1","false"
"fksripew6vimocyncyw","Scalability test room","bw771p32aw8mocyndpg","Food trucks add vibrancy to urban commercial corridors","1777038340744","nm6lyi2gmmpmocyndph","Food trucks add vibrancy to urban commercial corridors","1777038259457","1","false"
"fksripew6vimocyncyw","Scalability test room","sl9o6abqwhmocyndph","The city should invest more in public transit infrastructure","1777038347125","5yuaglu5wu9mocyndph","The city should invest more in public transit infrastructure","1777038303085","1","false"
"fksripew6vimocyncyw","Scalability test room","7a9ia7ldf1tmocyndph","Farmers markets support local food systems","1777038350316","7i7mz09octmocyndpg","Farmers markets support local food systems","1777038297563","1","false"
"fksripew6vimocyncyw","Scalability test room","5uzonbernmomocyndph","Electric vehicle charging should be publicly funded","1777038356630","0iahd8bgt0nnmocyndph","Electric vehicle charging should be publicly funded","1777038233357","1","false"
"fksripew6vimocyncyw","Scalability test room","n90c91hc2dfmocyndpg","Public libraries are essential community infrastructure","1777038363245","a8un82hevjmocyndph","Public libraries are essential community infrastructure","1777038298788","1","false"
"fksripew6vimocyncyw","Scalability test room","mfmngq5udlmocyndpg","Affordable housing quotas should apply to all new developments","1777038365877","ymwt7s753yemocyndph","Affordable housing quotas should apply to all new developments","1777038191245","1","false"
"fksripew6vimocyncyw","Scalability test room","qvcwhneu3bmocyndph","Solar panels should be required on all new construction","1777038366281","n9wbepumm7smocyndph","Solar panels should be required on all new construction","1777038196508","1","false"
"fksripew6vimocyncyw","Scalability test room","vqzvyj112rmmocyndpg","The city should invest more in public transit infrastructure","1777038367745","5yuaglu5wu9mocyndph","The city should invest more in public transit infrastructure","1777038303085","1","false"
"fksripew6vimocyncyw","Scalability test room","59ksd4ucflhmocyndph","Electric vehicle charging should be publicly funded","1777038368381","0iahd8bgt0nnmocyndph","Electric vehicle charging should be publicly funded","1777038233357","1","false"
"fksripew6vimocyncyw","Scalability test room","s3ysaoy5ndmmocyndph","Local businesses deserve priority over national chains","1777038377576","i8t7rph3eabmocyndph","Local businesses deserve priority over national chains","1777038211631","1","false"
"fksripew6vimocyncyw","Scalability test room","m054t7my0qgmocyndpg","Historic preservation limits necessary urban growth","1777038389152","9lohmtyxcdlmocyndpg","Historic preservation limits necessary urban growth","1777038333348","1","false"
"fksripew6vimocyncyw","Scalability test room","g8qhdr2thuomocyndpg","The city should invest more in public transit infrastructure","1777038392107","5yuaglu5wu9mocyndph","The city should invest more in public transit infrastructure","1777038303085","1","false"
"fksripew6vimocyncyw","Scalability test room","smzmwbwpr1lmocyndph","The city should invest more in public transit infrastructure","1777038395571","5yuaglu5wu9mocyndph","The city should invest more in public transit infrastructure","1777038303085","1","false"
"fksripew6vimocyncyw","Scalability test room","32dgvizayhjmocyndph","Trees on residential streets should be protected by law","1777038395620","ou1m2ysw7rmocyndpg","Trees on residential streets should be protected by law","1777038208005","1","false"
"fksripew6vimocyncyw","Scalability test room","dshp5z0dircmocyndpg","Pedestrian-first street design reduces traffic accidents","1777038397099","38jtdv5c7lfmocyndph","Pedestrian-first street design reduces traffic accidents","1777038277030","1","false"
"fksripew6vimocyncyw","Scalability test room","6d9qx88fhplmocyndph","Trees on residential streets should be protected by law","1777038404574","ou1m2ysw7rmocyndpg","Trees on residential streets should be protected by law","1777038208005","1","false"
"fksripew6vimocyncyw","Scalability test room","xmnamj7vhkmocyndpg","Rent control protects long-term residents from displacement","1777038408044","0m2x18tokdfmocyndpg","Rent control protects long-term residents from displacement","1777038214129","1","false"
"fksripew6vimocyncyw","Scalability test room","iv047hb3anmocyndph","Mixed-use zoning makes neighborhoods more livable","1777038416010","f3jrnyn5ljimocyndph","Mixed-use zoning makes neighborhoods more livable","1777038212394","1","false"
"fksripew6vimocyncyw","Scalability test room","hpeokgz9daomocyndph","Mixed-use zoning makes neighborhoods more livable","1777038421747","f3jrnyn5ljimocyndph","Mixed-use zoning makes neighborhoods more livable","1777038212394","1","false"
"fksripew6vimocyncyw","Scalability test room","qncjedxsx6mmocyndpg","Street parking fees should fund public transportation","1777038425314","53zoz9ljx38mocyndph","Street parking fees should fund public transportation","1777038214655","1","false"
"fksripew6vimocyncyw","Scalability test room","46wrowdelyxmocyndpg","Mixed-use zoning makes neighborhoods more livable","1777038436442","f3jrnyn5ljimocyndph","Mixed-use zoning makes neighborhoods more livable","1777038212394","1","false"
"fksripew6vimocyncyw","Scalability test room","unn6ylu3f9nmocyndpg","Pedestrian-first street design reduces traffic accidents","1777038437372","38jtdv5c7lfmocyndph","Pedestrian-first street design reduces traffic accidents","1777038277030","1","false"
"fksripew6vimocyncyw","Scalability test room","yernfq03zapmocyndpg","Community gardens strengthen neighborhood social bonds","1777038438058","sjn272sictmocyndpg","Community gardens strengthen neighborhood social bonds","1777038428865","1","false"
"fksripew6vimocyncyw","Scalability test room","iau0bk6k3rmocyndph","Farmers markets support local food systems","1777038440970","7i7mz09octmocyndpg","Farmers markets support local food systems","1777038297563","1","false"
"fksripew6vimocyncyw","Scalability test room","ig93212f4kmocyndph","Public libraries are essential community infrastructure","1777038441507","a8un82hevjmocyndph","Public libraries are essential community infrastructure","1777038298788","1","false"
"fksripew6vimocyncyw","Scalability test room","8zc3id1hzmamocyndph","Historic preservation limits necessary urban growth","1777038448954","9lohmtyxcdlmocyndpg","Historic preservation limits necessary urban growth","1777038333348","1","false"
"fksripew6vimocyncyw","Scalability test room","nvcy20igwlmocyndpg","Food trucks add vibrancy to urban commercial corridors","1777038449381","nm6lyi2gmmpmocyndph","Food trucks add vibrancy to urban commercial corridors","1777038259457","1","false"
"fksripew6vimocyncyw","Scalability test room","hy9sizi5fplmocyndpg","Mixed-use zoning makes neighborhoods more livable","1777038451744","f3jrnyn5ljimocyndph","Mixed-use zoning makes neighborhoods more livable","1777038212394","1","false"
"fksripew6vimocyncyw","Scalability test room","xrybtlu92zbmocyndpg","Remote work has permanently changed how we use office space","1777038452124","2l12sa9n8k8mocyndph","Remote work has permanently changed how we use office space","1777038235211","1","false"
"fksripew6vimocyncyw","Scalability test room","om9qcemipafmocyndph","Rent control protects long-term residents from displacement","1777038453358","0m2x18tokdfmocyndpg","Rent control protects long-term residents from displacement","1777038214129","1","false"
"fksripew6vimocyncyw","Scalability test room","c66dc5se4l8mocyndph","Farmers markets support local food systems","1777038453868","7i7mz09octmocyndpg","Farmers markets support local food systems","1777038297563","1","false"
"fksripew6vimocyncyw","Scalability test room","xvqk2gnrdapmocyndpg","Local businesses deserve priority over national chains","1777038455063","i8t7rph3eabmocyndph","Local businesses deserve priority over national chains","1777038211631","1","false"
"fksripew6vimocyncyw","Scalability test room","0i1es6z3728nmocyndph","Trees on residential streets should be protected by law","1777038457947","ou1m2ysw7rmocyndpg","Trees on residential streets should be protected by law","1777038208005","1","false"
"fksripew6vimocyncyw","Scalability test room","f1bj6de8uf7mocyndpg","Green spaces improve mental health in urban environments","1777038458376","4et2f6n7jgtmocyndpg","Green spaces improve mental health in urban environments","1777038223040","1","false"
"fksripew6vimocyncyw","Scalability test room","3ux9tkjtfsymocyndpg","Urban density reduces per-capita carbon footprint","1777038459271","vijo8zfil3mocyndph","Urban density reduces per-capita carbon footprint","1777038231228","1","false"
"fksripew6vimocyncyw","Scalability test room","ygvo9pbzygjmocyndph","Green spaces improve mental health in urban environments","1777038463602","4et2f6n7jgtmocyndpg","Green spaces improve mental health in urban environments","1777038223040","1","false"
"fksripew6vimocyncyw","Scalability test room","yjgg5he3ghmocyndpg","Mixed-use zoning makes neighborhoods more livable","1777038463655","f3jrnyn5ljimocyndph","Mixed-use zoning makes neighborhoods more livable","1777038212394","1","false"
"fksripew6vimocyncyw","Scalability test room","gymovfqq44imocyndph","Noise ordinances should be stricter in residential zones","1777038473384","hrmyaoizjhpmocyndpg","Noise ordinances should be stricter in residential zones","1777038185569","1","false"
"fksripew6vimocyncyw","Scalability test room","fdiffyz3mnfmocyndpg","Food trucks add vibrancy to urban commercial corridors","1777038474751","nm6lyi2gmmpmocyndph","Food trucks add vibrancy to urban commercial corridors","1777038259457","1","false"
"fksripew6vimocyncyw","Scalability test room","ulnwo0d2qhcmocyndpg","Affordable housing quotas should apply to all new developments","1777038488827","ymwt7s753yemocyndph","Affordable housing quotas should apply to all new developments","1777038191245","1","false"
"fksripew6vimocyncyw","Scalability test room","zys014j5qtmocyndpg","Electric vehicle charging should be publicly funded","1777038489655","0iahd8bgt0nnmocyndph","Electric vehicle charging should be publicly funded","1777038233357","1","false"
"fksripew6vimocyncyw","Scalability test room","p15zqv4g3agmocyndpg","Remote work has permanently changed how we use office space","1777038492140","2l12sa9n8k8mocyndph","Remote work has permanently changed how we use office space","1777038235211","1","false"
"fksripew6vimocyncyw","Scalability test room","p7eyjlh63xrmocyndph","Street parking fees should fund public transportation","1777038496746","53zoz9ljx38mocyndph","Street parking fees should fund public transportation","1777038214655","1","false"
"fksripew6vimocyncyw","Scalability test room","dtnqzh6ze5mocyndph","Trees on residential streets should be protected by law","1777038498720","ou1m2ysw7rmocyndpg","Trees on residential streets should be protected by law","1777038208005","1","false"
"fksripew6vimocyncyw","Scalability test room","l6pbh1lnqomocyndpg","Mixed-use zoning makes neighborhoods more livable","1777038499439","f3jrnyn5ljimocyndph","Mixed-use zoning makes neighborhoods more livable","1777038212394","1","false"
"fksripew6vimocyncyw","Scalability test room","5ym8zxkw4twmocyndpg","Mixed-use zoning makes neighborhoods more livable","1777038505254","f3jrnyn5ljimocyndph","Mixed-use zoning makes neighborhoods more livable","1777038212394","1","false"
"fksripew6vimocyncyw","Scalability test room","kttumpugbdemocyndpg","Rent control protects long-term residents from displacement","1777038509349","0m2x18tokdfmocyndpg","Rent control protects long-term residents from displacement","1777038214129","1","false"
"fksripew6vimocyncyw","Scalability test room","ddktxvfo8ztmocyndpg","Street parking fees should fund public transportation","1777038510203","53zoz9ljx38mocyndph","Street parking fees should fund public transportation","1777038214655","1","false"
"fksripew6vimocyncyw","Scalability test room","isio0z3mitimocyndpg","Local businesses deserve priority over national chains","1777038511628","i8t7rph3eabmocyndph","Local businesses deserve priority over national chains","1777038211631","1","false"
"fksripew6vimocyncyw","Scalability test room","zmz8wf1zqdmocyndph","The city should invest more in public transit infrastructure","1777038511930","5yuaglu5wu9mocyndph","The city should invest more in public transit infrastructure","1777038303085","1","false"
"fksripew6vimocyncyw","Scalability test room","6e5dd68jx36mocyndph","Food trucks add vibrancy to urban commercial corridors","1777038512752","nm6lyi2gmmpmocyndph","Food trucks add vibrancy to urban commercial corridors","1777038259457","1","false"
"fksripew6vimocyncyw","Scalability test room","91vkogqfu8mocyndph","Pedestrian-first street design reduces traffic accidents","1777038513232","38jtdv5c7lfmocyndph","Pedestrian-first street design reduces traffic accidents","1777038277030","1","false"
"fksripew6vimocyncyw","Scalability test room","5g4m7a4g81smocyndpg","Solar panels should be required on all new construction","1777038520963","n9wbepumm7smocyndph","Solar panels should be required on all new construction","1777038196508","1","false"
"fksripew6vimocyncyw","Scalability test room","6ufogwwvjxemocyndpg","Bike lanes should replace parking on main streets","1777038551977","ktvy17do6ommocyndpg","Bike lanes should replace parking on main streets","1777038488482","1","false"
"fksripew6vimocyncyw","Scalability test room","8bu4p494g3fmocyndph","Electric vehicle charging should be publicly funded","1777038552364","0iahd8bgt0nnmocyndph","Electric vehicle charging should be publicly funded","1777038233357","1","false"
"fksripew6vimocyncyw","Scalability test room","2kfkvv5g8hlmocyndpg","Green spaces improve mental health in urban environments","1777038552658","4et2f6n7jgtmocyndpg","Green spaces improve mental health in urban environments","1777038223040","1","false"
"fksripew6vimocyncyw","Scalability test room","26k33bfrf7pmocyndph","Historic preservation limits necessary urban growth","1777038552970","9lohmtyxcdlmocyndpg","Historic preservation limits necessary urban growth","1777038333348","1","false"
"fksripew6vimocyncyw","Scalability test room","0iu9er353g1mmocyndph","Urban density reduces per-capita carbon footprint","1777038553847","vijo8zfil3mocyndph","Urban density reduces per-capita carbon footprint","1777038231228","1","false"
"fksripew6vimocyncyw","Scalability test room","nebk6u23uvmocyndpg","Noise ordinances should be stricter in residential zones","1777038554029","hrmyaoizjhpmocyndpg","Noise ordinances should be stricter in residential zones","1777038185569","1","false"
"fksripew6vimocyncyw","Scalability test room","mnrzda16338mocyndph","Rent control protects long-term residents from displacement","1777038554328","0m2x18tokdfmocyndpg","Rent control protects long-term residents from displacement","1777038214129","1","false"
"fksripew6vimocyncyw","Scalability test room","as23gngkfkmocyndph","Historic preservation limits necessary urban growth","1777038555660","9lohmtyxcdlmocyndpg","Historic preservation limits necessary urban growth","1777038333348","1","false"
"fksripew6vimocyncyw","Scalability test room","smc9bfd94pomocyndpg","Pedestrian-first street design reduces traffic accidents","1777038560307","38jtdv5c7lfmocyndph","Pedestrian-first street design reduces traffic accidents","1777038277030","1","false"
"fksripew6vimocyncyw","Scalability test room","4r8s5tkrc5imocyndpg","Food trucks add vibrancy to urban commercial corridors","1777038561084","nm6lyi2gmmpmocyndph","Food trucks add vibrancy to urban commercial corridors","1777038259457","1","false"
"fksripew6vimocyncyw","Scalability test room","1nompq51t4zmocyndph","Green spaces improve mental health in urban environments","1777038563014","4et2f6n7jgtmocyndpg","Green spaces improve mental health in urban environments","1777038223040","1","false"
"fksripew6vimocyncyw","Scalability test room","11rkvayvczqbmocyndpg","Public libraries are essential community infrastructure","1777038568877","a8un82hevjmocyndph","Public libraries are essential community infrastructure","1777038298788","1","false"
"fksripew6vimocyncyw","Scalability test room","bojkr2j4t17mocyndpg","Remote work has permanently changed how we use office space","1777038572361","2l12sa9n8k8mocyndph","Remote work has permanently changed how we use office space","1777038235211","1","false"
"fksripew6vimocyncyw","Scalability test room","puashwm8t7smocyndpg","Mixed-use zoning makes neighborhoods more livable","1777038574606","f3jrnyn5ljimocyndph","Mixed-use zoning makes neighborhoods more livable","1777038212394","1","false"
"fksripew6vimocyncyw","Scalability test room","uutlq1c7tghmocyndpg","Food trucks add vibrancy to urban commercial corridors","1777038580991","nm6lyi2gmmpmocyndph","Food trucks add vibrancy to urban commercial corridors","1777038259457","1","false"
"fksripew6vimocyncyw","Scalability test room","n8fswd4lpommocyndpg","Public libraries are essential community infrastructure","1777038581668","a8un82hevjmocyndph","Public libraries are essential community infrastructure","1777038298788","1","false"
"fksripew6vimocyncyw","Scalability test room","ijpjd2vpz1mmocyndph","Pedestrian-first street design reduces traffic accidents","1777038582955","38jtdv5c7lfmocyndph","Pedestrian-first street design reduces traffic accidents","1777038277030","1","false"
"fksripew6vimocyncyw","Scalability test room","2mlas1gw6l4mocyndph","Bike lanes should replace parking on main streets","1777038586362","ktvy17do6ommocyndpg","Bike lanes should replace parking on main streets","1777038488482","1","false"
"fksripew6vimocyncyw","Scalability test room","5jwgudyeua3mocyndpg","Solar panels should be required on all new construction","1777038586770","n9wbepumm7smocyndph","Solar panels should be required on all new construction","1777038196508","1","false"
"fksripew6vimocyncyw","Scalability test room","660czaphhhbmocyndph","Noise ordinances should be stricter in residential zones","1777038590755","hrmyaoizjhpmocyndpg","Noise ordinances should be stricter in residential zones","1777038185569","1","false"
"fksripew6vimocyncyw","Scalability test room","fs3plwvg67qmocyndph","Solar panels should be required on all new construction","1777038591570","n9wbepumm7smocyndph","Solar panels should be required on all new construction","1777038196508","1","false"
"fksripew6vimocyncyw","Scalability test room","0tjssi1k6f9rmocyndpg","Community gardens strengthen neighborhood social bonds","1777038596121","sjn272sictmocyndpg","Community gardens strengthen neighborhood social bonds","1777038428865","1","false"
"fksripew6vimocyncyw","Scalability test room","1svkabzy9qmocyndph","Public libraries are essential community infrastructure","1777038597000","a8un82hevjmocyndph","Public libraries are essential community infrastructure","1777038298788","1","false"
"fksripew6vimocyncyw","Scalability test room","1adk47k1ltiimocyndph","Green spaces improve mental health in urban environments","1777038600658","4et2f6n7jgtmocyndpg","Green spaces improve mental health in urban environments","1777038223040","1","false"
"fksripew6vimocyncyw","Scalability test room","r8ohfwgfr4mocyndpg","Urban density reduces per-capita carbon footprint","1777038607293","vijo8zfil3mocyndph","Urban density reduces per-capita carbon footprint","1777038231228","1","false"
"fksripew6vimocyncyw","Scalability test room","w4oiezqk5kimocyndph","Green spaces improve mental health in urban environments","1777038609541","4et2f6n7jgtmocyndpg","Green spaces improve mental health in urban environments","1777038223040","1","false"
"fksripew6vimocyncyw","Scalability test room","q688nqpd6kmocyndph","Farmers markets support local food systems","1777038611663","7i7mz09octmocyndpg","Farmers markets support local food systems","1777038297563","1","false"
"fksripew6vimocyncyw","Scalability test room","82dxn0kfyv6mocyndph","Green spaces improve mental health in urban environments","1777038614089","4et2f6n7jgtmocyndpg","Green spaces improve mental health in urban environments","1777038223040","1","false"
"fksripew6vimocyncyw","Scalability test room","61hc1jbgmfvmocyndph","Rent control protects long-term residents from displacement","1777038615332","0m2x18tokdfmocyndpg","Rent control protects long-term residents from displacement","1777038214129","1","false"
"fksripew6vimocyncyw","Scalability test room","24vntufn64amocyndph","The city should invest more in public transit infrastructure","1777038620180","5yuaglu5wu9mocyndph","The city should invest more in public transit infrastructure","1777038303085","1","false"
"fksripew6vimocyncyw","Scalability test room","6wgxctdt37mocyndph","Rent control protects long-term residents from displacement","1777038621011","0m2x18tokdfmocyndpg","Rent control protects long-term residents from displacement","1777038214129","1","false"
"fksripew6vimocyncyw","Scalability test room","2wzvrdoll13mocyndpi","Food trucks add vibrancy to urban commercial corridors","1777038621579","nm6lyi2gmmpmocyndph","Food trucks add vibrancy to urban commercial corridors","1777038259457","1","false"
"fksripew6vimocyncyw","Scalability test room","ge8nme91w7mocyndph","Historic preservation limits necessary urban growth","1777038625109","9lohmtyxcdlmocyndpg","Historic preservation limits necessary urban growth","1777038333348","1","false"
"fksripew6vimocyncyw","Scalability test room","d7yeoyh4snamocyndph","Noise ordinances should be stricter in residential zones","1777038629839","hrmyaoizjhpmocyndpg","Noise ordinances should be stricter in residential zones","1777038185569","1","false"
"fksripew6vimocyncyw","Scalability test room","qc80znue8n8mocyndpg","Historic preservation limits necessary urban growth","1777038636091","9lohmtyxcdlmocyndpg","Historic preservation limits necessary urban growth","1777038333348","1","false"
"fksripew6vimocyncyw","Scalability test room","006h46cyhlvxgmocyndpg","Remote work has permanently changed how we use office space","1777038636720","2l12sa9n8k8mocyndph","Remote work has permanently changed how we use office space","1777038235211","1","false"
"fksripew6vimocyncyw","Scalability test room","xwyjtxtdsfsmocyndph","Mixed-use zoning makes neighborhoods more livable","1777038636977","f3jrnyn5ljimocyndph","Mixed-use zoning makes neighborhoods more livable","1777038212394","1","false"
"fksripew6vimocyncyw","Scalability test room","ux0fd7dl8kmocyndpg","Historic preservation limits necessary urban growth","1777038637168","9lohmtyxcdlmocyndpg","Historic preservation limits necessary urban growth","1777038333348","1","false"
"fksripew6vimocyncyw","Scalability test room","ly9pysnj2ybmocyndph","Trees on residential streets should be protected by law","1777038638301","ou1m2ysw7rmocyndpg","Trees on residential streets should be protected by law","1777038208005","1","false"
"fksripew6vimocyncyw","Scalability test room","5ieh3e8c1ajmocyndpg","Noise ordinances should be stricter in residential zones","1777038647512","hrmyaoizjhpmocyndpg","Noise ordinances should be stricter in residential zones","1777038185569","1","false"
"fksripew6vimocyncyw","Scalability test room","mm0vli9vfxrmocyndph","Street parking fees should fund public transportation","1777038650564","53zoz9ljx38mocyndph","Street parking fees should fund public transportation","1777038214655","1","false"
"fksripew6vimocyncyw","Scalability test room","2v0vhiwgeqrmocyndph","Rent control protects long-term residents from displacement","1777038652208","0m2x18tokdfmocyndpg","Rent control protects long-term residents from displacement","1777038214129","1","false"
"fksripew6vimocyncyw","Scalability test room","5kied2uzxikmocyndph","Affordable housing quotas should apply to all new developments","1777038655768","ymwt7s753yemocyndph","Affordable housing quotas should apply to all new developments","1777038191245","1","false"
"fksripew6vimocyncyw","Scalability test room","pt0xlzcyaqlmocyndph","Affordable housing quotas should apply to all new developments","1777038656812","ymwt7s753yemocyndph","Affordable housing quotas should apply to all new developments","1777038191245","1","false"
"fksripew6vimocyncyw","Scalability test room","75xpe94akommocyndpg","Mixed-use zoning makes neighborhoods more livable","1777038657517","f3jrnyn5ljimocyndph","Mixed-use zoning makes neighborhoods more livable","1777038212394","1","false"
"fksripew6vimocyncyw","Scalability test room","5ea7k9gffi6mocyndph","Affordable housing quotas should apply to all new developments","1777038657559","ymwt7s753yemocyndph","Affordable housing quotas should apply to all new developments","1777038191245","1","false"
"fksripew6vimocyncyw","Scalability test room","gnsi1fkffx4mocyndpg","Trees on residential streets should be protected by law","1777038659007","ou1m2ysw7rmocyndpg","Trees on residential streets should be protected by law","1777038208005","1","false"
"fksripew6vimocyncyw","Scalability test room","9gz86m8d2lkmocyndph","Green spaces improve mental health in urban environments","1777038661205","4et2f6n7jgtmocyndpg","Green spaces improve mental health in urban environments","1777038223040","1","false"
"fksripew6vimocyncyw","Scalability test room","88r965s62bgmocyndpg","Solar panels should be required on all new construction","1777038668150","n9wbepumm7smocyndph","Solar panels should be required on all new construction","1777038196508","1","false"
"fksripew6vimocyncyw","Scalability test room","m8oz69p8lipmocyndpg","Community gardens strengthen neighborhood social bonds","1777038672130","sjn272sictmocyndpg","Community gardens strengthen neighborhood social bonds","1777038428865","1","false"
"fksripew6vimocyncyw","Scalability test room","bwby18a4aqcmocyndpg","Affordable housing quotas should apply to all new developments","1777038682123","ymwt7s753yemocyndph","Affordable housing quotas should apply to all new developments","1777038191245","1","false"
"fksripew6vimocyncyw","Scalability test room","598bj2x7jffmocyndph","Solar panels should be required on all new construction","1777038682269","n9wbepumm7smocyndph","Solar panels should be required on all new construction","1777038196508","1","false"
"fksripew6vimocyncyw","Scalability test room","o2vcj91qb3bmocyndph","Affordable housing quotas should apply to all new developments","1777038683481","ymwt7s753yemocyndph","Affordable housing quotas should apply to all new developments","1777038191245","1","false"
"fksripew6vimocyncyw","Scalability test room","pkx87yip14lmocyndpg","Green spaces improve mental health in urban environments","1777038685082","4et2f6n7jgtmocyndpg","Green spaces improve mental health in urban environments","1777038223040","1","false"
"fksripew6vimocyncyw","Scalability test room","vkq8l1tqsabmocyndpg","Solar panels should be required on all new construction","1777038693422","n9wbepumm7smocyndph","Solar panels should be required on all new construction","1777038196508","1","false"
"fksripew6vimocyncyw","Scalability test room","yyb8ncwnwumocyndpg","Local businesses deserve priority over national chains","1777038696260","i8t7rph3eabmocyndph","Local businesses deserve priority over national chains","1777038211631","1","false"
"fksripew6vimocyncyw","Scalability test room","cn1hrru9yumocyndph","Mixed-use zoning makes neighborhoods more livable","1777038696484","f3jrnyn5ljimocyndph","Mixed-use zoning makes neighborhoods more livable","1777038212394","1","false"
"fksripew6vimocyncyw","Scalability test room","7nul0078facmocyndph","Local businesses deserve priority over national chains","1777038708203","i8t7rph3eabmocyndph","Local businesses deserve priority over national chains","1777038211631","1","false"
"fksripew6vimocyncyw","Scalability test room","0d53fdoimmg7mocyndph","Rent control protects long-term residents from displacement","1777038712895","0m2x18tokdfmocyndpg","Rent control protects long-term residents from displacement","1777038214129","1","false"
"fksripew6vimocyncyw","Scalability test room","kleb0k4cxzmocyndpg","Food trucks add vibrancy to urban commercial corridors","1777038715319","nm6lyi2gmmpmocyndph","Food trucks add vibrancy to urban commercial corridors","1777038259457","1","false"
"fksripew6vimocyncyw","Scalability test room","gn0vx5cl1xmocyndpg","Noise ordinances should be stricter in residential zones","1777038719455","hrmyaoizjhpmocyndpg","Noise ordinances should be stricter in residential zones","1777038185569","1","false"
"fksripew6vimocyncyw","Scalability test room","v0xuj2r3izmocyndph","The city should invest more in public transit infrastructure","1777038724908","5yuaglu5wu9mocyndph","The city should invest more in public transit infrastructure","1777038303085","1","false"
"fksripew6vimocyncyw","Scalability test room","mmurkn5x6ppmocyndpg","Noise ordinances should be stricter in residential zones","1777038730559","hrmyaoizjhpmocyndpg","Noise ordinances should be stricter in residential zones","1777038185569","1","false"
"fksripew6vimocyncyw","Scalability test room","rkvbpz9w9jimocyndph","Remote work has permanently changed how we use office space","1777038737265","2l12sa9n8k8mocyndph","Remote work has permanently changed how we use office space","1777038235211","1","false"
"fksripew6vimocyncyw","Scalability test room","glo4twtuprlmocyndpg","Remote work has permanently changed how we use office space","1777038739287","2l12sa9n8k8mocyndph","Remote work has permanently changed how we use office space","1777038235211","1","false"
"fksripew6vimocyncyw","Scalability test room","h7nys5v8ivsmocyndpg","Affordable housing quotas should apply to all new developments","1777038739383","ymwt7s753yemocyndph","Affordable housing quotas should apply to all new developments","1777038191245","1","false"
"fksripew6vimocyncyw","Scalability test room","ccyberqewvhmocyndpg","Electric vehicle charging should be publicly funded","1777038739433","0iahd8bgt0nnmocyndph","Electric vehicle charging should be publicly funded","1777038233357","1","false"
"fksripew6vimocyncyw","Scalability test room","69bxs9i295amocyndph","Electric vehicle charging should be publicly funded","1777038741728","0iahd8bgt0nnmocyndph","Electric vehicle charging should be publicly funded","1777038233357","1","false"
"fksripew6vimocyncyw","Scalability test room","rulut9qnhpmocyndph","Street parking fees should fund public transportation","1777038747476","53zoz9ljx38mocyndph","Street parking fees should fund public transportation","1777038214655","1","false"
"fksripew6vimocyncyw","Scalability test room","cbgnkoe5myomocyndph","Urban density reduces per-capita carbon footprint","1777038750236","vijo8zfil3mocyndph","Urban density reduces per-capita carbon footprint","1777038231228","1","false"
"fksripew6vimocyncyw","Scalability test room","fm74jbj0s27mocyndpg","Green spaces improve mental health in urban environments","1777038752997","4et2f6n7jgtmocyndpg","Green spaces improve mental health in urban environments","1777038223040","1","false"
"fksripew6vimocyncyw","Scalability test room","rlchrknie2mocyndpg","Electric vehicle charging should be publicly funded","1777038758049","0iahd8bgt0nnmocyndph","Electric vehicle charging should be publicly funded","1777038233357","1","false"
"fksripew6vimocyncyw","Scalability test room","lwzub9pd9qgmocyndpg","Community gardens strengthen neighborhood social bonds","1777038767412","sjn272sictmocyndpg","Community gardens strengthen neighborhood social bonds","1777038428865","1","false"
"fksripew6vimocyncyw","Scalability test room","pemlgmysgcmocyndph","Solar panels should be required on all new construction","1777038769120","n9wbepumm7smocyndph","Solar panels should be required on all new construction","1777038196508","1","false"
"fksripew6vimocyncyw","Scalability test room","3xalv4q7kdtmocyndph","Street parking fees should fund public transportation","1777038770600","53zoz9ljx38mocyndph","Street parking fees should fund public transportation","1777038214655","1","false"
"fksripew6vimocyncyw","Scalability test room","u15r3qi38mmocyndph","Urban density reduces per-capita carbon footprint","1777038771988","vijo8zfil3mocyndph","Urban density reduces per-capita carbon footprint","1777038231228","1","false"
"fksripew6vimocyncyw","Scalability test room","v6rdrqqkr4rmocyndpg","Local businesses deserve priority over national chains","1777038773850","i8t7rph3eabmocyndph","Local businesses deserve priority over national chains","1777038211631","1","false"
"fksripew6vimocyncyw","Scalability test room","zqk7oue76ljmocyndph","Street parking fees should fund public transportation","1777038776584","53zoz9ljx38mocyndph","Street parking fees should fund public transportation","1777038214655","1","false"
"fksripew6vimocyncyw","Scalability test room","7wb3bdqbhgnmocyndpg","Rent control protects long-term residents from displacement","1777038776858","0m2x18tokdfmocyndpg","Rent control protects long-term residents from displacement","1777038214129","1","false"
"fksripew6vimocyncyw","Scalability test room","japjj1j21lmocyndpg","Pedestrian-first street design reduces traffic accidents","1777038780295","38jtdv5c7lfmocyndph","Pedestrian-first street design reduces traffic accidents","1777038277030","1","false"
"fksripew6vimocyncyw","Scalability test room","ia0r3suvl1mocyndpg","Historic preservation limits necessary urban growth","1777038784375","9lohmtyxcdlmocyndpg","Historic preservation limits necessary urban growth","1777038333348","1","false"
"fksripew6vimocyncyw","Scalability test room","8n41a5fdeskmocyndpg","Food trucks add vibrancy to urban commercial corridors","1777038788667","nm6lyi2gmmpmocyndph","Food trucks add vibrancy to urban commercial corridors","1777038259457","1","false"
"fksripew6vimocyncyw","Scalability test room","saxlmq4w0yqmocyndpg","Solar panels should be required on all new construction","1777038794722","n9wbepumm7smocyndph","Solar panels should be required on all new construction","1777038196508","1","false"
"fksripew6vimocyncyw","Scalability test room","ymt1y625dyrmocyndpg","Rent control protects long-term residents from displacement","1777038800237","0m2x18tokdfmocyndpg","Rent control protects long-term residents from displacement","1777038214129","1","false"
"fksripew6vimocyncyw","Scalability test room","i7svdn1tu8mocyndpg","Urban density reduces per-capita carbon footprint","1777038806321","vijo8zfil3mocyndph","Urban density reduces per-capita carbon footprint","1777038231228","1","false"
"fksripew6vimocyncyw","Scalability test room","ms2bsoa7jaqmocyndpg","Solar panels should be required on all new construction","1777038807858","n9wbepumm7smocyndph","Solar panels should be required on all new construction","1777038196508","1","false"
"fksripew6vimocyncyw","Scalability test room","qzheqffgb8mocyndpg","Affordable housing quotas should apply to all new developments","1777038817591","ymwt7s753yemocyndph","Affordable housing quotas should apply to all new developments","1777038191245","1","false"
"fksripew6vimocyncyw","Scalability test room","c2wvkzam5eemocyndph","Community gardens strengthen neighborhood social bonds","1777038821497","sjn272sictmocyndpg","Community gardens strengthen neighborhood social bonds","1777038428865","1","false"
"fksripew6vimocyncyw","Scalability test room","xrkqn6yhm89mocyndph","Solar panels should be required on all new construction","1777038826913","n9wbepumm7smocyndph","Solar panels should be required on all new construction","1777038196508","1","false"
"fksripew6vimocyncyw","Scalability test room","aoaord472jdmocyndpg","Community gardens strengthen neighborhood social bonds","1777038836281","sjn272sictmocyndpg","Community gardens strengthen neighborhood social bonds","1777038428865","1","false"
"fksripew6vimocyncyw","Scalability test room","bod7ilfx2xgmocyndpg","Green spaces improve mental health in urban environments","1777038840411","4et2f6n7jgtmocyndpg","Green spaces improve mental health in urban environments","1777038223040","1","false"
"fksripew6vimocyncyw","Scalability test room","zpid1mpgopjmocyndph","Remote work has permanently changed how we use office space","1777038841808","2l12sa9n8k8mocyndph","Remote work has permanently changed how we use office space","1777038235211","1","false"
"fksripew6vimocyncyw","Scalability test room","6ysaa10gr5jmocyndph","Community gardens strengthen neighborhood social bonds","1777038843045","sjn272sictmocyndpg","Community gardens strengthen neighborhood social bonds","1777038428865","1","false"
"fksripew6vimocyncyw","Scalability test room","99cx7n75i1gmocyndpg","Mixed-use zoning makes neighborhoods more livable","1777038848327","f3jrnyn5ljimocyndph","Mixed-use zoning makes neighborhoods more livable","1777038212394","1","false"
"fksripew6vimocyncyw","Scalability test room","gaq5igx8b9lmocyndph","Electric vehicle charging should be publicly funded","1777038857070","0iahd8bgt0nnmocyndph","Electric vehicle charging should be publicly funded","1777038233357","1","false"
"fksripew6vimocyncyw","Scalability test room","2resfvqyw07mocyndpg","Food trucks add vibrancy to urban commercial corridors","1777038857366","nm6lyi2gmmpmocyndph","Food trucks add vibrancy to urban commercial corridors","1777038259457","1","false"
"fksripew6vimocyncyw","Scalability test room","aj9wf44jaaamocyndph","Street parking fees should fund public transportation","1777038859359","53zoz9ljx38mocyndph","Street parking fees should fund public transportation","1777038214655","1","false"
"fksripew6vimocyncyw","Scalability test room","2levd914q3emocyndph","The city should invest more in public transit infrastructure","1777038861585","5yuaglu5wu9mocyndph","The city should invest more in public transit infrastructure","1777038303085","1","false"
"fksripew6vimocyncyw","Scalability test room","i34je8060jhmocyndpg","Remote work has permanently changed how we use office space","1777038863621","2l12sa9n8k8mocyndph","Remote work has permanently changed how we use office space","1777038235211","1","false"
"fksripew6vimocyncyw","Scalability test room","asyc5suwpqdmocyndph","Local businesses deserve priority over national chains","1777038866239","i8t7rph3eabmocyndph","Local businesses deserve priority over national chains","1777038211631","1","false"
"fksripew6vimocyncyw","Scalability test room","gv3rx2zgl6vmocyndph","Mixed-use zoning makes neighborhoods more livable","1777038872471","f3jrnyn5ljimocyndph","Mixed-use zoning makes neighborhoods more livable","1777038212394","1","false"
"fksripew6vimocyncyw","Scalability test room","7dkjgsgchgpmocyndph","Street parking fees should fund public transportation","1777038874544","53zoz9ljx38mocyndph","Street parking fees should fund public transportation","1777038214655","1","false"
"fksripew6vimocyncyw","Scalability test room","3uzmcncud3mocyndpg","Local businesses deserve priority over national chains","1777038880983","i8t7rph3eabmocyndph","Local businesses deserve priority over national chains","1777038211631","1","false"
"fksripew6vimocyncyw","Scalability test room","n3cyx65gzemocyndpg","Electric vehicle charging should be publicly funded","1777038885784","0iahd8bgt0nnmocyndph","Electric vehicle charging should be publicly funded","1777038233357","1","false"
"fksripew6vimocyncyw","Scalability test room","nkb1olyg5xmocyndpg","Local businesses deserve priority over national chains","1777038887048","i8t7rph3eabmocyndph","Local businesses deserve priority over national chains","1777038211631","1","false"
"fksripew6vimocyncyw","Scalability test room","q9p3k40lj1smocyndph","Street parking fees should fund public transportation","1777038889293","53zoz9ljx38mocyndph","Street parking fees should fund public transportation","1777038214655","1","false"
"fksripew6vimocyncyw","Scalability test room","skrpa3ftsafmocyndpg","Food trucks add vibrancy to urban commercial corridors","1777038896639","nm6lyi2gmmpmocyndph","Food trucks add vibrancy to urban commercial corridors","1777038259457","1","false"
"fksripew6vimocyncyw","Scalability test room","p7tm6arsyrmocyndph","Rent control protects long-term residents from displacement","1777038897152","0m2x18tokdfmocyndpg","Rent control protects long-term residents from displacement","1777038214129","1","false"
"fksripew6vimocyncyw","Scalability test room","vwulqidfwgimocyndpg","Green spaces improve mental health in urban environments","1777038897898","4et2f6n7jgtmocyndpg","Green spaces improve mental health in urban environments","1777038223040","1","false"
"fksripew6vimocyncyw","Scalability test room","rrshyyd0ddmocyndpg","Affordable housing quotas should apply to all new developments","1777038906844","ymwt7s753yemocyndph","Affordable housing quotas should apply to all new developments","1777038191245","1","false"
"fksripew6vimocyncyw","Scalability test room","x2t8oeaiteamocyndph","Affordable housing quotas should apply to all new developments","1777038907932","ymwt7s753yemocyndph","Affordable housing quotas should apply to all new developments","1777038191245","1","false"
"fksripew6vimocyncyw","Scalability test room","rn32eiyyuwamocyndpg","Local businesses deserve priority over national chains","1777038920895","i8t7rph3eabmocyndph","Local businesses deserve priority over national chains","1777038211631","1","false"
"fksripew6vimocyncyw","Scalability test room","touvf7tbatimocyndpg","Local businesses deserve priority over national chains","1777038922691","i8t7rph3eabmocyndph","Local businesses deserve priority over national chains","1777038211631","1","false"
"fksripew6vimocyncyw","Scalability test room","ys145lr2j8mocyndpg","Street parking fees should fund public transportation","1777038922903","53zoz9ljx38mocyndph","Street parking fees should fund public transportation","1777038214655","1","false"
"fksripew6vimocyncyw","Scalability test room","vq392ghi68dmocyndpg","The city should invest more in public transit infrastructure","1777038931980","5yuaglu5wu9mocyndph","The city should invest more in public transit infrastructure","1777038303085","1","false"
"fksripew6vimocyncyw","Scalability test room","hh3lix4hxd7mocyndph","Local businesses deserve priority over national chains","1777038934872","i8t7rph3eabmocyndph","Local businesses deserve priority over national chains","1777038211631","1","false"
"fksripew6vimocyncyw","Scalability test room","ugya3sgml9kmocyndph","Solar panels should be required on all new construction","1777038940690","n9wbepumm7smocyndph","Solar panels should be required on all new construction","1777038196508","1","false"
"fksripew6vimocyncyw","Scalability test room","lay018iidcmocyndpg","Green spaces improve mental health in urban environments","1777038942395","4et2f6n7jgtmocyndpg","Green spaces improve mental health in urban environments","1777038223040","1","false"
"fksripew6vimocyncyw","Scalability test room","5jdpm11yho4mocyndpg","Trees on residential streets should be protected by law","1777038946862","ou1m2ysw7rmocyndpg","Trees on residential streets should be protected by law","1777038208005","1","false"
"fksripew6vimocyncyw","Scalability test room","44sytkclrplmocyndpg","Historic preservation limits necessary urban growth","1777038949710","9lohmtyxcdlmocyndpg","Historic preservation limits necessary urban growth","1777038333348","1","false"
"fksripew6vimocyncyw","Scalability test room","6m9t7mpaqswmocyndpg","Solar panels should be required on all new construction","1777038959354","n9wbepumm7smocyndph","Solar panels should be required on all new construction","1777038196508","1","false"
"fksripew6vimocyncyw","Scalability test room","jtpgsvzh17qmocyndph","Bike lanes should replace parking on main streets","1777038960992","ktvy17do6ommocyndpg","Bike lanes should replace parking on main streets","1777038488482","1","false"
"fksripew6vimocyncyw","Scalability test room","jabmbtodnagmocyndpg","Mixed-use zoning makes neighborhoods more livable","1777038961079","f3jrnyn5ljimocyndph","Mixed-use zoning makes neighborhoods more livable","1777038212394","1","false"
"fksripew6vimocyncyw","Scalability test room","b38a34bweimmocyndph","Community gardens strengthen neighborhood social bonds","1777038961690","sjn272sictmocyndpg","Community gardens strengthen neighborhood social bonds","1777038428865","1","false"
"fksripew6vimocyncyw","Scalability test room","pn72np92p6nmocyndph","Green spaces improve mental health in urban environments","1777038972830","4et2f6n7jgtmocyndpg","Green spaces improve mental health in urban environments","1777038223040","1","false"
"fksripew6vimocyncyw","Scalability test room","3oxjuitof24mocyndpg","Community gardens strengthen neighborhood social bonds","1777038981114","sjn272sictmocyndpg","Community gardens strengthen neighborhood social bonds","1777038428865","1","false"
"fksripew6vimocyncyw","Scalability test room","s4xz9v8ut4cmocyndpg","Historic preservation limits necessary urban growth","1777038983463","9lohmtyxcdlmocyndpg","Historic preservation limits necessary urban growth","1777038333348","1","false"
"fksripew6vimocyncyw","Scalability test room","thldipxg4mmmocyndpg","Affordable housing quotas should apply to all new developments","1777038983691","ymwt7s753yemocyndph","Affordable housing quotas should apply to all new developments","1777038191245","1","false"
"fksripew6vimocyncyw","Scalability test room","mz7gxhr5rnmocyndpg","Food trucks add vibrancy to urban commercial corridors","1777038984212","nm6lyi2gmmpmocyndph","Food trucks add vibrancy to urban commercial corridors","1777038259457","1","false"
"fksripew6vimocyncyw","Scalability test room","2iq0fwx0anamocyndpg","Bike lanes should replace parking on main streets","1777038984639","ktvy17do6ommocyndpg","Bike lanes should replace parking on main streets","1777038488482","1","false"
"fksripew6vimocyncyw","Scalability test room","16te7ww2r9wmocyndpg","Trees on residential streets should be protected by law","1777038987436","ou1m2ysw7rmocyndpg","Trees on residential streets should be protected by law","1777038208005","1","false"
"fksripew6vimocyncyw","Scalability test room","peofq00ubsmocyndph","Food trucks add vibrancy to urban commercial corridors","1777038992017","nm6lyi2gmmpmocyndph","Food trucks add vibrancy to urban commercial corridors","1777038259457","1","false"
"fksripew6vimocyncyw","Scalability test room","iy9o2zwypr8mocyndpg","Local businesses deserve priority over national chains","1777038992972","i8t7rph3eabmocyndph","Local businesses deserve priority over national chains","1777038211631","1","false"
"fksripew6vimocyncyw","Scalability test room","zsdccckd36mocyndpg","Solar panels should be required on all new construction","1777038993954","n9wbepumm7smocyndph","Solar panels should be required on all new construction","1777038196508","1","false"
"fksripew6vimocyncyw","Scalability test room","bf8sx8ojatdmocyndph","Solar panels should be required on all new construction","1777038996402","n9wbepumm7smocyndph","Solar panels should be required on all new construction","1777038196508","1","false"
"fksripew6vimocyncyw","Scalability test room","m8q9767i9dkmocyndph","Electric vehicle charging should be publicly funded","1777038998030","0iahd8bgt0nnmocyndph","Electric vehicle charging should be publicly funded","1777038233357","1","false"
"fksripew6vimocyncyw","Scalability test room","c64dnymziomocyndpg","Rent control protects long-term residents from displacement","1777039005576","0m2x18tokdfmocyndpg","Rent control protects long-term residents from displacement","1777038214129","1","false"
"fksripew6vimocyncyw","Scalability test room","hu7k2ycf24umocyndpg","Noise ordinances should be stricter in residential zones","1777039006070","hrmyaoizjhpmocyndpg","Noise ordinances should be stricter in residential zones","1777038185569","1","false"
"fksripew6vimocyncyw","Scalability test room","9o9voq4mfyjmocyndpg","Local businesses deserve priority over national chains","1777039008326","i8t7rph3eabmocyndph","Local businesses deserve priority over national chains","1777038211631","1","false"
"fksripew6vimocyncyw","Scalability test room","w1r6e5p0xrmocyndph","Pedestrian-first street design reduces traffic accidents","1777039010162","38jtdv5c7lfmocyndph","Pedestrian-first street design reduces traffic accidents","1777038277030","1","false"
"fksripew6vimocyncyw","Scalability test room","qc5hm2fi2lqmocyndpg","Bike lanes should replace parking on main streets","1777039011217","ktvy17do6ommocyndpg","Bike lanes should replace parking on main streets","1777038488482","1","false"
"fksripew6vimocyncyw","Scalability test room","zux1gddp2amocyndph","Food trucks add vibrancy to urban commercial corridors","1777039019140","nm6lyi2gmmpmocyndph","Food trucks add vibrancy to urban commercial corridors","1777038259457","1","false"
"fksripew6vimocyncyw","Scalability test room","5pw6zd2izr4mocyndph","Electric vehicle charging should be publicly funded","1777039029567","0iahd8bgt0nnmocyndph","Electric vehicle charging should be publicly funded","1777038233357","1","false"
"fksripew6vimocyncyw","Scalability test room","wleytf4g91mocyndph","Farmers markets support local food systems","1777039030355","7i7mz09octmocyndpg","Farmers markets support local food systems","1777038297563","1","false"
"fksripew6vimocyncyw","Scalability test room","7cziokgtux4mocyndpg","Remote work has permanently changed how we use office space","1777039031212","2l12sa9n8k8mocyndph","Remote work has permanently changed how we use office space","1777038235211","1","false"
"fksripew6vimocyncyw","Scalability test room","28lm5u90mxemocyndph","Bike lanes should replace parking on main streets","1777039032300","ktvy17do6ommocyndpg","Bike lanes should replace parking on main streets","1777038488482","1","false"
"fksripew6vimocyncyw","Scalability test room","sj42kyecv5emocyndpg","Pedestrian-first street design reduces traffic accidents","1777039034214","38jtdv5c7lfmocyndph","Pedestrian-first street design reduces traffic accidents","1777038277030","1","false"
"fksripew6vimocyncyw","Scalability test room","ir0fhyv649smocyndph","Street parking fees should fund public transportation","1777039042168","53zoz9ljx38mocyndph","Street parking fees should fund public transportation","1777038214655","1","false"
"fksripew6vimocyncyw","Scalability test room","pjm39gjdhmfmocyndpg","Mixed-use zoning makes neighborhoods more livable","1777039042377","f3jrnyn5ljimocyndph","Mixed-use zoning makes neighborhoods more livable","1777038212394","1","false"
"fksripew6vimocyncyw","Scalability test room","4s2qo537cgsmocyndph","Green spaces improve mental health in urban environments","1777039043324","4et2f6n7jgtmocyndpg","Green spaces improve mental health in urban environments","1777038223040","1","false"
"fksripew6vimocyncyw","Scalability test room","zjh9mndj6zmmocyndpg","Green spaces improve mental health in urban environments","1777039045856","4et2f6n7jgtmocyndpg","Green spaces improve mental health in urban environments","1777038223040","1","false"
"fksripew6vimocyncyw","Scalability test room","g2lcbkw3jfkmocyndph","Public libraries are essential community infrastructure","1777039051404","a8un82hevjmocyndph","Public libraries are essential community infrastructure","1777038298788","1","false"
"fksripew6vimocyncyw","Scalability test room","z919n44yrzmocyndpg","Green spaces improve mental health in urban environments","1777039055009","4et2f6n7jgtmocyndpg","Green spaces improve mental health in urban environments","1777038223040","1","false"
"fksripew6vimocyncyw","Scalability test room","2l2g28bkytemocyndpg","Solar panels should be required on all new construction","1777039057011","n9wbepumm7smocyndph","Solar panels should be required on all new construction","1777038196508","1","false"
"fksripew6vimocyncyw","Scalability test room","n6p2dsh7jspmocyndpg","Urban density reduces per-capita carbon footprint","1777039057177","vijo8zfil3mocyndph","Urban density reduces per-capita carbon footprint","1777038231228","1","false"
"fksripew6vimocyncyw","Scalability test room","k5k7vnylyalmocyndpg","Food trucks add vibrancy to urban commercial corridors","1777039057603","nm6lyi2gmmpmocyndph","Food trucks add vibrancy to urban commercial corridors","1777038259457","1","false"
"fksripew6vimocyncyw","Scalability test room","eswuw32mfggmocyndph","Remote work has permanently changed how we use office space","1777039060658","2l12sa9n8k8mocyndph","Remote work has permanently changed how we use office space","1777038235211","1","false"
"fksripew6vimocyncyw","Scalability test room","jnyocmfdnegmocyndpg","Affordable housing quotas should apply to all new developments","1777039063176","ymwt7s753yemocyndph","Affordable housing quotas should apply to all new developments","1777038191245","1","false"
"fksripew6vimocyncyw","Scalability test room","9s33o65st1cmocyndpg","Farmers markets support local food systems","1777039064742","7i7mz09octmocyndpg","Farmers markets support local food systems","1777038297563","1","false"
"fksripew6vimocyncyw","Scalability test room","aups66272fnmocyndpg","Affordable housing quotas should apply to all new developments","1777039072200","ymwt7s753yemocyndph","Affordable housing quotas should apply to all new developments","1777038191245","1","false"
"fksripew6vimocyncyw","Scalability test room","tdw89vxoi3mocyndph","The city should invest more in public transit infrastructure","1777039091489","5yuaglu5wu9mocyndph","The city should invest more in public transit infrastructure","1777038303085","1","false"
"fksripew6vimocyncyw","Scalability test room","p2o5fs23a8mocyndph","Farmers markets support local food systems","1777039093317","7i7mz09octmocyndpg","Farmers markets support local food systems","1777038297563","1","false"
"fksripew6vimocyncyw","Scalability test room","uar60y9q84pmocyndpg","Rent control protects long-term residents from displacement","1777039094900","0m2x18tokdfmocyndpg","Rent control protects long-term residents from displacement","1777038214129","1","false"
"fksripew6vimocyncyw","Scalability test room","4w3x3aw8jbwmocyndph","Historic preservation limits necessary urban growth","1777039096984","9lohmtyxcdlmocyndpg","Historic preservation limits necessary urban growth","1777038333348","1","false"
"fksripew6vimocyncyw","Scalability test room","wqcsgb80kgmocyndpg","Urban density reduces per-capita carbon footprint","1777039099874","vijo8zfil3mocyndph","Urban density reduces per-capita carbon footprint","1777038231228","1","false"
"fksripew6vimocyncyw","Scalability test room","9r37lubbp0fmocyndpg","Historic preservation limits necessary urban growth","1777039104185","9lohmtyxcdlmocyndpg","Historic preservation limits necessary urban growth","1777038333348","1","false"
"fksripew6vimocyncyw","Scalability test room","xcc9akrdagfmocyndph","Green spaces improve mental health in urban environments","1777039106832","4et2f6n7jgtmocyndpg","Green spaces improve mental health in urban environments","1777038223040","1","false"
"fksripew6vimocyncyw","Scalability test room","lzqnh88mccmocyndpg","Local businesses deserve priority over national chains","1777039108373","i8t7rph3eabmocyndph","Local businesses deserve priority over national chains","1777038211631","1","false"
"fksripew6vimocyncyw","Scalability test room","ivk3b8k0fcqmocyndpg","Mixed-use zoning makes neighborhoods more livable","1777039114756","f3jrnyn5ljimocyndph","Mixed-use zoning makes neighborhoods more livable","1777038212394","1","false"
"fksripew6vimocyncyw","Scalability test room","ff31zferw7amocyndpg","Bike lanes should replace parking on main streets","1777039124019","ktvy17do6ommocyndpg","Bike lanes should replace parking on main streets","1777038488482","1","false"
"fksripew6vimocyncyw","Scalability test room","8yzqvdk00znmocyndph","Community gardens strengthen neighborhood social bonds","1777039125183","sjn272sictmocyndpg","Community gardens strengthen neighborhood social bonds","1777038428865","1","false"
"fksripew6vimocyncyw","Scalability test room","aw3xd471vhamocyndph","Local businesses deserve priority over national chains","1777039128333","i8t7rph3eabmocyndph","Local businesses deserve priority over national chains","1777038211631","1","false"
"fksripew6vimocyncyw","Scalability test room","aqh171bshncmocyndph","Community gardens strengthen neighborhood social bonds","1777039137864","sjn272sictmocyndpg","Community gardens strengthen neighborhood social bonds","1777038428865","1","false"
"fksripew6vimocyncyw","Scalability test room","ezwbqq8vcl6mocyndph","Noise ordinances should be stricter in residential zones","1777039141126","hrmyaoizjhpmocyndpg","Noise ordinances should be stricter in residential zones","1777038185569","1","false"
"fksripew6vimocyncyw","Scalability test room","qesud5cn90kmocyndpg","Street parking fees should fund public transportation","1777039143407","53zoz9ljx38mocyndph","Street parking fees should fund public transportation","1777038214655","1","false"
"fksripew6vimocyncyw","Scalability test room","796rce5r31mocyndpg","Community gardens strengthen neighborhood social bonds","1777039144764","sjn272sictmocyndpg","Community gardens strengthen neighborhood social bonds","1777038428865","1","false"
"fksripew6vimocyncyw","Scalability test room","qm38q40h7gmocyndph","Rent control protects long-term residents from displacement","1777039150664","0m2x18tokdfmocyndpg","Rent control protects long-term residents from displacement","1777038214129","1","false"
"fksripew6vimocyncyw","Scalability test room","367vsbau6usmocyndpg","Bike lanes should replace parking on main streets","1777039151725","ktvy17do6ommocyndpg","Bike lanes should replace parking on main streets","1777038488482","1","false"
"fksripew6vimocyncyw","Scalability test room","j7aryyhxydfmocyndpg","Urban density reduces per-capita carbon footprint","1777039159495","vijo8zfil3mocyndph","Urban density reduces per-capita carbon footprint","1777038231228","1","false"
"fksripew6vimocyncyw","Scalability test room","jzkm4zd7vhamocyndpg","Remote work has permanently changed how we use office space","1777039161811","2l12sa9n8k8mocyndph","Remote work has permanently changed how we use office space","1777038235211","1","false"
"fksripew6vimocyncyw","Scalability test room","9awkbcinza5mocyndph","Mixed-use zoning makes neighborhoods more livable","1777039162780","f3jrnyn5ljimocyndph","Mixed-use zoning makes neighborhoods more livable","1777038212394","1","false"
"fksripew6vimocyncyw","Scalability test room","ulg3zo1hs1mocyndph","Farmers markets support local food systems","1777039164741","7i7mz09octmocyndpg","Farmers markets support local food systems","1777038297563","1","false"
"fksripew6vimocyncyw","Scalability test room","yg9m7hj9aymocyndpg","Historic preservation limits necessary urban growth","1777039166299","9lohmtyxcdlmocyndpg","Historic preservation limits necessary urban growth","1777038333348","1","false"
"fksripew6vimocyncyw","Scalability test room","ver80fgn33bmocyndph","Farmers markets support local food systems","1777039168851","7i7mz09octmocyndpg","Farmers markets support local food systems","1777038297563","1","false"
"fksripew6vimocyncyw","Scalability test room","j8cjnhabk4mocyndph","Public libraries are essential community infrastructure","1777039173176","a8un82hevjmocyndph","Public libraries are essential community infrastructure","1777038298788","1","false"
"fksripew6vimocyncyw","Scalability test room","u7czbhjbckmocyndpg","Electric vehicle charging should be publicly funded","1777039174482","0iahd8bgt0nnmocyndph","Electric vehicle charging should be publicly funded","1777038233357","1","false"
"fksripew6vimocyncyw","Scalability test room","dlcbvh5fwqmocyndpg","Rent control protects long-term residents from displacement","1777039175555","0m2x18tokdfmocyndpg","Rent control protects long-term residents from displacement","1777038214129","1","false"
"fksripew6vimocyncyw","Scalability test room","165z67yebqhmocyndph","Rent control protects long-term residents from displacement","1777039186654","0m2x18tokdfmocyndpg","Rent control protects long-term residents from displacement","1777038214129","1","false"
"fksripew6vimocyncyw","Scalability test room","g6uarg9he3mocyndpg","Solar panels should be required on all new construction","1777039187763","n9wbepumm7smocyndph","Solar panels should be required on all new construction","1777038196508","1","false"
"fksripew6vimocyncyw","Scalability test room","8t9625v4ti4mocyndph","Farmers markets support local food systems","1777039193951","7i7mz09octmocyndpg","Farmers markets support local food systems","1777038297563","1","false"
"fksripew6vimocyncyw","Scalability test room","krjyd1wnxnmocyndpg","Electric vehicle charging should be publicly funded","1777039197296","0iahd8bgt0nnmocyndph","Electric vehicle charging should be publicly funded","1777038233357","1","false"
"fksripew6vimocyncyw","Scalability test room","8dr3xqbjr95mocyndpg","Local businesses deserve priority over national chains","1777039201220","i8t7rph3eabmocyndph","Local businesses deserve priority over national chains","1777038211631","1","false"
"fksripew6vimocyncyw","Scalability test room","cy4cv73tvximocyndpg","Food trucks add vibrancy to urban commercial corridors","1777039201443","nm6lyi2gmmpmocyndph","Food trucks add vibrancy to urban commercial corridors","1777038259457","1","false"
"fksripew6vimocyncyw","Scalability test room","kldkupmqwrmocyndpg","Bike lanes should replace parking on main streets","1777039204647","ktvy17do6ommocyndpg","Bike lanes should replace parking on main streets","1777038488482","1","false"
"fksripew6vimocyncyw","Scalability test room","omq3e3oeh7smocyndph","Rent control protects long-term residents from displacement","1777039208963","0m2x18tokdfmocyndpg","Rent control protects long-term residents from displacement","1777038214129","1","false"
"fksripew6vimocyncyw","Scalability test room","xc05v9rtgh9mocyndpg","Mixed-use zoning makes neighborhoods more livable","1777039209834","f3jrnyn5ljimocyndph","Mixed-use zoning makes neighborhoods more livable","1777038212394","1","false"
"fksripew6vimocyncyw","Scalability test room","7u373i4mqymmocyndph","Historic preservation limits necessary urban growth","1777039216039","9lohmtyxcdlmocyndpg","Historic preservation limits necessary urban growth","1777038333348","1","false"
"fksripew6vimocyncyw","Scalability test room","xuq0xf9utkrmocyndpg","Street parking fees should fund public transportation","1777039216598","53zoz9ljx38mocyndph","Street parking fees should fund public transportation","1777038214655","1","false"
"fksripew6vimocyncyw","Scalability test room","iq8w9bsrxbmocyndpg","Rent control protects long-term residents from displacement","1777039217978","0m2x18tokdfmocyndpg","Rent control protects long-term residents from displacement","1777038214129","1","false"
"fksripew6vimocyncyw","Scalability test room","v4rh7sv3onamocyndph","Affordable housing quotas should apply to all new developments","1777039218566","ymwt7s753yemocyndph","Affordable housing quotas should apply to all new developments","1777038191245","1","false"
"fksripew6vimocyncyw","Scalability test room","uqf7zdr1wxcmocyndpi","Bike lanes should replace parking on main streets","1777039226017","ktvy17do6ommocyndpg","Bike lanes should replace parking on main streets","1777038488482","1","false"
"fksripew6vimocyncyw","Scalability test room","gkyn8g70wf6mocyndph","Bike lanes should replace parking on main streets","1777039228786","ktvy17do6ommocyndpg","Bike lanes should replace parking on main streets","1777038488482","1","false"
"fksripew6vimocyncyw","Scalability test room","n7ea0ntr2emocyndpg","Urban density reduces per-capita carbon footprint","1777039229062","vijo8zfil3mocyndph","Urban density reduces per-capita carbon footprint","1777038231228","1","false"
"fksripew6vimocyncyw","Scalability test room","wuf1p9vd92mocyndpg","Rent control protects long-term residents from displacement","1777039230452","0m2x18tokdfmocyndpg","Rent control protects long-term residents from displacement","1777038214129","1","false"
"fksripew6vimocyncyw","Scalability test room","unuopdzu7zsmocyndpg","Food trucks add vibrancy to urban commercial corridors","1777039232436","nm6lyi2gmmpmocyndph","Food trucks add vibrancy to urban commercial corridors","1777038259457","1","false"
"fksripew6vimocyncyw","Scalability test room","chfga4himekmocyndpg","Local businesses deserve priority over national chains","1777039232468","i8t7rph3eabmocyndph","Local businesses deserve priority over national chains","1777038211631","1","false"
"fksripew6vimocyncyw","Scalability test room","enxwrkhg7namocyndph","Bike lanes should replace parking on main streets","1777039236497","ktvy17do6ommocyndpg","Bike lanes should replace parking on main streets","1777038488482","1","false"
"fksripew6vimocyncyw","Scalability test room","4hyd3uzvg3jmocyndpg","Trees on residential streets should be protected by law","1777039240403","ou1m2ysw7rmocyndpg","Trees on residential streets should be protected by law","1777038208005","1","false"
"fksripew6vimocyncyw","Scalability test room","0lx8ilqfrkmmocyndpg","Trees on residential streets should be protected by law","1777039244514","ou1m2ysw7rmocyndpg","Trees on residential streets should be protected by law","1777038208005","1","false"
"fksripew6vimocyncyw","Scalability test room","2jg17fadjjdmocyndpg","Public libraries are essential community infrastructure","1777039244982","a8un82hevjmocyndph","Public libraries are essential community infrastructure","1777038298788","1","false"
"fksripew6vimocyncyw","Scalability test room","ux47hj5bvesmocyndpg","The city should invest more in public transit infrastructure","1777039253188","5yuaglu5wu9mocyndph","The city should invest more in public transit infrastructure","1777038303085","1","false"
"fksripew6vimocyncyw","Scalability test room","rdb7xr402njmocyndph","The city should invest more in public transit infrastructure","1777039256797","5yuaglu5wu9mocyndph","The city should invest more in public transit infrastructure","1777038303085","1","false"
"fksripew6vimocyncyw","Scalability test room","f6c792meelpmocyndph","Mixed-use zoning makes neighborhoods more livable","1777039261212","f3jrnyn5ljimocyndph","Mixed-use zoning makes neighborhoods more livable","1777038212394","1","false"
"fksripew6vimocyncyw","Scalability test room","c19f5479bknmocyndph","Trees on residential streets should be protected by law","1777039270661","ou1m2ysw7rmocyndpg","Trees on residential streets should be protected by law","1777038208005","1","false"
"fksripew6vimocyncyw","Scalability test room","t9t1mx12b4emocyndpg","Historic preservation limits necessary urban growth","1777039281451","9lohmtyxcdlmocyndpg","Historic preservation limits necessary urban growth","1777038333348","1","false"
"fksripew6vimocyncyw","Scalability test room","p5gcas5b5nnmocyndpg","Electric vehicle charging should be publicly funded","1777039284223","0iahd8bgt0nnmocyndph","Electric vehicle charging should be publicly funded","1777038233357","1","false"
"fksripew6vimocyncyw","Scalability test room","malwtzhdr4cmocyndph","Rent control protects long-term residents from displacement","1777039285915","0m2x18tokdfmocyndpg","Rent control protects long-term residents from displacement","1777038214129","1","false"
"fksripew6vimocyncyw","Scalability test room","zvrl38lcpjrmocyndph","Public libraries are essential community infrastructure","1777039290162","a8un82hevjmocyndph","Public libraries are essential community infrastructure","1777038298788","1","false"
"fksripew6vimocyncyw","Scalability test room","zf33l5vg1nmocyndpg","Remote work has permanently changed how we use office space","1777039294397","2l12sa9n8k8mocyndph","Remote work has permanently changed how we use office space","1777038235211","1","false"
"fksripew6vimocyncyw","Scalability test room","30eszsv0w7dmocyndph","Food trucks add vibrancy to urban commercial corridors","1777039294817","nm6lyi2gmmpmocyndph","Food trucks add vibrancy to urban commercial corridors","1777038259457","1","false"
"fksripew6vimocyncyw","Scalability test room","vt3o2viig4nmocyndph","Noise ordinances should be stricter in residential zones","1777039295099","hrmyaoizjhpmocyndpg","Noise ordinances should be stricter in residential zones","1777038185569","1","false"
"fksripew6vimocyncyw","Scalability test room","0pzl7mpc249mocyndph","Solar panels should be required on all new construction","1777039300032","n9wbepumm7smocyndph","Solar panels should be required on all new construction","1777038196508","1","false"
"fksripew6vimocyncyw","Scalability test room","46jul1u37m1mocyndph","Mixed-use zoning makes neighborhoods more livable","1777039301234","f3jrnyn5ljimocyndph","Mixed-use zoning makes neighborhoods more livable","1777038212394","1","false"
"fksripew6vimocyncyw","Scalability test room","56orphivl94mocyndpg","Urban density reduces per-capita carbon footprint","1777039310350","vijo8zfil3mocyndph","Urban density reduces per-capita carbon footprint","1777038231228","1","false"
"fksripew6vimocyncyw","Scalability test room","w85smh1apcmocyndpg","Noise ordinances should be stricter in residential zones","1777039310739","hrmyaoizjhpmocyndpg","Noise ordinances should be stricter in residential zones","1777038185569","1","false"
"fksripew6vimocyncyw","Scalability test room","oitxldzwuwamocyndpg","Urban density reduces per-capita carbon footprint","1777039313494","vijo8zfil3mocyndph","Urban density reduces per-capita carbon footprint","1777038231228","1","false"
"fksripew6vimocyncyw","Scalability test room","t8uwwddse3mocyndpg","Pedestrian-first street design reduces traffic accidents","1777039313559","38jtdv5c7lfmocyndph","Pedestrian-first street design reduces traffic accidents","1777038277030","1","false"
"fksripew6vimocyncyw","Scalability test room","a258pqdezomocyndpg","Street parking fees should fund public transportation","1777039315738","53zoz9ljx38mocyndph","Street parking fees should fund public transportation","1777038214655","1","false"
"fksripew6vimocyncyw","Scalability test room","s0i145ojmfdmocyndph","Affordable housing quotas should apply to all new developments","1777039324009","ymwt7s753yemocyndph","Affordable housing quotas should apply to all new developments","1777038191245","1","false"
"fksripew6vimocyncyw","Scalability test room","v85xng8rirhmocyndpi","Rent control protects long-term residents from displacement","1777039328508","0m2x18tokdfmocyndpg","Rent control protects long-term residents from displacement","1777038214129","1","false"
"fksripew6vimocyncyw","Scalability test room","a9442kxfnz9mocyndph","Solar panels should be required on all new construction","1777039329863","n9wbepumm7smocyndph","Solar panels should be required on all new construction","1777038196508","1","false"
"fksripew6vimocyncyw","Scalability test room","aflexyj6aaomocyndpg","Public libraries are essential community infrastructure","1777039331889","a8un82hevjmocyndph","Public libraries are essential community infrastructure","1777038298788","1","false"
"fksripew6vimocyncyw","Scalability test room","98q27bu51amocyndph","Farmers markets support local food systems","1777039333858","7i7mz09octmocyndpg","Farmers markets support local food systems","1777038297563","1","false"
"fksripew6vimocyncyw","Scalability test room","ikyu30s545omocyndph","Local businesses deserve priority over national chains","1777039340902","i8t7rph3eabmocyndph","Local businesses deserve priority over national chains","1777038211631","1","false"
"fksripew6vimocyncyw","Scalability test room","74zo3z5revnmocyndph","Solar panels should be required on all new construction","1777039342459","n9wbepumm7smocyndph","Solar panels should be required on all new construction","1777038196508","1","false"
"fksripew6vimocyncyw","Scalability test room","jq1c08oo0gmocyndpg","Farmers markets support local food systems","1777039344252","7i7mz09octmocyndpg","Farmers markets support local food systems","1777038297563","1","false"
"fksripew6vimocyncyw","Scalability test room","e82mpwjyi4qmocyndph","Electric vehicle charging should be publicly funded","1777039344839","0iahd8bgt0nnmocyndph","Electric vehicle charging should be publicly funded","1777038233357","1","false"
"fksripew6vimocyncyw","Scalability test room","wdwjm94g7dmocyndph","Historic preservation limits necessary urban growth","1777039346007","9lohmtyxcdlmocyndpg","Historic preservation limits necessary urban growth","1777038333348","1","false"
"fksripew6vimocyncyw","Scalability test room","4a9puzsm6lmmocyndpg","Electric vehicle charging should be publicly funded","1777039350411","0iahd8bgt0nnmocyndph","Electric vehicle charging should be publicly funded","1777038233357","1","false"
"fksripew6vimocyncyw","Scalability test room","wtbixf2hnnmocyndpg","Bike lanes should replace parking on main streets","1777039351479","ktvy17do6ommocyndpg","Bike lanes should replace parking on main streets","1777038488482","1","false"
"fksripew6vimocyncyw","Scalability test room","oaq9d9vapujmocyndph","Farmers markets support local food systems","1777039357141","7i7mz09octmocyndpg","Farmers markets support local food systems","1777038297563","1","false"
"fksripew6vimocyncyw","Scalability test room","x9ayqck9vemocyndpg","Urban density reduces per-capita carbon footprint","1777039363346","vijo8zfil3mocyndph","Urban density reduces per-capita carbon footprint","1777038231228","1","false"
"fksripew6vimocyncyw","Scalability test room","jkvx2dhiddfmocyndph","Rent control protects long-term residents from displacement","1777039365433","0m2x18tokdfmocyndpg","Rent control protects long-term residents from displacement","1777038214129","1","false"
"fksripew6vimocyncyw","Scalability test room","ar46jyswwqmmocyndph","Remote work has permanently changed how we use office space","1777039366283","2l12sa9n8k8mocyndph","Remote work has permanently changed how we use office space","1777038235211","1","false"
"fksripew6vimocyncyw","Scalability test room","clmp28kq4vomocyndph","Street parking fees should fund public transportation","1777039372314","53zoz9ljx38mocyndph","Street parking fees should fund public transportation","1777038214655","1","false"
"fksripew6vimocyncyw","Scalability test room","jbcy4d8ppmmocyndph","Bike lanes should replace parking on main streets","1777039373601","ktvy17do6ommocyndpg","Bike lanes should replace parking on main streets","1777038488482","1","false"
"fksripew6vimocyncyw","Scalability test room","axl1m0ld7rmocyndpg","Noise ordinances should be stricter in residential zones","1777039377894","hrmyaoizjhpmocyndpg","Noise ordinances should be stricter in residential zones","1777038185569","1","false"
"fksripew6vimocyncyw","Scalability test room","h0824def5vcmocyndph","Trees on residential streets should be protected by law","1777039378084","ou1m2ysw7rmocyndpg","Trees on residential streets should be protected by law","1777038208005","1","false"
"fksripew6vimocyncyw","Scalability test room","7398faquukemocyndpi","Solar panels should be required on all new construction","1777039381524","n9wbepumm7smocyndph","Solar panels should be required on all new construction","1777038196508","1","false"
"fksripew6vimocyncyw","Scalability test room","jlhvmkb75qcmocyndpg","Rent control protects long-term residents from displacement","1777039391180","0m2x18tokdfmocyndpg","Rent control protects long-term residents from displacement","1777038214129","1","false"
"fksripew6vimocyncyw","Scalability test room","hn3e5qupet7mocyndpg","Public libraries are essential community infrastructure","1777039392880","a8un82hevjmocyndph","Public libraries are essential community infrastructure","1777038298788","1","false"
"fksripew6vimocyncyw","Scalability test room","93f7v42fz14mocyndpg","Street parking fees should fund public transportation","1777039393104","53zoz9ljx38mocyndph","Street parking fees should fund public transportation","1777038214655","1","false"
"fksripew6vimocyncyw","Scalability test room","y8f5g3cw2nmocyndpg","Remote work has permanently changed how we use office space","1777039396774","2l12sa9n8k8mocyndph","Remote work has permanently changed how we use office space","1777038235211","1","false"
"fksripew6vimocyncyw","Scalability test room","yh5r892kuxkmocyndpg","Street parking fees should fund public transportation","1777039398093","53zoz9ljx38mocyndph","Street parking fees should fund public transportation","1777038214655","1","false"
"fksripew6vimocyncyw","Scalability test room","ajc0i88vnwmocyndpg","Historic preservation limits necessary urban growth","1777039399611","9lohmtyxcdlmocyndpg","Historic preservation limits necessary urban growth","1777038333348","1","false"
"fksripew6vimocyncyw","Scalability test room","v1d2ofm0kymocyndph","Local businesses deserve priority over national chains","1777039400490","i8t7rph3eabmocyndph","Local businesses deserve priority over national chains","1777038211631","1","false"
"fksripew6vimocyncyw","Scalability test room","9nk0ti7xssmocyndph","Mixed-use zoning makes neighborhoods more livable","1777039400942","f3jrnyn5ljimocyndph","Mixed-use zoning makes neighborhoods more livable","1777038212394","1","false"
"fksripew6vimocyncyw","Scalability test room","nosrtlnauomocyndpg","Mixed-use zoning makes neighborhoods more livable","1777039404039","f3jrnyn5ljimocyndph","Mixed-use zoning makes neighborhoods more livable","1777038212394","1","false"
"fksripew6vimocyncyw","Scalability test room","mf9m18ilffmocyndpg","Mixed-use zoning makes neighborhoods more livable","1777039404113","f3jrnyn5ljimocyndph","Mixed-use zoning makes neighborhoods more livable","1777038212394","1","false"
"fksripew6vimocyncyw","Scalability test room","fnqnvz5jb2nmocyndph","Trees on residential streets should be protected by law","1777039408121","ou1m2ysw7rmocyndpg","Trees on residential streets should be protected by law","1777038208005","1","false"
"fksripew6vimocyncyw","Scalability test room","age71rp4aotmocyndpg","Affordable housing quotas should apply to all new developments","1777039416665","ymwt7s753yemocyndph","Affordable housing quotas should apply to all new developments","1777038191245","1","false"
"fksripew6vimocyncyw","Scalability test room","xj9mcufccsmocyndph","Pedestrian-first street design reduces traffic accidents","1777039419097","38jtdv5c7lfmocyndph","Pedestrian-first street design reduces traffic accidents","1777038277030","1","false"
"fksripew6vimocyncyw","Scalability test room","iyn7x28qmygmocyndph","Noise ordinances should be stricter in residential zones","1777039423187","hrmyaoizjhpmocyndpg","Noise ordinances should be stricter in residential zones","1777038185569","1","false"
"fksripew6vimocyncyw","Scalability test room","tgqel7qzjbemocyndph","Affordable housing quotas should apply to all new developments","1777039425466","ymwt7s753yemocyndph","Affordable housing quotas should apply to all new developments","1777038191245","1","false"
"fksripew6vimocyncyw","Scalability test room","itijtj1977mocyndph","Farmers markets support local food systems","1777039427448","7i7mz09octmocyndpg","Farmers markets support local food systems","1777038297563","1","false"
"fksripew6vimocyncyw","Scalability test room","ykyv6v5r1lrmocyndpg","Solar panels should be required on all new construction","1777039428906","n9wbepumm7smocyndph","Solar panels should be required on all new construction","1777038196508","1","false"
"fksripew6vimocyncyw","Scalability test room","x0kz0bnd9rqmocyndpg","Noise ordinances should be stricter in residential zones","1777039428991","hrmyaoizjhpmocyndpg","Noise ordinances should be stricter in residential zones","1777038185569","1","false"
"fksripew6vimocyncyw","Scalability test room","6v4d5u9yod7mocyndpg","The city should invest more in public transit infrastructure","1777039435055","5yuaglu5wu9mocyndph","The city should invest more in public transit infrastructure","1777038303085","1","false"
"fksripew6vimocyncyw","Scalability test room","zy1l3lel7fmocyndpg","Affordable housing quotas should apply to all new developments","1777039439773","ymwt7s753yemocyndph","Affordable housing quotas should apply to all new developments","1777038191245","1","false"
"fksripew6vimocyncyw","Scalability test room","miqo0u746lmocyndph","Farmers markets support local food systems","1777039442135","7i7mz09octmocyndpg","Farmers markets support local food systems","1777038297563","1","false"
"fksripew6vimocyncyw","Scalability test room","y4uubkxxf38mocyndpg","Street parking fees should fund public transportation","1777039442207","53zoz9ljx38mocyndph","Street parking fees should fund public transportation","1777038214655","1","false"
"fksripew6vimocyncyw","Scalability test room","ho8xysoaz49mocyndpg","The city should invest more in public transit infrastructure","1777039448814","5yuaglu5wu9mocyndph","The city should invest more in public transit infrastructure","1777038303085","1","false"
"fksripew6vimocyncyw","Scalability test room","1ijpdd51ee2mocyndph","Street parking fees should fund public transportation","1777039449484","53zoz9ljx38mocyndph","Street parking fees should fund public transportation","1777038214655","1","false"
"fksripew6vimocyncyw","Scalability test room","zii8yums9vlmocyndpi","Farmers markets support local food systems","1777039453975","7i7mz09octmocyndpg","Farmers markets support local food systems","1777038297563","1","false"
"fksripew6vimocyncyw","Scalability test room","vejev1fx24rmocyndpg","Food trucks add vibrancy to urban commercial corridors","1777039466255","nm6lyi2gmmpmocyndph","Food trucks add vibrancy to urban commercial corridors","1777038259457","1","false"
"fksripew6vimocyncyw","Scalability test room","4n8huoxlgohmocyndpg","Farmers markets support local food systems","1777039467538","7i7mz09octmocyndpg","Farmers markets support local food systems","1777038297563","1","false"
"fksripew6vimocyncyw","Scalability test room","tmba7uh135mocyndpg","Trees on residential streets should be protected by law","1777039469230","ou1m2ysw7rmocyndpg","Trees on residential streets should be protected by law","1777038208005","1","false"
"fksripew6vimocyncyw","Scalability test room","8djgo42if2kmocyndph","Community gardens strengthen neighborhood social bonds","1777039471646","sjn272sictmocyndpg","Community gardens strengthen neighborhood social bonds","1777038428865","1","false"
"fksripew6vimocyncyw","Scalability test room","3f4i29xcj0qmocyndpg","Farmers markets support local food systems","1777039488004","7i7mz09octmocyndpg","Farmers markets support local food systems","1777038297563","1","false"
"fksripew6vimocyncyw","Scalability test room","oliwzp31xnmocyndpg","Community gardens strengthen neighborhood social bonds","1777039494888","sjn272sictmocyndpg","Community gardens strengthen neighborhood social bonds","1777038428865","1","false"
"fksripew6vimocyncyw","Scalability test room","ea8b2hgy2nmocyndph","Electric vehicle charging should be publicly funded","1777039495297","0iahd8bgt0nnmocyndph","Electric vehicle charging should be publicly funded","1777038233357","1","false"
"fksripew6vimocyncyw","Scalability test room","wekhmk0i4vmocyndpg","Bike lanes should replace parking on main streets","1777039497563","ktvy17do6ommocyndpg","Bike lanes should replace parking on main streets","1777038488482","1","false"
"fksripew6vimocyncyw","Scalability test room","4o2iyf47lbbmocyndpg","Electric vehicle charging should be publicly funded","1777039501469","0iahd8bgt0nnmocyndph","Electric vehicle charging should be publicly funded","1777038233357","1","false"
"fksripew6vimocyncyw","Scalability test room","g2crp838c9omocyndpg","Remote work has permanently changed how we use office space","1777039501773","2l12sa9n8k8mocyndph","Remote work has permanently changed how we use office space","1777038235211","1","false"
"fksripew6vimocyncyw","Scalability test room","eo9fr1n3y1mocyndph","Farmers markets support local food systems","1777039507688","7i7mz09octmocyndpg","Farmers markets support local food systems","1777038297563","1","false"
"fksripew6vimocyncyw","Scalability test room","p6qsje77w2mocyndph","Urban density reduces per-capita carbon footprint","1777039515061","vijo8zfil3mocyndph","Urban density reduces per-capita carbon footprint","1777038231228","1","false"
"fksripew6vimocyncyw","Scalability test room","tco2jmrujlcmocyndpg","Rent control protects long-term residents from displacement","1777039521374","0m2x18tokdfmocyndpg","Rent control protects long-term residents from displacement","1777038214129","1","false"
"fksripew6vimocyncyw","Scalability test room","fi208t15qkdmocyndpg","Mixed-use zoning makes neighborhoods more livable","1777039529278","f3jrnyn5ljimocyndph","Mixed-use zoning makes neighborhoods more livable","1777038212394","1","false"
"fksripew6vimocyncyw","Scalability test room","6v7q4198qghmocyndph","Rent control protects long-term residents from displacement","1777039535430","0m2x18tokdfmocyndpg","Rent control protects long-term residents from displacement","1777038214129","1","false"
"fksripew6vimocyncyw","Scalability test room","un5hzrs5pqmocyndpg","Remote work has permanently changed how we use office space","1777039537328","2l12sa9n8k8mocyndph","Remote work has permanently changed how we use office space","1777038235211","1","false"
"fksripew6vimocyncyw","Scalability test room","d293sb2kdmmocyndpg","Public libraries are essential community infrastructure","1777039540922","a8un82hevjmocyndph","Public libraries are essential community infrastructure","1777038298788","1","false"
"fksripew6vimocyncyw","Scalability test room","lnp2pve7timocyndpg","Solar panels should be required on all new construction","1777039544511","n9wbepumm7smocyndph","Solar panels should be required on all new construction","1777038196508","1","false"
"fksripew6vimocyncyw","Scalability test room","mbth89loa08mocyndph","Remote work has permanently changed how we use office space","1777039546182","2l12sa9n8k8mocyndph","Remote work has permanently changed how we use office space","1777038235211","1","false"
"fksripew6vimocyncyw","Scalability test room","rowy0qedzehmocyndph","Trees on residential streets should be protected by law","1777039556077","ou1m2ysw7rmocyndpg","Trees on residential streets should be protected by law","1777038208005","1","false"
"fksripew6vimocyncyw","Scalability test room","p9pdkij22vfmocyndph","Affordable housing quotas should apply to all new developments","1777039559560","ymwt7s753yemocyndph","Affordable housing quotas should apply to all new developments","1777038191245","1","false"
"fksripew6vimocyncyw","Scalability test room","1v32q7kwaermocyndph","Bike lanes should replace parking on main streets","1777039560119","ktvy17do6ommocyndpg","Bike lanes should replace parking on main streets","1777038488482","1","false"
"fksripew6vimocyncyw","Scalability test room","28i7pvwq3rfmocyndpg","Street parking fees should fund public transportation","1777039560503","53zoz9ljx38mocyndph","Street parking fees should fund public transportation","1777038214655","1","false"
"fksripew6vimocyncyw","Scalability test room","jubjsrel0rqmocyndpg","Historic preservation limits necessary urban growth","1777039561261","9lohmtyxcdlmocyndpg","Historic preservation limits necessary urban growth","1777038333348","1","false"
"fksripew6vimocyncyw","Scalability test room","qp1cezhky5smocyndph","Community gardens strengthen neighborhood social bonds","1777039566120","sjn272sictmocyndpg","Community gardens strengthen neighborhood social bonds","1777038428865","1","false"
"fksripew6vimocyncyw","Scalability test room","i17r85bmsgamocyndpg","Public libraries are essential community infrastructure","1777039566454","a8un82hevjmocyndph","Public libraries are essential community infrastructure","1777038298788","1","false"
"fksripew6vimocyncyw","Scalability test room","kvm3h534kcimocyndpg","Local businesses deserve priority over national chains","1777039569251","i8t7rph3eabmocyndph","Local businesses deserve priority over national chains","1777038211631","1","false"
"fksripew6vimocyncyw","Scalability test room","ygdkycqn2gqmocyndph","Green spaces improve mental health in urban environments","1777039569436","4et2f6n7jgtmocyndpg","Green spaces improve mental health in urban environments","1777038223040","1","false"
"fksripew6vimocyncyw","Scalability test room","g48qb1aiiefmocyndph","Street parking fees should fund public transportation","1777039573358","53zoz9ljx38mocyndph","Street parking fees should fund public transportation","1777038214655","1","false"
"fksripew6vimocyncyw","Scalability test room","a7jvgdapousmocyndph","Urban density reduces per-capita carbon footprint","1777039581702","vijo8zfil3mocyndph","Urban density reduces per-capita carbon footprint","1777038231228","1","false"
"fksripew6vimocyncyw","Scalability test room","8h1039msywnmocyndph","Local businesses deserve priority over national chains","1777039588238","i8t7rph3eabmocyndph","Local businesses deserve priority over national chains","1777038211631","1","false"
"fksripew6vimocyncyw","Scalability test room","hjt2lshyfjimocyndph","Historic preservation limits necessary urban growth","1777039590649","9lohmtyxcdlmocyndpg","Historic preservation limits necessary urban growth","1777038333348","1","false"
"fksripew6vimocyncyw","Scalability test room","m2bb9hk0geemocyndph","Bike lanes should replace parking on main streets","1777039593305","ktvy17do6ommocyndpg","Bike lanes should replace parking on main streets","1777038488482","1","false"
"fksripew6vimocyncyw","Scalability test room","0u6z7xo8b229mocyndpg","Trees on residential streets should be protected by law","1777039599834","ou1m2ysw7rmocyndpg","Trees on residential streets should be protected by law","1777038208005","1","false"
"fksripew6vimocyncyw","Scalability test room","own0s9g1otemocyndph","Food trucks add vibrancy to urban commercial corridors","1777039607969","nm6lyi2gmmpmocyndph","Food trucks add vibrancy to urban commercial corridors","1777038259457","1","false"
"fksripew6vimocyncyw","Scalability test room","eepy6dyac4emocyndpg","Local businesses deserve priority over national chains","1777039617896","i8t7rph3eabmocyndph","Local businesses deserve priority over national chains","1777038211631","1","false"
"fksripew6vimocyncyw","Scalability test room","xotf9mz0qxtmocyndpg","Street parking fees should fund public transportation","1777039624158","53zoz9ljx38mocyndph","Street parking fees should fund public transportation","1777038214655","1","false"
"fksripew6vimocyncyw","Scalability test room","942v4gk16kmocyndpg","Street parking fees should fund public transportation","1777039625797","53zoz9ljx38mocyndph","Street parking fees should fund public transportation","1777038214655","1","false"
"fksripew6vimocyncyw","Scalability test room","1tw0m0l8d5ymocyndpg","Rent control protects long-term residents from displacement","1777039626210","0m2x18tokdfmocyndpg","Rent control protects long-term residents from displacement","1777038214129","1","false"
"fksripew6vimocyncyw","Scalability test room","wn5t7juau4qmocyndph","Street parking fees should fund public transportation","1777039629031","53zoz9ljx38mocyndph","Street parking fees should fund public transportation","1777038214655","1","false"
"fksripew6vimocyncyw","Scalability test room","8glkr91e9stmocyndph","Noise ordinances should be stricter in residential zones","1777039629549","hrmyaoizjhpmocyndpg","Noise ordinances should be stricter in residential zones","1777038185569","1","false"
"fksripew6vimocyncyw","Scalability test room","21zhjwzlgormocyndph","Urban density reduces per-capita carbon footprint","1777039635917","vijo8zfil3mocyndph","Urban density reduces per-capita carbon footprint","1777038231228","1","false"
"fksripew6vimocyncyw","Scalability test room","r387ups2venmocyndpg","Community gardens strengthen neighborhood social bonds","1777039641656","sjn272sictmocyndpg","Community gardens strengthen neighborhood social bonds","1777038428865","1","false"
"fksripew6vimocyncyw","Scalability test room","bpemdwh2pasmocyndpg","Community gardens strengthen neighborhood social bonds","1777039642205","sjn272sictmocyndpg","Community gardens strengthen neighborhood social bonds","1777038428865","1","false"
"fksripew6vimocyncyw","Scalability test room","nm7c3whyivhmocyndph","Pedestrian-first street design reduces traffic accidents","1777039651059","38jtdv5c7lfmocyndph","Pedestrian-first street design reduces traffic accidents","1777038277030","1","false"
"fksripew6vimocyncyw","Scalability test room","bs0k6lxymwbmocyndpg","Remote work has permanently changed how we use office space","1777039653651","2l12sa9n8k8mocyndph","Remote work has permanently changed how we use office space","1777038235211","1","false"
"fksripew6vimocyncyw","Scalability test room","yfh6b9nqbomocyndpg","Community gardens strengthen neighborhood social bonds","1777039660338","sjn272sictmocyndpg","Community gardens strengthen neighborhood social bonds","1777038428865","1","false"
"fksripew6vimocyncyw","Scalability test room","7dcyjv8f9y5mocyndpg","Farmers markets support local food systems","1777039666157","7i7mz09octmocyndpg","Farmers markets support local food systems","1777038297563","1","false"
"fksripew6vimocyncyw","Scalability test room","wwzm8dan5qhmocyndpg","Public libraries are essential community infrastructure","1777039668733","a8un82hevjmocyndph","Public libraries are essential community infrastructure","1777038298788","1","false"
"fksripew6vimocyncyw","Scalability test room","pu2t2fcdrummocyndpg","Farmers markets support local food systems","1777039673084","7i7mz09octmocyndpg","Farmers markets support local food systems","1777038297563","1","false"
"fksripew6vimocyncyw","Scalability test room","q39zx3gby3jmocyndpg","Mixed-use zoning makes neighborhoods more livable","1777039673429","f3jrnyn5ljimocyndph","Mixed-use zoning makes neighborhoods more livable","1777038212394","1","false"
"fksripew6vimocyncyw","Scalability test room","dt7zhpzsrstmocyndph","Urban density reduces per-capita carbon footprint","1777039677051","vijo8zfil3mocyndph","Urban density reduces per-capita carbon footprint","1777038231228","1","false"
"fksripew6vimocyncyw","Scalability test room","62bb1o9jee7mocyndph","Local businesses deserve priority over national chains","1777039686838","i8t7rph3eabmocyndph","Local businesses deserve priority over national chains","1777038211631","1","false"
"fksripew6vimocyncyw","Scalability test room","cxpuy0k2l3fmocyndpg","Solar panels should be required on all new construction","1777039691510","n9wbepumm7smocyndph","Solar panels should be required on all new construction","1777038196508","1","false"
"fksripew6vimocyncyw","Scalability test room","0vmg46u2lsrmocyndph","Local businesses deserve priority over national chains","1777039700558","i8t7rph3eabmocyndph","Local businesses deserve priority over national chains","1777038211631","1","false"
"fksripew6vimocyncyw","Scalability test room","8jtc3lvf99mocyndph","Bike lanes should replace parking on main streets","1777039703817","ktvy17do6ommocyndpg","Bike lanes should replace parking on main streets","1777038488482","1","false"
"fksripew6vimocyncyw","Scalability test room","vbal69zthi9mocyndph","Rent control protects long-term residents from displacement","1777039707146","0m2x18tokdfmocyndpg","Rent control protects long-term residents from displacement","1777038214129","1","false"
"fksripew6vimocyncyw","Scalability test room","aufqukiue5emocyndpg","Electric vehicle charging should be publicly funded","1777039707252","0iahd8bgt0nnmocyndph","Electric vehicle charging should be publicly funded","1777038233357","1","false"
"fksripew6vimocyncyw","Scalability test room","uzzu8srxyrfmocyndph","Affordable housing quotas should apply to all new developments","1777039717734","ymwt7s753yemocyndph","Affordable housing quotas should apply to all new developments","1777038191245","1","false"
"fksripew6vimocyncyw","Scalability test room","hdu4c2yc1rumocyndph","Remote work has permanently changed how we use office space","1777039718846","2l12sa9n8k8mocyndph","Remote work has permanently changed how we use office space","1777038235211","1","false"
"fksripew6vimocyncyw","Scalability test room","2t22jnrn8s6mocyndpg","Pedestrian-first street design reduces traffic accidents","1777039721895","38jtdv5c7lfmocyndph","Pedestrian-first street design reduces traffic accidents","1777038277030","1","false"
"fksripew6vimocyncyw","Scalability test room","ewq31vk2z9gmocyndpg","Local businesses deserve priority over national chains","1777039722246","i8t7rph3eabmocyndph","Local businesses deserve priority over national chains","1777038211631","1","false"
"fksripew6vimocyncyw","Scalability test room","3ma4aljj371mocyndpg","Street parking fees should fund public transportation","1777039725166","53zoz9ljx38mocyndph","Street parking fees should fund public transportation","1777038214655","1","false"
"fksripew6vimocyncyw","Scalability test room","ld3rfvev1xmocyndpg","Solar panels should be required on all new construction","1777039725187","n9wbepumm7smocyndph","Solar panels should be required on all new construction","1777038196508","1","false"
"fksripew6vimocyncyw","Scalability test room","jajr45iaarbmocyndpg","Solar panels should be required on all new construction","1777039728306","n9wbepumm7smocyndph","Solar panels should be required on all new construction","1777038196508","1","false"
"fksripew6vimocyncyw","Scalability test room","rxlqykamq8smocyndpg","Pedestrian-first street design reduces traffic accidents","1777039731564","38jtdv5c7lfmocyndph","Pedestrian-first street design reduces traffic accidents","1777038277030","1","false"
"fksripew6vimocyncyw","Scalability test room","nw0pwx9a20imocyndpg","Pedestrian-first street design reduces traffic accidents","1777039732052","38jtdv5c7lfmocyndph","Pedestrian-first street design reduces traffic accidents","1777038277030","1","false"
"fksripew6vimocyncyw","Scalability test room","2pcwkutam7qmocyndpg","Rent control protects long-term residents from displacement","1777039734986","0m2x18tokdfmocyndpg","Rent control protects long-term residents from displacement","1777038214129","1","false"
"fksripew6vimocyncyw","Scalability test room","u257mvmsl7mocyndph","Remote work has permanently changed how we use office space","1777039750492","2l12sa9n8k8mocyndph","Remote work has permanently changed how we use office space","1777038235211","1","false"
"fksripew6vimocyncyw","Scalability test room","dgsdtpwxzamocyndpg","Pedestrian-first street design reduces traffic accidents","1777039753732","38jtdv5c7lfmocyndph","Pedestrian-first street design reduces traffic accidents","1777038277030","1","false"
"fksripew6vimocyncyw","Scalability test room","h9u81scv3jrmocyndph","Urban density reduces per-capita carbon footprint","1777039754199","vijo8zfil3mocyndph","Urban density reduces per-capita carbon footprint","1777038231228","1","false"
"fksripew6vimocyncyw","Scalability test room","sgb3srm9wmmocyndph","Green spaces improve mental health in urban environments","1777039758313","4et2f6n7jgtmocyndpg","Green spaces improve mental health in urban environments","1777038223040","1","false"
"fksripew6vimocyncyw","Scalability test room","5v1s3umdxm3mocyndpg","Electric vehicle charging should be publicly funded","1777039758465","0iahd8bgt0nnmocyndph","Electric vehicle charging should be publicly funded","1777038233357","1","false"
"fksripew6vimocyncyw","Scalability test room","vj77g0dlpomocyndpg","Farmers markets support local food systems","1777039759188","7i7mz09octmocyndpg","Farmers markets support local food systems","1777038297563","1","false"
"fksripew6vimocyncyw","Scalability test room","pwy8yf5wvjmocyndpg","The city should invest more in public transit infrastructure","1777039761331","5yuaglu5wu9mocyndph","The city should invest more in public transit infrastructure","1777038303085","1","false"
"fksripew6vimocyncyw","Scalability test room","pfoxlosgc4hmocyndpg","Pedestrian-first street design reduces traffic accidents","1777039766271","38jtdv5c7lfmocyndph","Pedestrian-first street design reduces traffic accidents","1777038277030","1","false"
"fksripew6vimocyncyw","Scalability test room","6dk7faomjvfmocyndph","Urban density reduces per-capita carbon footprint","1777039767718","vijo8zfil3mocyndph","Urban density reduces per-capita carbon footprint","1777038231228","1","false"
"fksripew6vimocyncyw","Scalability test room","md07ozu2insmocyndpg","Mixed-use zoning makes neighborhoods more livable","1777039768313","f3jrnyn5ljimocyndph","Mixed-use zoning makes neighborhoods more livable","1777038212394","1","false"
"fksripew6vimocyncyw","Scalability test room","dar4qy1e0t8mocyndph","Farmers markets support local food systems","1777039773762","7i7mz09octmocyndpg","Farmers markets support local food systems","1777038297563","1","false"
"fksripew6vimocyncyw","Scalability test room","7fbxhds7at4mocyndpg","Mixed-use zoning makes neighborhoods more livable","1777039796043","f3jrnyn5ljimocyndph","Mixed-use zoning makes neighborhoods more livable","1777038212394","1","false"
"fksripew6vimocyncyw","Scalability test room","tcfkyjko5lbmocyndph","Mixed-use zoning makes neighborhoods more livable","1777039804633","f3jrnyn5ljimocyndph","Mixed-use zoning makes neighborhoods more livable","1777038212394","1","false"
"fksripew6vimocyncyw","Scalability test room","167yklvgvqfmocyndph","Green spaces improve mental health in urban environments","1777039806017","4et2f6n7jgtmocyndpg","Green spaces improve mental health in urban environments","1777038223040","1","false"
"fksripew6vimocyncyw","Scalability test room","c7se1bhxpffmocyndpg","Historic preservation limits necessary urban growth","1777039812284","9lohmtyxcdlmocyndpg","Historic preservation limits necessary urban growth","1777038333348","1","false"
"fksripew6vimocyncyw","Scalability test room","63wyz0810axmocyndph","Street parking fees should fund public transportation","1777039813456","53zoz9ljx38mocyndph","Street parking fees should fund public transportation","1777038214655","1","false"
"fksripew6vimocyncyw","Scalability test room","xys5v4s1crsmocyndpg","Bike lanes should replace parking on main streets","1777039815184","ktvy17do6ommocyndpg","Bike lanes should replace parking on main streets","1777038488482","1","false"
"fksripew6vimocyncyw","Scalability test room","8ps1apui98cmocyndph","Trees on residential streets should be protected by law","1777039820898","ou1m2ysw7rmocyndpg","Trees on residential streets should be protected by law","1777038208005","1","false"
"fksripew6vimocyncyw","Scalability test room","0t9mgn6vh1imocyndph","Solar panels should be required on all new construction","1777039822370","n9wbepumm7smocyndph","Solar panels should be required on all new construction","1777038196508","1","false"
"fksripew6vimocyncyw","Scalability test room","36cx3gcnvvqmocyndph","The city should invest more in public transit infrastructure","1777039826468","5yuaglu5wu9mocyndph","The city should invest more in public transit infrastructure","1777038303085","1","false"
"fksripew6vimocyncyw","Scalability test room","xlaf5116t0cmocyndph","Pedestrian-first street design reduces traffic accidents","1777039827715","38jtdv5c7lfmocyndph","Pedestrian-first street design reduces traffic accidents","1777038277030","1","false"
"fksripew6vimocyncyw","Scalability test room","x1vmf4u0bdomocyndph","Public libraries are essential community infrastructure","1777039832241","a8un82hevjmocyndph","Public libraries are essential community infrastructure","1777038298788","1","false"
"fksripew6vimocyncyw","Scalability test room","hfuhrajga1wmocyndpg","Affordable housing quotas should apply to all new developments","1777039837921","ymwt7s753yemocyndph","Affordable housing quotas should apply to all new developments","1777038191245","1","false"
"fksripew6vimocyncyw","Scalability test room","vvze9kg94zomocyndph","Farmers markets support local food systems","1777039841522","7i7mz09octmocyndpg","Farmers markets support local food systems","1777038297563","1","false"
"fksripew6vimocyncyw","Scalability test room","liq4vej26xmocyndpg","Public libraries are essential community infrastructure","1777039850024","a8un82hevjmocyndph","Public libraries are essential community infrastructure","1777038298788","1","false"
"fksripew6vimocyncyw","Scalability test room","7n3h7pyrl94mocyndph","Farmers markets support local food systems","1777039851554","7i7mz09octmocyndpg","Farmers markets support local food systems","1777038297563","1","false"
"fksripew6vimocyncyw","Scalability test room","9sgxls5i4cpmocyndpg","Street parking fees should fund public transportation","1777039852375","53zoz9ljx38mocyndph","Street parking fees should fund public transportation","1777038214655","1","false"
"fksripew6vimocyncyw","Scalability test room","x2km7bi69wmocyndpg","Noise ordinances should be stricter in residential zones","1777039857316","hrmyaoizjhpmocyndpg","Noise ordinances should be stricter in residential zones","1777038185569","1","false"
"fksripew6vimocyncyw","Scalability test room","ts1zhfrpypqmocyndph","Green spaces improve mental health in urban environments","1777039857805","4et2f6n7jgtmocyndpg","Green spaces improve mental health in urban environments","1777038223040","1","false"
"fksripew6vimocyncyw","Scalability test room","dvllsha1wkkmocyndpg","Public libraries are essential community infrastructure","1777039858336","a8un82hevjmocyndph","Public libraries are essential community infrastructure","1777038298788","1","false"
"fksripew6vimocyncyw","Scalability test room","rjdq16pamwimocyndph","The city should invest more in public transit infrastructure","1777039858422","5yuaglu5wu9mocyndph","The city should invest more in public transit infrastructure","1777038303085","1","false"
"fksripew6vimocyncyw","Scalability test room","sf5wpuyc9imocyndph","Noise ordinances should be stricter in residential zones","1777039860095","hrmyaoizjhpmocyndpg","Noise ordinances should be stricter in residential zones","1777038185569","1","false"
"fksripew6vimocyncyw","Scalability test room","6juu2w9nih2mocyndpi","The city should invest more in public transit infrastructure","1777039861233","5yuaglu5wu9mocyndph","The city should invest more in public transit infrastructure","1777038303085","1","false"
"fksripew6vimocyncyw","Scalability test room","yzl18z1jbicmocyndph","Food trucks add vibrancy to urban commercial corridors","1777039873981","nm6lyi2gmmpmocyndph","Food trucks add vibrancy to urban commercial corridors","1777038259457","1","false"
"fksripew6vimocyncyw","Scalability test room","6vrgb84ejofmocyndpg","Urban density reduces per-capita carbon footprint","1777039875861","vijo8zfil3mocyndph","Urban density reduces per-capita carbon footprint","1777038231228","1","false"
"fksripew6vimocyncyw","Scalability test room","b8u7rpw7fwwmocyndph","Pedestrian-first street design reduces traffic accidents","1777039876889","38jtdv5c7lfmocyndph","Pedestrian-first street design reduces traffic accidents","1777038277030","1","false"
"fksripew6vimocyncyw","Scalability test room","ftgrp3epjgmocyndpg","Noise ordinances should be stricter in residential zones","1777039886061","hrmyaoizjhpmocyndpg","Noise ordinances should be stricter in residential zones","1777038185569","1","false"
"fksripew6vimocyncyw","Scalability test room","d1qfnuuzfcmmocyndph","Food trucks add vibrancy to urban commercial corridors","1777039886715","nm6lyi2gmmpmocyndph","Food trucks add vibrancy to urban commercial corridors","1777038259457","1","false"
"fksripew6vimocyncyw","Scalability test room","tey0rx7mc2mocyndph","Remote work has permanently changed how we use office space","1777039887655","2l12sa9n8k8mocyndph","Remote work has permanently changed how we use office space","1777038235211","1","false"
"fksripew6vimocyncyw","Scalability test room","iz2bwzkfoymocyndpg","Pedestrian-first street design reduces traffic accidents","1777039888482","38jtdv5c7lfmocyndph","Pedestrian-first street design reduces traffic accidents","1777038277030","1","false"
"fksripew6vimocyncyw","Scalability test room","62ia7a551lrmocyndpg","Trees on residential streets should be protected by law","1777039890969","ou1m2ysw7rmocyndpg","Trees on residential streets should be protected by law","1777038208005","1","false"
"fksripew6vimocyncyw","Scalability test room","gqkupkh76clmocyndph","Public libraries are essential community infrastructure","1777039897997","a8un82hevjmocyndph","Public libraries are essential community infrastructure","1777038298788","1","false"
"fksripew6vimocyncyw","Scalability test room","fuzo5sg01cmocyndph","Urban density reduces per-capita carbon footprint","1777039907969","vijo8zfil3mocyndph","Urban density reduces per-capita carbon footprint","1777038231228","1","false"
"fksripew6vimocyncyw","Scalability test room","juor2raeyfimocyndpi","Green spaces improve mental health in urban environments","1777039912704","4et2f6n7jgtmocyndpg","Green spaces improve mental health in urban environments","1777038223040","1","false"
"fksripew6vimocyncyw","Scalability test room","jzjo6gp6mmocyndph","Local businesses deserve priority over national chains","1777039915444","i8t7rph3eabmocyndph","Local businesses deserve priority over national chains","1777038211631","1","false"
"fksripew6vimocyncyw","Scalability test room","p0yzydzfcymocyndpg","Mixed-use zoning makes neighborhoods more livable","1777039918494","f3jrnyn5ljimocyndph","Mixed-use zoning makes neighborhoods more livable","1777038212394","1","false"
"fksripew6vimocyncyw","Scalability test room","dz3kw79r5yjmocyndph","Mixed-use zoning makes neighborhoods more livable","1777039924951","f3jrnyn5ljimocyndph","Mixed-use zoning makes neighborhoods more livable","1777038212394","1","false"
"fksripew6vimocyncyw","Scalability test room","v5f5c3d2d9fmocyndph","Urban density reduces per-capita carbon footprint","1777039925045","vijo8zfil3mocyndph","Urban density reduces per-capita carbon footprint","1777038231228","1","false"
"fksripew6vimocyncyw","Scalability test room","p95mk5vsgqomocyndpg","The city should invest more in public transit infrastructure","1777039937729","5yuaglu5wu9mocyndph","The city should invest more in public transit infrastructure","1777038303085","1","false"
"fksripew6vimocyncyw","Scalability test room","49alams8mpmocyndph","Food trucks add vibrancy to urban commercial corridors","1777039938074","nm6lyi2gmmpmocyndph","Food trucks add vibrancy to urban commercial corridors","1777038259457","1","false"
"fksripew6vimocyncyw","Scalability test room","bowji6yf5lpmocyndph","Bike lanes should replace parking on main streets","1777039941175","ktvy17do6ommocyndpg","Bike lanes should replace parking on main streets","1777038488482","1","false"
"fksripew6vimocyncyw","Scalability test room","tkfowvsplvmocyndpg","Bike lanes should replace parking on main streets","1777039944358","ktvy17do6ommocyndpg","Bike lanes should replace parking on main streets","1777038488482","1","false"
"fksripew6vimocyncyw","Scalability test room","tlvzz5sjwgmocyndph","Affordable housing quotas should apply to all new developments","1777039949641","ymwt7s753yemocyndph","Affordable housing quotas should apply to all new developments","1777038191245","1","false"
"fksripew6vimocyncyw","Scalability test room","zmme5iongrsmocyndph","Rent control protects long-term residents from displacement","1777039952058","0m2x18tokdfmocyndpg","Rent control protects long-term residents from displacement","1777038214129","1","false"
"fksripew6vimocyncyw","Scalability test room","8b0hdlrl52cmocyndpg","Trees on residential streets should be protected by law","1777039952148","ou1m2ysw7rmocyndpg","Trees on residential streets should be protected by law","1777038208005","1","false"
"fksripew6vimocyncyw","Scalability test room","ypx3uukn03amocyndph","Solar panels should be required on all new construction","1777039952819","n9wbepumm7smocyndph","Solar panels should be required on all new construction","1777038196508","1","false"
"fksripew6vimocyncyw","Scalability test room","9uaubkmfugtmocyndph","Trees on residential streets should be protected by law","1777039956012","ou1m2ysw7rmocyndpg","Trees on residential streets should be protected by law","1777038208005","1","false"
"fksripew6vimocyncyw","Scalability test room","b9e98up3e3fmocyndph","Solar panels should be required on all new construction","1777039957802","n9wbepumm7smocyndph","Solar panels should be required on all new construction","1777038196508","1","false"
"fksripew6vimocyncyw","Scalability test room","yb6qqk9xxtmocyndpg","Rent control protects long-term residents from displacement","1777039959351","0m2x18tokdfmocyndpg","Rent control protects long-term residents from displacement","1777038214129","1","false"
"fksripew6vimocyncyw","Scalability test room","xc2drnmgbermocyndph","Community gardens strengthen neighborhood social bonds","1777039964680","sjn272sictmocyndpg","Community gardens strengthen neighborhood social bonds","1777038428865","1","false"
"fksripew6vimocyncyw","Scalability test room","hr5zkxreewjmocyndpg","Rent control protects long-term residents from displacement","1777039967255","0m2x18tokdfmocyndpg","Rent control protects long-term residents from displacement","1777038214129","1","false"
"fksripew6vimocyncyw","Scalability test room","j0zza32zu4smocyndph","Farmers markets support local food systems","1777039971178","7i7mz09octmocyndpg","Farmers markets support local food systems","1777038297563","1","false"
"fksripew6vimocyncyw","Scalability test room","p5c1by9zfj9mocyndpg","Trees on residential streets should be protected by law","1777039975035","ou1m2ysw7rmocyndpg","Trees on residential streets should be protected by law","1777038208005","1","false"
"fksripew6vimocyncyw","Scalability test room","w7x8djv74comocyndph","The city should invest more in public transit infrastructure","1777039978434","5yuaglu5wu9mocyndph","The city should invest more in public transit infrastructure","1777038303085","1","false"
"fksripew6vimocyncyw","Scalability test room","180u5e0u53fhmocyndph","Affordable housing quotas should apply to all new developments","1777039984414","ymwt7s753yemocyndph","Affordable housing quotas should apply to all new developments","1777038191245","1","false"
"fksripew6vimocyncyw","Scalability test room","0qlxebmuyhcemocyndpg","Bike lanes should replace parking on main streets","1777039987263","ktvy17do6ommocyndpg","Bike lanes should replace parking on main streets","1777038488482","1","false"
"fksripew6vimocyncyw","Scalability test room","j2q7bcfku0pmocyndph","Local businesses deserve priority over national chains","1777039991454","i8t7rph3eabmocyndph","Local businesses deserve priority over national chains","1777038211631","1","false"
"fksripew6vimocyncyw","Scalability test room","xxs8p5odjthmocyndpg","Public libraries are essential community infrastructure","1777039994139","a8un82hevjmocyndph","Public libraries are essential community infrastructure","1777038298788","1","false"
"fksripew6vimocyncyw","Scalability test room","ry2zjuv18gmocyndpg","Local businesses deserve priority over national chains","1777039995658","i8t7rph3eabmocyndph","Local businesses deserve priority over national chains","1777038211631","1","false"
"fksripew6vimocyncyw","Scalability test room","ut6dcb10p7hmocyndph","Street parking fees should fund public transportation","1777039996850","53zoz9ljx38mocyndph","Street parking fees should fund public transportation","1777038214655","1","false"
"fksripew6vimocyncyw","Scalability test room","d07gwq1h1gsmocyndpg","Green spaces improve mental health in urban environments","1777040004463","4et2f6n7jgtmocyndpg","Green spaces improve mental health in urban environments","1777038223040","1","false"
"fksripew6vimocyncyw","Scalability test room","mkegq2evjymocyndph","Electric vehicle charging should be publicly funded","1777040024647","0iahd8bgt0nnmocyndph","Electric vehicle charging should be publicly funded","1777038233357","1","false"
"fksripew6vimocyncyw","Scalability test room","42hx2t2ng61mocyndpg","Street parking fees should fund public transportation","1777040029431","53zoz9ljx38mocyndph","Street parking fees should fund public transportation","1777038214655","1","false"
"fksripew6vimocyncyw","Scalability test room","rnqbcgfrl39mocyndpg","Pedestrian-first street design reduces traffic accidents","1777040031485","38jtdv5c7lfmocyndph","Pedestrian-first street design reduces traffic accidents","1777038277030","1","false"
"fksripew6vimocyncyw","Scalability test room","tl50ngmxmumocyndpg","Community gardens strengthen neighborhood social bonds","1777040035754","sjn272sictmocyndpg","Community gardens strengthen neighborhood social bonds","1777038428865","1","false"
"fksripew6vimocyncyw","Scalability test room","5satby6s3jmocyndph","Local businesses deserve priority over national chains","1777040043260","i8t7rph3eabmocyndph","Local businesses deserve priority over national chains","1777038211631","1","false"
"fksripew6vimocyncyw","Scalability test room","pyrwiur08tnmocyndph","Pedestrian-first street design reduces traffic accidents","1777040045844","38jtdv5c7lfmocyndph","Pedestrian-first street design reduces traffic accidents","1777038277030","1","false"
"fksripew6vimocyncyw","Scalability test room","pkzjcjwnp9mocyndpg","Historic preservation limits necessary urban growth","1777040054268","9lohmtyxcdlmocyndpg","Historic preservation limits necessary urban growth","1777038333348","1","false"
"fksripew6vimocyncyw","Scalability test room","6y2ifvvrarmocyndph","Mixed-use zoning makes neighborhoods more livable","1777040054886","f3jrnyn5ljimocyndph","Mixed-use zoning makes neighborhoods more livable","1777038212394","1","false"
"fksripew6vimocyncyw","Scalability test room","ao39jrgp99imocyndpg","Street parking fees should fund public transportation","1777040062092","53zoz9ljx38mocyndph","Street parking fees should fund public transportation","1777038214655","1","false"
"fksripew6vimocyncyw","Scalability test room","fdx60vvzmm5mocyndph","Mixed-use zoning makes neighborhoods more livable","1777040062565","f3jrnyn5ljimocyndph","Mixed-use zoning makes neighborhoods more livable","1777038212394","1","false"
"fksripew6vimocyncyw","Scalability test room","nn9tnwqibvnmocyndpg","Farmers markets support local food systems","1777040063729","7i7mz09octmocyndpg","Farmers markets support local food systems","1777038297563","1","false"
"fksripew6vimocyncyw","Scalability test room","azmqzopaztamocyndph","Food trucks add vibrancy to urban commercial corridors","1777040064362","nm6lyi2gmmpmocyndph","Food trucks add vibrancy to urban commercial corridors","1777038259457","1","false"
"fksripew6vimocyncyw","Scalability test room","0c997k0bzj78mocyndph","Street parking fees should fund public transportation","1777040070132","53zoz9ljx38mocyndph","Street parking fees should fund public transportation","1777038214655","1","false"
"fksripew6vimocyncyw","Scalability test room","4i4cj64cvrymocyndpg","Street parking fees should fund public transportation","1777040072457","53zoz9ljx38mocyndph","Street parking fees should fund public transportation","1777038214655","1","false"
"fksripew6vimocyncyw","Scalability test room","crfw0to42eamocyndph","Trees on residential streets should be protected by law","1777040075816","ou1m2ysw7rmocyndpg","Trees on residential streets should be protected by law","1777038208005","1","false"
"fksripew6vimocyncyw","Scalability test room","tnfj0q5va6gmocyndpg","Trees on residential streets should be protected by law","1777040079421","ou1m2ysw7rmocyndpg","Trees on residential streets should be protected by law","1777038208005","1","false"
"fksripew6vimocyncyw","Scalability test room","tfl6ylng0fmocyndpg","Street parking fees should fund public transportation","1777040083157","53zoz9ljx38mocyndph","Street parking fees should fund public transportation","1777038214655","1","false"
"fksripew6vimocyncyw","Scalability test room","t22rlicex3mocyndpg","Community gardens strengthen neighborhood social bonds","1777040084831","sjn272sictmocyndpg","Community gardens strengthen neighborhood social bonds","1777038428865","1","false"
"fksripew6vimocyncyw","Scalability test room","1tfbaz5f55djmocyndph","Green spaces improve mental health in urban environments","1777040087516","4et2f6n7jgtmocyndpg","Green spaces improve mental health in urban environments","1777038223040","1","false"
"fksripew6vimocyncyw","Scalability test room","4ab4wgqnap1mocyndph","Community gardens strengthen neighborhood social bonds","1777040088752","sjn272sictmocyndpg","Community gardens strengthen neighborhood social bonds","1777038428865","1","false"
"fksripew6vimocyncyw","Scalability test room","pjqculz1ezmocyndpg","Electric vehicle charging should be publicly funded","1777040089851","0iahd8bgt0nnmocyndph","Electric vehicle charging should be publicly funded","1777038233357","1","false"
"fksripew6vimocyncyw","Scalability test room","qsucmcs92b9mocyndpg","Solar panels should be required on all new construction","1777040093969","n9wbepumm7smocyndph","Solar panels should be required on all new construction","1777038196508","1","false"
"fksripew6vimocyncyw","Scalability test room","azx3tuupjcqmocyndpg","Trees on residential streets should be protected by law","1777040100349","ou1m2ysw7rmocyndpg","Trees on residential streets should be protected by law","1777038208005","1","false"
"fksripew6vimocyncyw","Scalability test room","0wdyltbgu7fnmocyndpg","Affordable housing quotas should apply to all new developments","1777040102406","ymwt7s753yemocyndph","Affordable housing quotas should apply to all new developments","1777038191245","1","false"
"fksripew6vimocyncyw","Scalability test room","r4zs3y0mwepmocyndpg","Noise ordinances should be stricter in residential zones","1777040103934","hrmyaoizjhpmocyndpg","Noise ordinances should be stricter in residential zones","1777038185569","1","false"
"fksripew6vimocyncyw","Scalability test room","lvus8uuorokmocyndpg","Noise ordinances should be stricter in residential zones","1777040107368","hrmyaoizjhpmocyndpg","Noise ordinances should be stricter in residential zones","1777038185569","1","false"
"fksripew6vimocyncyw","Scalability test room","4cougma9nibmocyndph","Community gardens strengthen neighborhood social bonds","1777040111405","sjn272sictmocyndpg","Community gardens strengthen neighborhood social bonds","1777038428865","1","false"
"fksripew6vimocyncyw","Scalability test room","d70ptu6u96dmocyndph","Pedestrian-first street design reduces traffic accidents","1777040115092","38jtdv5c7lfmocyndph","Pedestrian-first street design reduces traffic accidents","1777038277030","1","false"
"fksripew6vimocyncyw","Scalability test room","blxw24d8wv8mocyndph","Local businesses deserve priority over national chains","1777040115152","i8t7rph3eabmocyndph","Local businesses deserve priority over national chains","1777038211631","1","false"
"fksripew6vimocyncyw","Scalability test room","yzon02rnhaqmocyndpg","The city should invest more in public transit infrastructure","1777040118842","5yuaglu5wu9mocyndph","The city should invest more in public transit infrastructure","1777038303085","1","false"
"fksripew6vimocyncyw","Scalability test room","39ocm51p4rzmocyndpg","Rent control protects long-term residents from displacement","1777040120667","0m2x18tokdfmocyndpg","Rent control protects long-term residents from displacement","1777038214129","1","false"
"fksripew6vimocyncyw","Scalability test room","jqyhrgv5fbcmocyndpg","Historic preservation limits necessary urban growth","1777040122456","9lohmtyxcdlmocyndpg","Historic preservation limits necessary urban growth","1777038333348","1","false"
"fksripew6vimocyncyw","Scalability test room","v381a76dbymocyndpg","Farmers markets support local food systems","1777040124295","7i7mz09octmocyndpg","Farmers markets support local food systems","1777038297563","1","false"
"fksripew6vimocyncyw","Scalability test room","mls4yohi86mmocyndpg","Bike lanes should replace parking on main streets","1777040125192","ktvy17do6ommocyndpg","Bike lanes should replace parking on main streets","1777038488482","1","false"
"fksripew6vimocyncyw","Scalability test room","37mvx377qamocyndpg","Noise ordinances should be stricter in residential zones","1777040128373","hrmyaoizjhpmocyndpg","Noise ordinances should be stricter in residential zones","1777038185569","1","false"
"fksripew6vimocyncyw","Scalability test room","gz2dup5ut7tmocyndpg","Mixed-use zoning makes neighborhoods more livable","1777040128421","f3jrnyn5ljimocyndph","Mixed-use zoning makes neighborhoods more livable","1777038212394","1","false"
"fksripew6vimocyncyw","Scalability test room","qrdjvkepb8mmocyndpg","Remote work has permanently changed how we use office space","1777040135897","2l12sa9n8k8mocyndph","Remote work has permanently changed how we use office space","1777038235211","1","false"
"fksripew6vimocyncyw","Scalability test room","ibde8hllumpmocyndph","Food trucks add vibrancy to urban commercial corridors","1777040139419","nm6lyi2gmmpmocyndph","Food trucks add vibrancy to urban commercial corridors","1777038259457","1","false"
"fksripew6vimocyncyw","Scalability test room","8lcp49hdt6mmocyndph","The city should invest more in public transit infrastructure","1777040141603","5yuaglu5wu9mocyndph","The city should invest more in public transit infrastructure","1777038303085","1","false"
"fksripew6vimocyncyw","Scalability test room","bowo9wu2ai8mocyndpg","Community gardens strengthen neighborhood social bonds","1777040143045","sjn272sictmocyndpg","Community gardens strengthen neighborhood social bonds","1777038428865","1","false"
"fksripew6vimocyncyw","Scalability test room","fu2792io9rgmocyndpg","Pedestrian-first street design reduces traffic accidents","1777040143520","38jtdv5c7lfmocyndph","Pedestrian-first street design reduces traffic accidents","1777038277030","1","false"
"fksripew6vimocyncyw","Scalability test room","4gy98t2owrjmocyndph","Noise ordinances should be stricter in residential zones","1777040148558","hrmyaoizjhpmocyndpg","Noise ordinances should be stricter in residential zones","1777038185569","1","false"
"fksripew6vimocyncyw","Scalability test room","riqvtbmjtn9mocyndpg","Community gardens strengthen neighborhood social bonds","1777040153561","sjn272sictmocyndpg","Community gardens strengthen neighborhood social bonds","1777038428865","1","false"
"fksripew6vimocyncyw","Scalability test room","a7le3gok8inmocyndph","Electric vehicle charging should be publicly funded","1777040154107","0iahd8bgt0nnmocyndph","Electric vehicle charging should be publicly funded","1777038233357","1","false"
"fksripew6vimocyncyw","Scalability test room","psneimdqemocyndph","Noise ordinances should be stricter in residential zones","1777040154141","hrmyaoizjhpmocyndpg","Noise ordinances should be stricter in residential zones","1777038185569","1","false"
"fksripew6vimocyncyw","Scalability test room","76oh4z0wbi3mocyndph","Historic preservation limits necessary urban growth","1777040155644","9lohmtyxcdlmocyndpg","Historic preservation limits necessary urban growth","1777038333348","1","false"
"fksripew6vimocyncyw","Scalability test room","ptameqnvoqmocyndpg","Farmers markets support local food systems","1777040163984","7i7mz09octmocyndpg","Farmers markets support local food systems","1777038297563","1","false"
"fksripew6vimocyncyw","Scalability test room","yqpcmsyotmcmocyndph","Affordable housing quotas should apply to all new developments","1777040169620","ymwt7s753yemocyndph","Affordable housing quotas should apply to all new developments","1777038191245","1","false"
"fksripew6vimocyncyw","Scalability test room","efalo432qsmocyndpg","Community gardens strengthen neighborhood social bonds","1777040171192","sjn272sictmocyndpg","Community gardens strengthen neighborhood social bonds","1777038428865","1","false"
"fksripew6vimocyncyw","Scalability test room","edf00ji7vjkmocyndpg","Farmers markets support local food systems","1777040174374","7i7mz09octmocyndpg","Farmers markets support local food systems","1777038297563","1","false"
"fksripew6vimocyncyw","Scalability test room","s2i4f9zrmnrmocyndph","Historic preservation limits necessary urban growth","1777040176588","9lohmtyxcdlmocyndpg","Historic preservation limits necessary urban growth","1777038333348","1","false"
"fksripew6vimocyncyw","Scalability test room","7vc6tfdrughmocyndph","Food trucks add vibrancy to urban commercial corridors","1777040179869","nm6lyi2gmmpmocyndph","Food trucks add vibrancy to urban commercial corridors","1777038259457","1","false"
"fksripew6vimocyncyw","Scalability test room","5zy9q3xbocymocyndph","Solar panels should be required on all new construction","1777040182794","n9wbepumm7smocyndph","Solar panels should be required on all new construction","1777038196508","1","false"
"fksripew6vimocyncyw","Scalability test room","m6loatahhmocyndph","Historic preservation limits necessary urban growth","1777040184574","9lohmtyxcdlmocyndpg","Historic preservation limits necessary urban growth","1777038333348","1","false"
"fksripew6vimocyncyw","Scalability test room","6n6rlst797mocyndpg","Farmers markets support local food systems","1777040186576","7i7mz09octmocyndpg","Farmers markets support local food systems","1777038297563","1","false"
"fksripew6vimocyncyw","Scalability test room","ye2ry3uzbjhmocyndpg","Public libraries are essential community infrastructure","1777040191244","a8un82hevjmocyndph","Public libraries are essential community infrastructure","1777038298788","1","false"
"fksripew6vimocyncyw","Scalability test room","pqut6hnhqnmocyndph","Electric vehicle charging should be publicly funded","1777040192145","0iahd8bgt0nnmocyndph","Electric vehicle charging should be publicly funded","1777038233357","1","false"
"fksripew6vimocyncyw","Scalability test room","utpdh55277mocyndph","Food trucks add vibrancy to urban commercial corridors","1777040196739","nm6lyi2gmmpmocyndph","Food trucks add vibrancy to urban commercial corridors","1777038259457","1","false"
"fksripew6vimocyncyw","Scalability test room","pa6sqwb6vimocyndph","Urban density reduces per-capita carbon footprint","1777040198131","vijo8zfil3mocyndph","Urban density reduces per-capita carbon footprint","1777038231228","1","false"
"fksripew6vimocyncyw","Scalability test room","0yl37p1s9iacmocyndph","Street parking fees should fund public transportation","1777040199353","53zoz9ljx38mocyndph","Street parking fees should fund public transportation","1777038214655","1","false"
"fksripew6vimocyncyw","Scalability test room","ia6p7wp5comocyndph","Remote work has permanently changed how we use office space","1777040203923","2l12sa9n8k8mocyndph","Remote work has permanently changed how we use office space","1777038235211","1","false"
"fksripew6vimocyncyw","Scalability test room","ivqav46nnumocyndph","Public libraries are essential community infrastructure","1777040204309","a8un82hevjmocyndph","Public libraries are essential community infrastructure","1777038298788","1","false"
"fksripew6vimocyncyw","Scalability test room","12l9bjpnvlwmocyndph","Bike lanes should replace parking on main streets","1777040207648","ktvy17do6ommocyndpg","Bike lanes should replace parking on main streets","1777038488482","1","false"
"fksripew6vimocyncyw","Scalability test room","edelkg37r1emocyndph","Local businesses deserve priority over national chains","1777040215038","i8t7rph3eabmocyndph","Local businesses deserve priority over national chains","1777038211631","1","false"
"fksripew6vimocyncyw","Scalability test room","ex7dk464m1mocyndph","Food trucks add vibrancy to urban commercial corridors","1777040216702","nm6lyi2gmmpmocyndph","Food trucks add vibrancy to urban commercial corridors","1777038259457","1","false"
"fksripew6vimocyncyw","Scalability test room","zlz2fk58zgjmocyndpg","Urban density reduces per-capita carbon footprint","1777040220064","vijo8zfil3mocyndph","Urban density reduces per-capita carbon footprint","1777038231228","1","false"
"fksripew6vimocyncyw","Scalability test room","52qmdkzcawhmocyndpg","The city should invest more in public transit infrastructure","1777040226306","5yuaglu5wu9mocyndph","The city should invest more in public transit infrastructure","1777038303085","1","false"
"fksripew6vimocyncyw","Scalability test room","0af0xyh6p5ptmocyndpg","The city should invest more in public transit infrastructure","1777040228543","5yuaglu5wu9mocyndph","The city should invest more in public transit infrastructure","1777038303085","1","false"
"fksripew6vimocyncyw","Scalability test room","2no9xin9184mocyndpg","Remote work has permanently changed how we use office space","1777040235636","2l12sa9n8k8mocyndph","Remote work has permanently changed how we use office space","1777038235211","1","false"
"fksripew6vimocyncyw","Scalability test room","7q0axqc728fmocyndpg","Electric vehicle charging should be publicly funded","1777040235650","0iahd8bgt0nnmocyndph","Electric vehicle charging should be publicly funded","1777038233357","1","false"
"fksripew6vimocyncyw","Scalability test room","ko5cv44z99gmocyndph","Solar panels should be required on all new construction","1777040236389","n9wbepumm7smocyndph","Solar panels should be required on all new construction","1777038196508","1","false"
"fksripew6vimocyncyw","Scalability test room","gkm6snjj4ppmocyndpg","Food trucks add vibrancy to urban commercial corridors","1777040247218","nm6lyi2gmmpmocyndph","Food trucks add vibrancy to urban commercial corridors","1777038259457","1","false"
"fksripew6vimocyncyw","Scalability test room","nn5wf33yo3rmocyndph","Historic preservation limits necessary urban growth","1777040252033","9lohmtyxcdlmocyndpg","Historic preservation limits necessary urban growth","1777038333348","1","false"
"fksripew6vimocyncyw","Scalability test room","5s52jtawdt9mocyndpg","Mixed-use zoning makes neighborhoods more livable","1777040253234","f3jrnyn5ljimocyndph","Mixed-use zoning makes neighborhoods more livable","1777038212394","1","false"
"fksripew6vimocyncyw","Scalability test room","ps1a7vn5tbpmocyndph","Bike lanes should replace parking on main streets","1777040253961","ktvy17do6ommocyndpg","Bike lanes should replace parking on main streets","1777038488482","1","false"
"fksripew6vimocyncyw","Scalability test room","6lj0rxlwm2jmocyndpg","Urban density reduces per-capita carbon footprint","1777040254536","vijo8zfil3mocyndph","Urban density reduces per-capita carbon footprint","1777038231228","1","false"
"fksripew6vimocyncyw","Scalability test room","ias1vsqswagmocyndpg","Remote work has permanently changed how we use office space","1777040255246","2l12sa9n8k8mocyndph","Remote work has permanently changed how we use office space","1777038235211","1","false"
"fksripew6vimocyncyw","Scalability test room","wp3mf9rg1ubmocyndph","Food trucks add vibrancy to urban commercial corridors","1777040256345","nm6lyi2gmmpmocyndph","Food trucks add vibrancy to urban commercial corridors","1777038259457","1","false"
"fksripew6vimocyncyw","Scalability test room","x3q1wz1rp4lmocyndpg","Solar panels should be required on all new construction","1777040256856","n9wbepumm7smocyndph","Solar panels should be required on all new construction","1777038196508","1","false"
"fksripew6vimocyncyw","Scalability test room","7fkkbepn6fqmocyndph","Street parking fees should fund public transportation","1777040263230","53zoz9ljx38mocyndph","Street parking fees should fund public transportation","1777038214655","1","false"
"fksripew6vimocyncyw","Scalability test room","q9z1kjat5hmocyndpg","Green spaces improve mental health in urban environments","1777040263833","4et2f6n7jgtmocyndpg","Green spaces improve mental health in urban environments","1777038223040","1","false"
"fksripew6vimocyncyw","Scalability test room","rxnuw9ugkcpmocyndph","Public libraries are essential community infrastructure","1777040266370","a8un82hevjmocyndph","Public libraries are essential community infrastructure","1777038298788","1","false"
"fksripew6vimocyncyw","Scalability test room","bi530bc16rwmocyndpg","Remote work has permanently changed how we use office space","1777040276474","2l12sa9n8k8mocyndph","Remote work has permanently changed how we use office space","1777038235211","1","false"
"fksripew6vimocyncyw","Scalability test room","p4gzxzeq2frmocyndpg","Rent control protects long-term residents from displacement","1777040278852","0m2x18tokdfmocyndpg","Rent control protects long-term residents from displacement","1777038214129","1","false"
"fksripew6vimocyncyw","Scalability test room","p53cg8zazpmocyndph","Remote work has permanently changed how we use office space","1777040281551","2l12sa9n8k8mocyndph","Remote work has permanently changed how we use office space","1777038235211","1","false"
"fksripew6vimocyncyw","Scalability test room","jufs9wiztpomocyndph","The city should invest more in public transit infrastructure","1777040285876","5yuaglu5wu9mocyndph","The city should invest more in public transit infrastructure","1777038303085","1","false"
"fksripew6vimocyncyw","Scalability test room","h3f6vo3lxz8mocyndpg","Solar panels should be required on all new construction","1777040290897","n9wbepumm7smocyndph","Solar panels should be required on all new construction","1777038196508","1","false"
"fksripew6vimocyncyw","Scalability test room","kols2xxy0lomocyndpg","Street parking fees should fund public transportation","1777040291022","53zoz9ljx38mocyndph","Street parking fees should fund public transportation","1777038214655","1","false"
"fksripew6vimocyncyw","Scalability test room","pnb05z3fctmocyndpg","Affordable housing quotas should apply to all new developments","1777040292044","ymwt7s753yemocyndph","Affordable housing quotas should apply to all new developments","1777038191245","1","false"
"fksripew6vimocyncyw","Scalability test room","nyme10xwigmocyndpg","Rent control protects long-term residents from displacement","1777040294091","0m2x18tokdfmocyndpg","Rent control protects long-term residents from displacement","1777038214129","1","false"
"fksripew6vimocyncyw","Scalability test room","vp9pcc8ksdnmocyndph","Local businesses deserve priority over national chains","1777040296821","i8t7rph3eabmocyndph","Local businesses deserve priority over national chains","1777038211631","1","false"
"fksripew6vimocyncyw","Scalability test room","gp9m4k4jxj9mocyndph","Historic preservation limits necessary urban growth","1777040297920","9lohmtyxcdlmocyndpg","Historic preservation limits necessary urban growth","1777038333348","1","false"
"fksripew6vimocyncyw","Scalability test room","vhz9rglk8kemocyndpg","Affordable housing quotas should apply to all new developments","1777040297991","ymwt7s753yemocyndph","Affordable housing quotas should apply to all new developments","1777038191245","1","false"
"fksripew6vimocyncyw","Scalability test room","xefjsma4mhmocyndph","Electric vehicle charging should be publicly funded","1777040300036","0iahd8bgt0nnmocyndph","Electric vehicle charging should be publicly funded","1777038233357","1","false"
"fksripew6vimocyncyw","Scalability test room","sk6wuomvq8pmocyndph","Street parking fees should fund public transportation","1777040301710","53zoz9ljx38mocyndph","Street parking fees should fund public transportation","1777038214655","1","false"
"fksripew6vimocyncyw","Scalability test room","pskjmp0pscmocyndpg","Bike lanes should replace parking on main streets","1777040314023","ktvy17do6ommocyndpg","Bike lanes should replace parking on main streets","1777038488482","1","false"
"fksripew6vimocyncyw","Scalability test room","ors2p82fkkmocyndpg","Green spaces improve mental health in urban environments","1777040314354","4et2f6n7jgtmocyndpg","Green spaces improve mental health in urban environments","1777038223040","1","false"
"fksripew6vimocyncyw","Scalability test room","wiglzcz6jxmocyndph","Public libraries are essential community infrastructure","1777040314706","a8un82hevjmocyndph","Public libraries are essential community infrastructure","1777038298788","1","false"
"fksripew6vimocyncyw","Scalability test room","p5dlld5uwvmocyndph","Farmers markets support local food systems","1777040319122","7i7mz09octmocyndpg","Farmers markets support local food systems","1777038297563","1","false"
"fksripew6vimocyncyw","Scalability test room","95vx5lmv7amocyndpg","The city should invest more in public transit infrastructure","1777040319178","5yuaglu5wu9mocyndph","The city should invest more in public transit infrastructure","1777038303085","1","false"
"fksripew6vimocyncyw","Scalability test room","qio1nfl5fmmocyndph","Public libraries are essential community infrastructure","1777040324052","a8un82hevjmocyndph","Public libraries are essential community infrastructure","1777038298788","1","false"
"fksripew6vimocyncyw","Scalability test room","bux9dls9beamocyndph","Solar panels should be required on all new construction","1777040327351","n9wbepumm7smocyndph","Solar panels should be required on all new construction","1777038196508","1","false"
"fksripew6vimocyncyw","Scalability test room","ufds8vj6elomocyndpg","Affordable housing quotas should apply to all new developments","1777040329753","ymwt7s753yemocyndph","Affordable housing quotas should apply to all new developments","1777038191245","1","false"
"fksripew6vimocyncyw","Scalability test room","4fwdpgbcwc7mocyndph","Remote work has permanently changed how we use office space","1777040330784","2l12sa9n8k8mocyndph","Remote work has permanently changed how we use office space","1777038235211","1","false"
"fksripew6vimocyncyw","Scalability test room","ise6d0v6z6pmocyndph","Trees on residential streets should be protected by law","1777040331351","ou1m2ysw7rmocyndpg","Trees on residential streets should be protected by law","1777038208005","1","false"
"fksripew6vimocyncyw","Scalability test room","d3ovtj3xlyjmocyndpi","Historic preservation limits necessary urban growth","1777040334661","9lohmtyxcdlmocyndpg","Historic preservation limits necessary urban growth","1777038333348","1","false"
"fksripew6vimocyncyw","Scalability test room","xu7684qygcpmocyndph","Trees on residential streets should be protected by law","1777040336850","ou1m2ysw7rmocyndpg","Trees on residential streets should be protected by law","1777038208005","1","false"
"fksripew6vimocyncyw","Scalability test room","vs19v09jpxhmocyndpg","Noise ordinances should be stricter in residential zones","1777040339501","hrmyaoizjhpmocyndpg","Noise ordinances should be stricter in residential zones","1777038185569","1","false"
"fksripew6vimocyncyw","Scalability test room","bfbmtcl9nzimocyndph","Street parking fees should fund public transportation","1777040340314","53zoz9ljx38mocyndph","Street parking fees should fund public transportation","1777038214655","1","false"
"fksripew6vimocyncyw","Scalability test room","e1u5veppt6kmocyndph","Farmers markets support local food systems","1777040346510","7i7mz09octmocyndpg","Farmers markets support local food systems","1777038297563","1","false"
"fksripew6vimocyncyw","Scalability test room","6or9myc07dgmocyndph","Street parking fees should fund public transportation","1777040348050","53zoz9ljx38mocyndph","Street parking fees should fund public transportation","1777038214655","1","false"
"fksripew6vimocyncyw","Scalability test room","e9fydjygu8umocyndph","Pedestrian-first street design reduces traffic accidents","1777040348502","38jtdv5c7lfmocyndph","Pedestrian-first street design reduces traffic accidents","1777038277030","1","false"
"fksripew6vimocyncyw","Scalability test room","ut0xecxwm2mocyndph","Bike lanes should replace parking on main streets","1777040356298","ktvy17do6ommocyndpg","Bike lanes should replace parking on main streets","1777038488482","1","false"
"fksripew6vimocyncyw","Scalability test room","wpu8yz09ljkmocyndpg","Mixed-use zoning makes neighborhoods more livable","1777040356372","f3jrnyn5ljimocyndph","Mixed-use zoning makes neighborhoods more livable","1777038212394","1","false"
"fksripew6vimocyncyw","Scalability test room","3g550d4qdt5mocyndpg","Public libraries are essential community infrastructure","1777040357807","a8un82hevjmocyndph","Public libraries are essential community infrastructure","1777038298788","1","false"
"fksripew6vimocyncyw","Scalability test room","qzgumcnbljmocyndpg","Electric vehicle charging should be publicly funded","1777040359137","0iahd8bgt0nnmocyndph","Electric vehicle charging should be publicly funded","1777038233357","1","false"
"fksripew6vimocyncyw","Scalability test room","opw6hti5c6omocyndph","Mixed-use zoning makes neighborhoods more livable","1777040360934","f3jrnyn5ljimocyndph","Mixed-use zoning makes neighborhoods more livable","1777038212394","1","false"
"fksripew6vimocyncyw","Scalability test room","8vc2q8qu8ermocyndph","Affordable housing quotas should apply to all new developments","1777040366576","ymwt7s753yemocyndph","Affordable housing quotas should apply to all new developments","1777038191245","1","false"
"fksripew6vimocyncyw","Scalability test room","30bon1anq3ymocyndpg","The city should invest more in public transit infrastructure","1777040370002","5yuaglu5wu9mocyndph","The city should invest more in public transit infrastructure","1777038303085","1","false"
"fksripew6vimocyncyw","Scalability test room","64ct6fqiagomocyndpg","Community gardens strengthen neighborhood social bonds","1777040376020","sjn272sictmocyndpg","Community gardens strengthen neighborhood social bonds","1777038428865","1","false"
"fksripew6vimocyncyw","Scalability test room","l1abkhinhcmocyndpg","Bike lanes should replace parking on main streets","1777040382461","ktvy17do6ommocyndpg","Bike lanes should replace parking on main streets","1777038488482","1","false"
"fksripew6vimocyncyw","Scalability test room","tq67w642zermocyndpg","Food trucks add vibrancy to urban commercial corridors","1777040386611","nm6lyi2gmmpmocyndph","Food trucks add vibrancy to urban commercial corridors","1777038259457","1","false"
"fksripew6vimocyncyw","Scalability test room","6w6p8w9c1qumocyndph","Mixed-use zoning makes neighborhoods more livable","1777040390258","f3jrnyn5ljimocyndph","Mixed-use zoning makes neighborhoods more livable","1777038212394","1","false"
"fksripew6vimocyncyw","Scalability test room","dryklhdq18mocyndph","Pedestrian-first street design reduces traffic accidents","1777040390756","38jtdv5c7lfmocyndph","Pedestrian-first street design reduces traffic accidents","1777038277030","1","false"
"fksripew6vimocyncyw","Scalability test room","tqg9h50au68mocyndpg","Affordable housing quotas should apply to all new developments","1777040392293","ymwt7s753yemocyndph","Affordable housing quotas should apply to all new developments","1777038191245","1","false"
"fksripew6vimocyncyw","Scalability test room","7yrofj1b6hbmocyndpg","Remote work has permanently changed how we use office space","1777040394237","2l12sa9n8k8mocyndph","Remote work has permanently changed how we use office space","1777038235211","1","false"
"fksripew6vimocyncyw","Scalability test room","tzeok4pzhgmocyndph","Bike lanes should replace parking on main streets","1777040394573","ktvy17do6ommocyndpg","Bike lanes should replace parking on main streets","1777038488482","1","false"
"fksripew6vimocyncyw","Scalability test room","rw4nyn8kp6emocyndph","Trees on residential streets should be protected by law","1777040396332","ou1m2ysw7rmocyndpg","Trees on residential streets should be protected by law","1777038208005","1","false"
"fksripew6vimocyncyw","Scalability test room","5tmla8obnefmocyndph","Public libraries are essential community infrastructure","1777040397580","a8un82hevjmocyndph","Public libraries are essential community infrastructure","1777038298788","1","false"
"fksripew6vimocyncyw","Scalability test room","9oswtyposimocyndph","Urban density reduces per-capita carbon footprint","1777040401060","vijo8zfil3mocyndph","Urban density reduces per-capita carbon footprint","1777038231228","1","false"
"fksripew6vimocyncyw","Scalability test room","z7e70z6xloimocyndpg","Green spaces improve mental health in urban environments","1777040407702","4et2f6n7jgtmocyndpg","Green spaces improve mental health in urban environments","1777038223040","1","false"
"fksripew6vimocyncyw","Scalability test room","zbnxcgc53imocyndpg","Farmers markets support local food systems","1777040411244","7i7mz09octmocyndpg","Farmers markets support local food systems","1777038297563","1","false"
"fksripew6vimocyncyw","Scalability test room","vr75c8ycbymocyndpg","Public libraries are essential community infrastructure","1777040414794","a8un82hevjmocyndph","Public libraries are essential community infrastructure","1777038298788","1","false"
"fksripew6vimocyncyw","Scalability test room","rfcmc2b6w7mocyndpg","Food trucks add vibrancy to urban commercial corridors","1777040418900","nm6lyi2gmmpmocyndph","Food trucks add vibrancy to urban commercial corridors","1777038259457","1","false"
"fksripew6vimocyncyw","Scalability test room","noo1n4aknd7mocyndph","Rent control protects long-term residents from displacement","1777040419209","0m2x18tokdfmocyndpg","Rent control protects long-term residents from displacement","1777038214129","1","false"
"fksripew6vimocyncyw","Scalability test room","xopsiz9miygmocyndph","Bike lanes should replace parking on main streets","1777040427470","ktvy17do6ommocyndpg","Bike lanes should replace parking on main streets","1777038488482","1","false"
"fksripew6vimocyncyw","Scalability test room","csdllk6eptcmocyndph","Rent control protects long-term residents from displacement","1777040436633","0m2x18tokdfmocyndpg","Rent control protects long-term residents from displacement","1777038214129","1","false"
"fksripew6vimocyncyw","Scalability test room","cwl5d0rxt5amocyndpg","Historic preservation limits necessary urban growth","1777040437398","9lohmtyxcdlmocyndpg","Historic preservation limits necessary urban growth","1777038333348","1","false"
"fksripew6vimocyncyw","Scalability test room","k0w5nprokygmocyndph","Historic preservation limits necessary urban growth","1777040440746","9lohmtyxcdlmocyndpg","Historic preservation limits necessary urban growth","1777038333348","1","false"
"fksripew6vimocyncyw","Scalability test room","pqfyb7kciecmocyndpg","Affordable housing quotas should apply to all new developments","1777040441771","ymwt7s753yemocyndph","Affordable housing quotas should apply to all new developments","1777038191245","1","false"
"fksripew6vimocyncyw","Scalability test room","bdpxf3g6vo4mocyndph","Affordable housing quotas should apply to all new developments","1777040443529","ymwt7s753yemocyndph","Affordable housing quotas should apply to all new developments","1777038191245","1","false"
"fksripew6vimocyncyw","Scalability test room","bk7nh7ly3pwmocyndph","Community gardens strengthen neighborhood social bonds","1777040444624","sjn272sictmocyndpg","Community gardens strengthen neighborhood social bonds","1777038428865","1","false"
"fksripew6vimocyncyw","Scalability test room","6ew8dk4nr3mocyndpg","Historic preservation limits necessary urban growth","1777040448306","9lohmtyxcdlmocyndpg","Historic preservation limits necessary urban growth","1777038333348","1","false"
"fksripew6vimocyncyw","Scalability test room","goeuhlq5hgmmocyndph","Solar panels should be required on all new construction","1777040450354","n9wbepumm7smocyndph","Solar panels should be required on all new construction","1777038196508","1","false"
"fksripew6vimocyncyw","Scalability test room","dyy1we9eqymocyndpg","Remote work has permanently changed how we use office space","1777040453242","2l12sa9n8k8mocyndph","Remote work has permanently changed how we use office space","1777038235211","1","false"
"fksripew6vimocyncyw","Scalability test room","1fiifgcumxlmocyndph","Trees on residential streets should be protected by law","1777040455353","ou1m2ysw7rmocyndpg","Trees on residential streets should be protected by law","1777038208005","1","false"
"fksripew6vimocyncyw","Scalability test room","yplv74ovd8mocyndpg","Noise ordinances should be stricter in residential zones","1777040456638","hrmyaoizjhpmocyndpg","Noise ordinances should be stricter in residential zones","1777038185569","1","false"
"fksripew6vimocyncyw","Scalability test room","vmn0nj3cstmocyndpg","Urban density reduces per-capita carbon footprint","1777040462430","vijo8zfil3mocyndph","Urban density reduces per-capita carbon footprint","1777038231228","1","false"
"fksripew6vimocyncyw","Scalability test room","iioshq3yc6hmocyndpg","Pedestrian-first street design reduces traffic accidents","1777040464021","38jtdv5c7lfmocyndph","Pedestrian-first street design reduces traffic accidents","1777038277030","1","false"
"fksripew6vimocyncyw","Scalability test room","r0dfbtmhoqcmocyndph","Noise ordinances should be stricter in residential zones","1777040467890","hrmyaoizjhpmocyndpg","Noise ordinances should be stricter in residential zones","1777038185569","1","false"
"fksripew6vimocyncyw","Scalability test room","iqxzi432z3qmocyndph","Bike lanes should replace parking on main streets","1777040468508","ktvy17do6ommocyndpg","Bike lanes should replace parking on main streets","1777038488482","1","false"
"fksripew6vimocyncyw","Scalability test room","pwgazq1j1smocyndph","Street parking fees should fund public transportation","1777040469002","53zoz9ljx38mocyndph","Street parking fees should fund public transportation","1777038214655","1","false"
"fksripew6vimocyncyw","Scalability test room","u182y8zvlhmocyndpg","Historic preservation limits necessary urban growth","1777040471020","9lohmtyxcdlmocyndpg","Historic preservation limits necessary urban growth","1777038333348","1","false"
"fksripew6vimocyncyw","Scalability test room","46h1x3hu1j7mocyndpg","Historic preservation limits necessary urban growth","1777040476718","9lohmtyxcdlmocyndpg","Historic preservation limits necessary urban growth","1777038333348","1","false"
"fksripew6vimocyncyw","Scalability test room","gldnbjgu7apmocyndph","Green spaces improve mental health in urban environments","1777040476852","4et2f6n7jgtmocyndpg","Green spaces improve mental health in urban environments","1777038223040","1","false"
"fksripew6vimocyncyw","Scalability test room","k1dx49x80zmocyndph","Remote work has permanently changed how we use office space","1777040496547","2l12sa9n8k8mocyndph","Remote work has permanently changed how we use office space","1777038235211","1","false"
"fksripew6vimocyncyw","Scalability test room","9b50j8x2ezrmocyndpg","Food trucks add vibrancy to urban commercial corridors","1777040505578","nm6lyi2gmmpmocyndph","Food trucks add vibrancy to urban commercial corridors","1777038259457","1","false"
"fksripew6vimocyncyw","Scalability test room","5k8165k1mcmocyndpg","Local businesses deserve priority over national chains","1777040507649","i8t7rph3eabmocyndph","Local businesses deserve priority over national chains","1777038211631","1","false"
"fksripew6vimocyncyw","Scalability test room","2s1buv68behmocyndpg","Farmers markets support local food systems","1777040512655","7i7mz09octmocyndpg","Farmers markets support local food systems","1777038297563","1","false"
"fksripew6vimocyncyw","Scalability test room","copfjt2s90umocyndph","Local businesses deserve priority over national chains","1777040513702","i8t7rph3eabmocyndph","Local businesses deserve priority over national chains","1777038211631","1","false"
"fksripew6vimocyncyw","Scalability test room","j1dds2ukscmocyndph","Public libraries are essential community infrastructure","1777040517683","a8un82hevjmocyndph","Public libraries are essential community infrastructure","1777038298788","1","false"
"fksripew6vimocyncyw","Scalability test room","zar46eqstbmocyndpg","Affordable housing quotas should apply to all new developments","1777040522854","ymwt7s753yemocyndph","Affordable housing quotas should apply to all new developments","1777038191245","1","false"
"fksripew6vimocyncyw","Scalability test room","u86inqn59ksmocyndpg","Mixed-use zoning makes neighborhoods more livable","1777040531280","f3jrnyn5ljimocyndph","Mixed-use zoning makes neighborhoods more livable","1777038212394","1","false"
"fksripew6vimocyncyw","Scalability test room","yqufexudgmcmocyndph","The city should invest more in public transit infrastructure","1777040539005","5yuaglu5wu9mocyndph","The city should invest more in public transit infrastructure","1777038303085","1","false"
"fksripew6vimocyncyw","Scalability test room","ph6xytuh5nnmocyndph","Noise ordinances should be stricter in residential zones","1777040545050","hrmyaoizjhpmocyndpg","Noise ordinances should be stricter in residential zones","1777038185569","1","false"
"fksripew6vimocyncyw","Scalability test room","dkkhqzgknqumocyndpg","Bike lanes should replace parking on main streets","1777040546008","ktvy17do6ommocyndpg","Bike lanes should replace parking on main streets","1777038488482","1","false"
"fksripew6vimocyncyw","Scalability test room","qnmp7jacxjmocyndpg","Farmers markets support local food systems","1777040547033","7i7mz09octmocyndpg","Farmers markets support local food systems","1777038297563","1","false"
"fksripew6vimocyncyw","Scalability test room","9flgpoobyximocyndpg","Mixed-use zoning makes neighborhoods more livable","1777040548716","f3jrnyn5ljimocyndph","Mixed-use zoning makes neighborhoods more livable","1777038212394","1","false"
"fksripew6vimocyncyw","Scalability test room","jck7pprqabhmocyndph","Community gardens strengthen neighborhood social bonds","1777040551958","sjn272sictmocyndpg","Community gardens strengthen neighborhood social bonds","1777038428865","1","false"
"fksripew6vimocyncyw","Scalability test room","5ahf2xjiy0gmocyndpi","Solar panels should be required on all new construction","1777040554023","n9wbepumm7smocyndph","Solar panels should be required on all new construction","1777038196508","1","false"
"fksripew6vimocyncyw","Scalability test room","9m39nzkjgremocyndph","Historic preservation limits necessary urban growth","1777040554066","9lohmtyxcdlmocyndpg","Historic preservation limits necessary urban growth","1777038333348","1","false"
"fksripew6vimocyncyw","Scalability test room","5lywjngmv42mocyndpg","Remote work has permanently changed how we use office space","1777040557784","2l12sa9n8k8mocyndph","Remote work has permanently changed how we use office space","1777038235211","1","false"
"fksripew6vimocyncyw","Scalability test room","h20ncyvzrqmocyndpg","Food trucks add vibrancy to urban commercial corridors","1777040563771","nm6lyi2gmmpmocyndph","Food trucks add vibrancy to urban commercial corridors","1777038259457","1","false"
"fksripew6vimocyncyw","Scalability test room","9tstumoz9wmocyndph","Solar panels should be required on all new construction","1777040572336","n9wbepumm7smocyndph","Solar panels should be required on all new construction","1777038196508","1","false"
"fksripew6vimocyncyw","Scalability test room","61w7tzmedmocyndpg","Trees on residential streets should be protected by law","1777040577452","ou1m2ysw7rmocyndpg","Trees on residential streets should be protected by law","1777038208005","1","false"
"fksripew6vimocyncyw","Scalability test room","ylk83bul5kamocyndph","Local businesses deserve priority over national chains","1777040584903","i8t7rph3eabmocyndph","Local businesses deserve priority over national chains","1777038211631","1","false"
"fksripew6vimocyncyw","Scalability test room","u9p5jcy1afmocyndph","Green spaces improve mental health in urban environments","1777040595065","4et2f6n7jgtmocyndpg","Green spaces improve mental health in urban environments","1777038223040","1","false"
"fksripew6vimocyncyw","Scalability test room","70n309ehhxmocyndph","Trees on residential streets should be protected by law","1777040595572","ou1m2ysw7rmocyndpg","Trees on residential streets should be protected by law","1777038208005","1","false"
"fksripew6vimocyncyw","Scalability test room","dds07vsh269mocyndpg","Farmers markets support local food systems","1777040613281","7i7mz09octmocyndpg","Farmers markets support local food systems","1777038297563","1","false"
"fksripew6vimocyncyw","Scalability test room","dhclt6ld17mocyndph","Affordable housing quotas should apply to all new developments","1777040614154","ymwt7s753yemocyndph","Affordable housing quotas should apply to all new developments","1777038191245","1","false"
"fksripew6vimocyncyw","Scalability test room","w6hbmrpksnmocyndph","Trees on residential streets should be protected by law","1777040615279","ou1m2ysw7rmocyndpg","Trees on residential streets should be protected by law","1777038208005","1","false"
"fksripew6vimocyncyw","Scalability test room","d32y2dg5g4vmocyndph","Trees on residential streets should be protected by law","1777040622204","ou1m2ysw7rmocyndpg","Trees on residential streets should be protected by law","1777038208005","1","false"
"fksripew6vimocyncyw","Scalability test room","h9e48vg0oomocyndpg","Local businesses deserve priority over national chains","1777040623325","i8t7rph3eabmocyndph","Local businesses deserve priority over national chains","1777038211631","1","false"
"fksripew6vimocyncyw","Scalability test room","24jdwcmh35kmocyndpg","Community gardens strengthen neighborhood social bonds","1777040625715","sjn272sictmocyndpg","Community gardens strengthen neighborhood social bonds","1777038428865","1","false"
"fksripew6vimocyncyw","Scalability test room","yd29f7241r8mocyndpg","The city should invest more in public transit infrastructure","1777040626100","5yuaglu5wu9mocyndph","The city should invest more in public transit infrastructure","1777038303085","1","false"
"fksripew6vimocyncyw","Scalability test room","1yz0in7khk7mocyndph","Affordable housing quotas should apply to all new developments","1777040631060","ymwt7s753yemocyndph","Affordable housing quotas should apply to all new developments","1777038191245","1","false"
"fksripew6vimocyncyw","Scalability test room","w9hqdm9mcg8mocyndph","The city should invest more in public transit infrastructure","1777040636082","5yuaglu5wu9mocyndph","The city should invest more in public transit infrastructure","1777038303085","1","false"
"fksripew6vimocyncyw","Scalability test room","fuentuyk5ifmocyndpg","Bike lanes should replace parking on main streets","1777040643680","ktvy17do6ommocyndpg","Bike lanes should replace parking on main streets","1777038488482","1","false"
"fksripew6vimocyncyw","Scalability test room","1q6hgqhlwvwimocyndpg","Food trucks add vibrancy to urban commercial corridors","1777040646504","nm6lyi2gmmpmocyndph","Food trucks add vibrancy to urban commercial corridors","1777038259457","1","false"
"fksripew6vimocyncyw","Scalability test room","rd5vty5gsqmmocyndpg","Historic preservation limits necessary urban growth","1777040655208","9lohmtyxcdlmocyndpg","Historic preservation limits necessary urban growth","1777038333348","1","false"
"fksripew6vimocyncyw","Scalability test room","ci052d8dhutmocyndph","The city should invest more in public transit infrastructure","1777040656806","5yuaglu5wu9mocyndph","The city should invest more in public transit infrastructure","1777038303085","1","false"
"fksripew6vimocyncyw","Scalability test room","1ipumvuiohlmocyndpg","Historic preservation limits necessary urban growth","1777040659821","9lohmtyxcdlmocyndpg","Historic preservation limits necessary urban growth","1777038333348","1","false"
"fksripew6vimocyncyw","Scalability test room","r1q3mm71dimocyndpg","Pedestrian-first street design reduces traffic accidents","1777040660208","38jtdv5c7lfmocyndph","Pedestrian-first street design reduces traffic accidents","1777038277030","1","false"
"fksripew6vimocyncyw","Scalability test room","dfdqnycjkddmocyndph","Local businesses deserve priority over national chains","1777040661695","i8t7rph3eabmocyndph","Local businesses deserve priority over national chains","1777038211631","1","false"
"fksripew6vimocyncyw","Scalability test room","nl997r011emocyndpg","Mixed-use zoning makes neighborhoods more livable","1777040661826","f3jrnyn5ljimocyndph","Mixed-use zoning makes neighborhoods more livable","1777038212394","1","false"
"fksripew6vimocyncyw","Scalability test room","acx957ez5dbmocyndpg","Local businesses deserve priority over national chains","1777040672625","i8t7rph3eabmocyndph","Local businesses deserve priority over national chains","1777038211631","1","false"
"fksripew6vimocyncyw","Scalability test room","wzfxbw3jpadmocyndpg","Local businesses deserve priority over national chains","1777040674768","i8t7rph3eabmocyndph","Local businesses deserve priority over national chains","1777038211631","1","false"
"fksripew6vimocyncyw","Scalability test room","goo4zpjai8mmocyndph","Noise ordinances should be stricter in residential zones","1777040675559","hrmyaoizjhpmocyndpg","Noise ordinances should be stricter in residential zones","1777038185569","1","false"
"fksripew6vimocyncyw","Scalability test room","20xqcj8nl8pmocyndpg","Green spaces improve mental health in urban environments","1777040683408","4et2f6n7jgtmocyndpg","Green spaces improve mental health in urban environments","1777038223040","1","false"
"fksripew6vimocyncyw","Scalability test room","8h2lu4xjmnmocyndpg","Green spaces improve mental health in urban environments","1777040685407","4et2f6n7jgtmocyndpg","Green spaces improve mental health in urban environments","1777038223040","1","false"
"fksripew6vimocyncyw","Scalability test room","6nzcc76pxtamocyndph","Rent control protects long-term residents from displacement","1777040686339","0m2x18tokdfmocyndpg","Rent control protects long-term residents from displacement","1777038214129","1","false"
"fksripew6vimocyncyw","Scalability test room","dl1b78vddsmocyndph","The city should invest more in public transit infrastructure","1777040689020","5yuaglu5wu9mocyndph","The city should invest more in public transit infrastructure","1777038303085","1","false"
"fksripew6vimocyncyw","Scalability test room","z1b4l8ua8xmocyndpg","Local businesses deserve priority over national chains","1777040692312","i8t7rph3eabmocyndph","Local businesses deserve priority over national chains","1777038211631","1","false"
"fksripew6vimocyncyw","Scalability test room","ys8oxpbk8emocyndpg","Rent control protects long-term residents from displacement","1777040695170","0m2x18tokdfmocyndpg","Rent control protects long-term residents from displacement","1777038214129","1","false"
"fksripew6vimocyncyw","Scalability test room","fv3s0htw3kmocyndpg","Affordable housing quotas should apply to all new developments","1777040699388","ymwt7s753yemocyndph","Affordable housing quotas should apply to all new developments","1777038191245","1","false"
"fksripew6vimocyncyw","Scalability test room","6hjvqu9ela6mocyndph","Solar panels should be required on all new construction","1777040703316","n9wbepumm7smocyndph","Solar panels should be required on all new construction","1777038196508","1","false"
"fksripew6vimocyncyw","Scalability test room","vq5k88ll6mmocyndph","Bike lanes should replace parking on main streets","1777040704515","ktvy17do6ommocyndpg","Bike lanes should replace parking on main streets","1777038488482","1","false"
"fksripew6vimocyncyw","Scalability test room","avdqeyrjyomocyndph","Mixed-use zoning makes neighborhoods more livable","1777040709167","f3jrnyn5ljimocyndph","Mixed-use zoning makes neighborhoods more livable","1777038212394","1","false"
"fksripew6vimocyncyw","Scalability test room","cebolke4z5mmocyndpg","Local businesses deserve priority over national chains","1777040722611","i8t7rph3eabmocyndph","Local businesses deserve priority over national chains","1777038211631","1","false"
"fksripew6vimocyncyw","Scalability test room","l963ffxsq7kmocyndpg","Mixed-use zoning makes neighborhoods more livable","1777040723539","f3jrnyn5ljimocyndph","Mixed-use zoning makes neighborhoods more livable","1777038212394","1","false"
"fksripew6vimocyncyw","Scalability test room","f43f3n4hv7umocyndpg","Trees on residential streets should be protected by law","1777040727246","ou1m2ysw7rmocyndpg","Trees on residential streets should be protected by law","1777038208005","1","false"
"fksripew6vimocyncyw","Scalability test room","hikj86i09m8mocyndpg","Historic preservation limits necessary urban growth","1777040728447","9lohmtyxcdlmocyndpg","Historic preservation limits necessary urban growth","1777038333348","1","false"
"fksripew6vimocyncyw","Scalability test room","h30qcwd7cysmocyndpg","Mixed-use zoning makes neighborhoods more livable","1777040733550","f3jrnyn5ljimocyndph","Mixed-use zoning makes neighborhoods more livable","1777038212394","1","false"
"fksripew6vimocyncyw","Scalability test room","tvfmqjn8q0smocyndph","Urban density reduces per-capita carbon footprint","1777040736173","vijo8zfil3mocyndph","Urban density reduces per-capita carbon footprint","1777038231228","1","false"
"fksripew6vimocyncyw","Scalability test room","8zxpzva2j5wmocyndph","Affordable housing quotas should apply to all new developments","1777040739179","ymwt7s753yemocyndph","Affordable housing quotas should apply to all new developments","1777038191245","1","false"
"fksripew6vimocyncyw","Scalability test room","pt50il9cg2fmocyndpg","Bike lanes should replace parking on main streets","1777040741003","ktvy17do6ommocyndpg","Bike lanes should replace parking on main streets","1777038488482","1","false"
"fksripew6vimocyncyw","Scalability test room","o8o27kr2b4rmocyndpg","Trees on residential streets should be protected by law","1777040746451","ou1m2ysw7rmocyndpg","Trees on residential streets should be protected by law","1777038208005","1","false"
"fksripew6vimocyncyw","Scalability test room","pj3ik92bnkkmocyndph","Noise ordinances should be stricter in residential zones","1777040754641","hrmyaoizjhpmocyndpg","Noise ordinances should be stricter in residential zones","1777038185569","1","false"
"fksripew6vimocyncyw","Scalability test room","45ja0fpri1omocyndpg","Solar panels should be required on all new construction","1777040762206","n9wbepumm7smocyndph","Solar panels should be required on all new construction","1777038196508","1","false"
"fksripew6vimocyncyw","Scalability test room","ua0o677vn1mocyndph","Electric vehicle charging should be publicly funded","1777040768368","0iahd8bgt0nnmocyndph","Electric vehicle charging should be publicly funded","1777038233357","1","false"
"fksripew6vimocyncyw","Scalability test room","m0rg9b4ufbmocyndph","Remote work has permanently changed how we use office space","1777040778432","2l12sa9n8k8mocyndph","Remote work has permanently changed how we use office space","1777038235211","1","false"
"fksripew6vimocyncyw","Scalability test room","j6w8fgh3sgcmocyndph","The city should invest more in public transit infrastructure","1777040783890","5yuaglu5wu9mocyndph","The city should invest more in public transit infrastructure","1777038303085","1","false"
"fksripew6vimocyncyw","Scalability test room","v84cqyk30uqmocyndpg","Bike lanes should replace parking on main streets","1777040791633","ktvy17do6ommocyndpg","Bike lanes should replace parking on main streets","1777038488482","1","false"
"fksripew6vimocyncyw","Scalability test room","3b50mkp3h6wmocyndpg","Remote work has permanently changed how we use office space","1777040792358","2l12sa9n8k8mocyndph","Remote work has permanently changed how we use office space","1777038235211","1","false"
"fksripew6vimocyncyw","Scalability test room","k524o1tsbcmocyndpg","Farmers markets support local food systems","1777040793733","7i7mz09octmocyndpg","Farmers markets support local food systems","1777038297563","1","false"
"fksripew6vimocyncyw","Scalability test room","akpy1m2m5amocyndph","Solar panels should be required on all new construction","1777040800132","n9wbepumm7smocyndph","Solar panels should be required on all new construction","1777038196508","1","false"
"fksripew6vimocyncyw","Scalability test room","a7hrkf3p09wmocyndph","Local businesses deserve priority over national chains","1777040805215","i8t7rph3eabmocyndph","Local businesses deserve priority over national chains","1777038211631","1","false"
"fksripew6vimocyncyw","Scalability test room","qpyiz4otwlqmocyndph","Green spaces improve mental health in urban environments","1777040807960","4et2f6n7jgtmocyndpg","Green spaces improve mental health in urban environments","1777038223040","1","false"
"fksripew6vimocyncyw","Scalability test room","33ogt9nqr2umocyndph","Trees on residential streets should be protected by law","1777040809981","ou1m2ysw7rmocyndpg","Trees on residential streets should be protected by law","1777038208005","1","false"
"fksripew6vimocyncyw","Scalability test room","ubj4cv1mbhomocyndph","Green spaces improve mental health in urban environments","1777040813559","4et2f6n7jgtmocyndpg","Green spaces improve mental health in urban environments","1777038223040","1","false"
"fksripew6vimocyncyw","Scalability test room","ar1gidmuv3pmocyndph","Remote work has permanently changed how we use office space","1777040822626","2l12sa9n8k8mocyndph","Remote work has permanently changed how we use office space","1777038235211","1","false"
"fksripew6vimocyncyw","Scalability test room","eursx1cyh3tmocyndph","Urban density reduces per-capita carbon footprint","1777040834144","vijo8zfil3mocyndph","Urban density reduces per-capita carbon footprint","1777038231228","1","false"
"fksripew6vimocyncyw","Scalability test room","ft77mf1q2fsmocyndpg","Noise ordinances should be stricter in residential zones","1777040837938","hrmyaoizjhpmocyndpg","Noise ordinances should be stricter in residential zones","1777038185569","1","false"
"fksripew6vimocyncyw","Scalability test room","xw3v5yw0vpqmocyndpg","Affordable housing quotas should apply to all new developments","1777040839517","ymwt7s753yemocyndph","Affordable housing quotas should apply to all new developments","1777038191245","1","false"
"fksripew6vimocyncyw","Scalability test room","fhr15ncrdd8mocyndph","Trees on residential streets should be protected by law","1777040841000","ou1m2ysw7rmocyndpg","Trees on residential streets should be protected by law","1777038208005","1","false"
"fksripew6vimocyncyw","Scalability test room","wwzpxmz1gbmocyndph","Street parking fees should fund public transportation","1777040842791","53zoz9ljx38mocyndph","Street parking fees should fund public transportation","1777038214655","1","false"
"fksripew6vimocyncyw","Scalability test room","is0k1l2aj5imocyndpg","The city should invest more in public transit infrastructure","1777040843715","5yuaglu5wu9mocyndph","The city should invest more in public transit infrastructure","1777038303085","1","false"
"fksripew6vimocyncyw","Scalability test room","xs68cysv1bjmocyndph","Trees on residential streets should be protected by law","1777040845082","ou1m2ysw7rmocyndpg","Trees on residential streets should be protected by law","1777038208005","1","false"
"fksripew6vimocyncyw","Scalability test room","nq9pkx2jscqmocyndpi","Remote work has permanently changed how we use office space","1777040848252","2l12sa9n8k8mocyndph","Remote work has permanently changed how we use office space","1777038235211","1","false"
"fksripew6vimocyncyw","Scalability test room","y6k07j16eermocyndpg","Community gardens strengthen neighborhood social bonds","1777040849223","sjn272sictmocyndpg","Community gardens strengthen neighborhood social bonds","1777038428865","1","false"
"fksripew6vimocyncyw","Scalability test room","72eio4kg0v8mocyndpg","Farmers markets support local food systems","1777040850867","7i7mz09octmocyndpg","Farmers markets support local food systems","1777038297563","1","false"
"fksripew6vimocyncyw","Scalability test room","whum8rwqa2mocyndpg","The city should invest more in public transit infrastructure","1777040852220","5yuaglu5wu9mocyndph","The city should invest more in public transit infrastructure","1777038303085","1","false"
"fksripew6vimocyncyw","Scalability test room","p2nlb09vewmocyndpg","Urban density reduces per-capita carbon footprint","1777040852540","vijo8zfil3mocyndph","Urban density reduces per-capita carbon footprint","1777038231228","1","false"
"fksripew6vimocyncyw","Scalability test room","ttklfc96esmocyndph","Mixed-use zoning makes neighborhoods more livable","1777040853434","f3jrnyn5ljimocyndph","Mixed-use zoning makes neighborhoods more livable","1777038212394","1","false"
"fksripew6vimocyncyw","Scalability test room","yac14fez58cmocyndph","Trees on residential streets should be protected by law","1777040854104","ou1m2ysw7rmocyndpg","Trees on residential streets should be protected by law","1777038208005","1","false"
"fksripew6vimocyncyw","Scalability test room","reqp0asljdpmocyndph","Farmers markets support local food systems","1777040854554","7i7mz09octmocyndpg","Farmers markets support local food systems","1777038297563","1","false"
"fksripew6vimocyncyw","Scalability test room","8dt61h3iyuimocyndpg","Public libraries are essential community infrastructure","1777040863554","a8un82hevjmocyndph","Public libraries are essential community infrastructure","1777038298788","1","false"
"fksripew6vimocyncyw","Scalability test room","gban0k5biumocyndpg","Noise ordinances should be stricter in residential zones","1777040869715","hrmyaoizjhpmocyndpg","Noise ordinances should be stricter in residential zones","1777038185569","1","false"
"fksripew6vimocyncyw","Scalability test room","ack9urdshmmocyndph","Pedestrian-first street design reduces traffic accidents","1777040869884","38jtdv5c7lfmocyndph","Pedestrian-first street design reduces traffic accidents","1777038277030","1","false"
"fksripew6vimocyncyw","Scalability test room","2u53y9s6jz3mocyndpg","Historic preservation limits necessary urban growth","1777040874370","9lohmtyxcdlmocyndpg","Historic preservation limits necessary urban growth","1777038333348","1","false"
"fksripew6vimocyncyw","Scalability test room","2df8kqzzuzemocyndph","Noise ordinances should be stricter in residential zones","1777040881524","hrmyaoizjhpmocyndpg","Noise ordinances should be stricter in residential zones","1777038185569","1","false"
"fksripew6vimocyncyw","Scalability test room","lavn8z8z0esmocyndpg","The city should invest more in public transit infrastructure","1777040886184","5yuaglu5wu9mocyndph","The city should invest more in public transit infrastructure","1777038303085","1","false"
"fksripew6vimocyncyw","Scalability test room","6zy3jcb9h25mocyndph","Electric vehicle charging should be publicly funded","1777040886908","0iahd8bgt0nnmocyndph","Electric vehicle charging should be publicly funded","1777038233357","1","false"
"fksripew6vimocyncyw","Scalability test room","h8pn9qo8dbwmocyndph","Community gardens strengthen neighborhood social bonds","1777040892505","sjn272sictmocyndpg","Community gardens strengthen neighborhood social bonds","1777038428865","1","false"
"fksripew6vimocyncyw","Scalability test room","4rrj8gl8nivmocyndpg","The city should invest more in public transit infrastructure","1777040894543","5yuaglu5wu9mocyndph","The city should invest more in public transit infrastructure","1777038303085","1","false"
"fksripew6vimocyncyw","Scalability test room","b7af38sp7jfmocyndpg","Mixed-use zoning makes neighborhoods more livable","1777040899094","f3jrnyn5ljimocyndph","Mixed-use zoning makes neighborhoods more livable","1777038212394","1","false"
"fksripew6vimocyncyw","Scalability test room","6n27p7lqfp6mocyndpg","Noise ordinances should be stricter in residential zones","1777040900000","hrmyaoizjhpmocyndpg","Noise ordinances should be stricter in residential zones","1777038185569","1","false"
"fksripew6vimocyncyw","Scalability test room","h8mhzoynxemocyndpg","Rent control protects long-term residents from displacement","1777040910549","0m2x18tokdfmocyndpg","Rent control protects long-term residents from displacement","1777038214129","1","false"
"fksripew6vimocyncyw","Scalability test room","rw8pa0v20uemocyndph","Historic preservation limits necessary urban growth","1777040916485","9lohmtyxcdlmocyndpg","Historic preservation limits necessary urban growth","1777038333348","1","false"
"fksripew6vimocyncyw","Scalability test room","6l40ogoqbw9mocyndph","The city should invest more in public transit infrastructure","1777040927478","5yuaglu5wu9mocyndph","The city should invest more in public transit infrastructure","1777038303085","1","false"
"fksripew6vimocyncyw","Scalability test room","zvmp40bupncmocyndpg","Electric vehicle charging should be publicly funded","1777040928564","0iahd8bgt0nnmocyndph","Electric vehicle charging should be publicly funded","1777038233357","1","false"
"fksripew6vimocyncyw","Scalability test room","qio25xv2rmmmocyndph","Noise ordinances should be stricter in residential zones","1777040932465","hrmyaoizjhpmocyndpg","Noise ordinances should be stricter in residential zones","1777038185569","1","false"
"fksripew6vimocyncyw","Scalability test room","qjdjs6lxe3mocyndph","The city should invest more in public transit infrastructure","1777040942578","5yuaglu5wu9mocyndph","The city should invest more in public transit infrastructure","1777038303085","1","false"
"fksripew6vimocyncyw","Scalability test room","banyon5surmocyndpg","Remote work has permanently changed how we use office space","1777040945747","2l12sa9n8k8mocyndph","Remote work has permanently changed how we use office space","1777038235211","1","false"
"fksripew6vimocyncyw","Scalability test room","4s2ajkimphxmocyndph","The city should invest more in public transit infrastructure","1777040948436","5yuaglu5wu9mocyndph","The city should invest more in public transit infrastructure","1777038303085","1","false"
"fksripew6vimocyncyw","Scalability test room","qdnoploqapmocyndph","Local businesses deserve priority over national chains","1777040949492","i8t7rph3eabmocyndph","Local businesses deserve priority over national chains","1777038211631","1","false"
"fksripew6vimocyncyw","Scalability test room","orptaa1g7qmocyndph","Trees on residential streets should be protected by law","1777040949506","ou1m2ysw7rmocyndpg","Trees on residential streets should be protected by law","1777038208005","1","false"
"fksripew6vimocyncyw","Scalability test room","le1imscnwimocyndpg","Green spaces improve mental health in urban environments","1777040950239","4et2f6n7jgtmocyndpg","Green spaces improve mental health in urban environments","1777038223040","1","false"
"fksripew6vimocyncyw","Scalability test room","c60mwxyiz0hmocyndpg","Green spaces improve mental health in urban environments","1777040960257","4et2f6n7jgtmocyndpg","Green spaces improve mental health in urban environments","1777038223040","1","false"
"fksripew6vimocyncyw","Scalability test room","tnp8fxs464mocyndph","Green spaces improve mental health in urban environments","1777040963657","4et2f6n7jgtmocyndpg","Green spaces improve mental health in urban environments","1777038223040","1","false"
"fksripew6vimocyncyw","Scalability test room","fjivd464ugemocyndph","Electric vehicle charging should be publicly funded","1777040965416","0iahd8bgt0nnmocyndph","Electric vehicle charging should be publicly funded","1777038233357","1","false"
"fksripew6vimocyncyw","Scalability test room","qusiyl1nr99mocyndpg","Community gardens strengthen neighborhood social bonds","1777040974385","sjn272sictmocyndpg","Community gardens strengthen neighborhood social bonds","1777038428865","1","false"
"fksripew6vimocyncyw","Scalability test room","90zav654ewmocyndpg","Green spaces improve mental health in urban environments","1777040974591","4et2f6n7jgtmocyndpg","Green spaces improve mental health in urban environments","1777038223040","1","false"
"fksripew6vimocyncyw","Scalability test room","hyz2shf0ltbmocyndpg","Mixed-use zoning makes neighborhoods more livable","1777040984406","f3jrnyn5ljimocyndph","Mixed-use zoning makes neighborhoods more livable","1777038212394","1","false"
"fksripew6vimocyncyw","Scalability test room","rmd5utlkyumocyndpg","Remote work has permanently changed how we use office space","1777040984759","2l12sa9n8k8mocyndph","Remote work has permanently changed how we use office space","1777038235211","1","false"
"fksripew6vimocyncyw","Scalability test room","0p5pze8acqdhmocyndph","Local businesses deserve priority over national chains","1777040987318","i8t7rph3eabmocyndph","Local businesses deserve priority over national chains","1777038211631","1","false"
"fksripew6vimocyncyw","Scalability test room","hedb6brnddmocyndph","Pedestrian-first street design reduces traffic accidents","1777040988525","38jtdv5c7lfmocyndph","Pedestrian-first street design reduces traffic accidents","1777038277030","1","false"
"fksripew6vimocyncyw","Scalability test room","3mdsy5a9q1gmocyndpg","Remote work has permanently changed how we use office space","1777040994464","2l12sa9n8k8mocyndph","Remote work has permanently changed how we use office space","1777038235211","1","false"
"fksripew6vimocyncyw","Scalability test room","k5wjob0t35lmocyndpg","Street parking fees should fund public transportation","1777040997310","53zoz9ljx38mocyndph","Street parking fees should fund public transportation","1777038214655","1","false"
"fksripew6vimocyncyw","Scalability test room","i5lrqu1kp8mocyndph","Farmers markets support local food systems","1777041007474","7i7mz09octmocyndpg","Farmers markets support local food systems","1777038297563","1","false"
"fksripew6vimocyncyw","Scalability test room","wtd0evg9socmocyndph","Green spaces improve mental health in urban environments","1777041009371","4et2f6n7jgtmocyndpg","Green spaces improve mental health in urban environments","1777038223040","1","false"
"fksripew6vimocyncyw","Scalability test room","pkzdi18cdzlmocyndpg","Pedestrian-first street design reduces traffic accidents","1777041009694","38jtdv5c7lfmocyndph","Pedestrian-first street design reduces traffic accidents","1777038277030","1","false"
"fksripew6vimocyncyw","Scalability test room","svqv850qexgmocyndpg","Mixed-use zoning makes neighborhoods more livable","1777041012206","f3jrnyn5ljimocyndph","Mixed-use zoning makes neighborhoods more livable","1777038212394","1","false"
"fksripew6vimocyncyw","Scalability test room","fnutt0usp6cmocyndpg","Historic preservation limits necessary urban growth","1777041014804","9lohmtyxcdlmocyndpg","Historic preservation limits necessary urban growth","1777038333348","1","false"
"fksripew6vimocyncyw","Scalability test room","2kttoi0fgrpmocyndpg","Pedestrian-first street design reduces traffic accidents","1777041024465","38jtdv5c7lfmocyndph","Pedestrian-first street design reduces traffic accidents","1777038277030","1","false"
"fksripew6vimocyncyw","Scalability test room","ilfwq3a51ismocyndph","Historic preservation limits necessary urban growth","1777041031037","9lohmtyxcdlmocyndpg","Historic preservation limits necessary urban growth","1777038333348","1","false"
"fksripew6vimocyncyw","Scalability test room","m6jlh63jdufmocyndph","Public libraries are essential community infrastructure","1777041036076","a8un82hevjmocyndph","Public libraries are essential community infrastructure","1777038298788","1","false"
"fksripew6vimocyncyw","Scalability test room","wus7xvfamoemocyndpg","Noise ordinances should be stricter in residential zones","1777041036818","hrmyaoizjhpmocyndpg","Noise ordinances should be stricter in residential zones","1777038185569","1","false"
"fksripew6vimocyncyw","Scalability test room","l5vd8862y5mocyndph","Noise ordinances should be stricter in residential zones","1777041038268","hrmyaoizjhpmocyndpg","Noise ordinances should be stricter in residential zones","1777038185569","1","false"
"fksripew6vimocyncyw","Scalability test room","7utou6avk8tmocyndpg","Food trucks add vibrancy to urban commercial corridors","1777041039037","nm6lyi2gmmpmocyndph","Food trucks add vibrancy to urban commercial corridors","1777038259457","1","false"
"fksripew6vimocyncyw","Scalability test room","ryqcl1rzjbrmocyndpg","Farmers markets support local food systems","1777041055648","7i7mz09octmocyndpg","Farmers markets support local food systems","1777038297563","1","false"
"fksripew6vimocyncyw","Scalability test room","ih1nfptprxmocyndpg","Public libraries are essential community infrastructure","1777041060218","a8un82hevjmocyndph","Public libraries are essential community infrastructure","1777038298788","1","false"
"fksripew6vimocyncyw","Scalability test room","o0kcxelelabmocyndph","Historic preservation limits necessary urban growth","1777041061136","9lohmtyxcdlmocyndpg","Historic preservation limits necessary urban growth","1777038333348","1","false"
"fksripew6vimocyncyw","Scalability test room","dnv72xxi0fmocyndph","Electric vehicle charging should be publicly funded","1777041061531","0iahd8bgt0nnmocyndph","Electric vehicle charging should be publicly funded","1777038233357","1","false"
"fksripew6vimocyncyw","Scalability test room","9c2v4hd54tumocyndph","Food trucks add vibrancy to urban commercial corridors","1777041065637","nm6lyi2gmmpmocyndph","Food trucks add vibrancy to urban commercial corridors","1777038259457","1","false"
"fksripew6vimocyncyw","Scalability test room","gg3q2g879rmocyndpg","Remote work has permanently changed how we use office space","1777041065894","2l12sa9n8k8mocyndph","Remote work has permanently changed how we use office space","1777038235211","1","false"
"fksripew6vimocyncyw","Scalability test room","8ldenb2nsv6mocyndph","Electric vehicle charging should be publicly funded","1777041069212","0iahd8bgt0nnmocyndph","Electric vehicle charging should be publicly funded","1777038233357","1","false"
"fksripew6vimocyncyw","Scalability test room","sv2mpjsnayimocyndpg","Food trucks add vibrancy to urban commercial corridors","1777041072627","nm6lyi2gmmpmocyndph","Food trucks add vibrancy to urban commercial corridors","1777038259457","1","false"
"fksripew6vimocyncyw","Scalability test room","ubot1df36emocyndpg","Affordable housing quotas should apply to all new developments","1777041079664","ymwt7s753yemocyndph","Affordable housing quotas should apply to all new developments","1777038191245","1","false"
"fksripew6vimocyncyw","Scalability test room","3w84kuvyftemocyndpg","Mixed-use zoning makes neighborhoods more livable","1777041081007","f3jrnyn5ljimocyndph","Mixed-use zoning makes neighborhoods more livable","1777038212394","1","false"
"fksripew6vimocyncyw","Scalability test room","fhe5rbrh9hmocyndpg","Farmers markets support local food systems","1777041082531","7i7mz09octmocyndpg","Farmers markets support local food systems","1777038297563","1","false"
"fksripew6vimocyncyw","Scalability test room","26pl71lws7gmocyndpg","Trees on residential streets should be protected by law","1777041083198","ou1m2ysw7rmocyndpg","Trees on residential streets should be protected by law","1777038208005","1","false"
"fksripew6vimocyncyw","Scalability test room","b4t5a7l5el6mocyndph","Solar panels should be required on all new construction","1777041083632","n9wbepumm7smocyndph","Solar panels should be required on all new construction","1777038196508","1","false"
"fksripew6vimocyncyw","Scalability test room","g9r0kknof4mocyndph","Local businesses deserve priority over national chains","1777041083917","i8t7rph3eabmocyndph","Local businesses deserve priority over national chains","1777038211631","1","false"
"fksripew6vimocyncyw","Scalability test room","52zeeohpw0cmocyndpg","Historic preservation limits necessary urban growth","1777041086710","9lohmtyxcdlmocyndpg","Historic preservation limits necessary urban growth","1777038333348","1","false"
"fksripew6vimocyncyw","Scalability test room","bc2j96k8wk7mocyndph","Street parking fees should fund public transportation","1777041093320","53zoz9ljx38mocyndph","Street parking fees should fund public transportation","1777038214655","1","false"
"fksripew6vimocyncyw","Scalability test room","8m6u6wefko4mocyndph","Community gardens strengthen neighborhood social bonds","1777041094204","sjn272sictmocyndpg","Community gardens strengthen neighborhood social bonds","1777038428865","1","false"
"fksripew6vimocyncyw","Scalability test room","eyqen93xlymocyndph","The city should invest more in public transit infrastructure","1777041095002","5yuaglu5wu9mocyndph","The city should invest more in public transit infrastructure","1777038303085","1","false"
"fksripew6vimocyncyw","Scalability test room","i0v98fgwd5cmocyndph","Bike lanes should replace parking on main streets","1777041098592","ktvy17do6ommocyndpg","Bike lanes should replace parking on main streets","1777038488482","1","false"
"fksripew6vimocyncyw","Scalability test room","z5yv3mk7jvomocyndpg","Noise ordinances should be stricter in residential zones","1777041098800","hrmyaoizjhpmocyndpg","Noise ordinances should be stricter in residential zones","1777038185569","1","false"
"fksripew6vimocyncyw","Scalability test room","2pk86ny3g56mocyndph","Pedestrian-first street design reduces traffic accidents","1777041103698","38jtdv5c7lfmocyndph","Pedestrian-first street design reduces traffic accidents","1777038277030","1","false"
"fksripew6vimocyncyw","Scalability test room","c8wpeo2gm6hmocyndpg","Solar panels should be required on all new construction","1777041104330","n9wbepumm7smocyndph","Solar panels should be required on all new construction","1777038196508","1","false"
"fksripew6vimocyncyw","Scalability test room","rt0njxfiobmmocyndpg","Rent control protects long-term residents from displacement","1777041105165","0m2x18tokdfmocyndpg","Rent control protects long-term residents from displacement","1777038214129","1","false"
"fksripew6vimocyncyw","Scalability test room","xk9oaojtw5fmocyndph","Remote work has permanently changed how we use office space","1777041106111","2l12sa9n8k8mocyndph","Remote work has permanently changed how we use office space","1777038235211","1","false"
"fksripew6vimocyncyw","Scalability test room","k5vllu6rzypmocyndph","Farmers markets support local food systems","1777041110449","7i7mz09octmocyndpg","Farmers markets support local food systems","1777038297563","1","false"
"fksripew6vimocyncyw","Scalability test room","1w252bhrfqkmocyndph","Public libraries are essential community infrastructure","1777041119507","a8un82hevjmocyndph","Public libraries are essential community infrastructure","1777038298788","1","false"
"fksripew6vimocyncyw","Scalability test room","16hf5hwjgphmocyndpg","Urban density reduces per-capita carbon footprint","1777041120434","vijo8zfil3mocyndph","Urban density reduces per-capita carbon footprint","1777038231228","1","false"
"fksripew6vimocyncyw","Scalability test room","j3zwy15miwmocyndph","Food trucks add vibrancy to urban commercial corridors","1777041120461","nm6lyi2gmmpmocyndph","Food trucks add vibrancy to urban commercial corridors","1777038259457","1","false"
"fksripew6vimocyncyw","Scalability test room","7yg1i3oyjtmocyndpg","Green spaces improve mental health in urban environments","1777041120787","4et2f6n7jgtmocyndpg","Green spaces improve mental health in urban environments","1777038223040","1","false"
"fksripew6vimocyncyw","Scalability test room","i2fydibk09qmocyndph","Mixed-use zoning makes neighborhoods more livable","1777041122260","f3jrnyn5ljimocyndph","Mixed-use zoning makes neighborhoods more livable","1777038212394","1","false"
"fksripew6vimocyncyw","Scalability test room","0yal2azsyqmemocyndpg","Noise ordinances should be stricter in residential zones","1777041139413","hrmyaoizjhpmocyndpg","Noise ordinances should be stricter in residential zones","1777038185569","1","false"
"fksripew6vimocyncyw","Scalability test room","y0cwmknajhmocyndph","Mixed-use zoning makes neighborhoods more livable","1777041141811","f3jrnyn5ljimocyndph","Mixed-use zoning makes neighborhoods more livable","1777038212394","1","false"
"fksripew6vimocyncyw","Scalability test room","3iunyt9x72gmocyndpg","The city should invest more in public transit infrastructure","1777041145558","5yuaglu5wu9mocyndph","The city should invest more in public transit infrastructure","1777038303085","1","false"
"fksripew6vimocyncyw","Scalability test room","67o3jc6elqqmocyndph","Local businesses deserve priority over national chains","1777041147421","i8t7rph3eabmocyndph","Local businesses deserve priority over national chains","1777038211631","1","false"
"fksripew6vimocyncyw","Scalability test room","38kn5uvhb1omocyndpg","Urban density reduces per-capita carbon footprint","1777041148594","vijo8zfil3mocyndph","Urban density reduces per-capita carbon footprint","1777038231228","1","false"
"fksripew6vimocyncyw","Scalability test room","1x3i7ov3y4dimocyndph","Farmers markets support local food systems","1777041150304","7i7mz09octmocyndpg","Farmers markets support local food systems","1777038297563","1","false"
"fksripew6vimocyncyw","Scalability test room","1cl7p81lqlzmocyndph","Trees on residential streets should be protected by law","1777041156528","ou1m2ysw7rmocyndpg","Trees on residential streets should be protected by law","1777038208005","1","false"
"fksripew6vimocyncyw","Scalability test room","uf19jyh2t59mocyndph","Public libraries are essential community infrastructure","1777041162301","a8un82hevjmocyndph","Public libraries are essential community infrastructure","1777038298788","1","false"
"fksripew6vimocyncyw","Scalability test room","0b5wr3khlxvjmocyndph","Mixed-use zoning makes neighborhoods more livable","1777041165948","f3jrnyn5ljimocyndph","Mixed-use zoning makes neighborhoods more livable","1777038212394","1","false"
"fksripew6vimocyncyw","Scalability test room","c94aob0clavmocyndpg","Bike lanes should replace parking on main streets","1777041168941","ktvy17do6ommocyndpg","Bike lanes should replace parking on main streets","1777038488482","1","false"
"fksripew6vimocyncyw","Scalability test room","kdiq0l1q0emocyndph","The city should invest more in public transit infrastructure","1777041175840","5yuaglu5wu9mocyndph","The city should invest more in public transit infrastructure","1777038303085","1","false"
"fksripew6vimocyncyw","Scalability test room","tckoclnvkfqmocyndpg","The city should invest more in public transit infrastructure","1777041179361","5yuaglu5wu9mocyndph","The city should invest more in public transit infrastructure","1777038303085","1","false"
"fksripew6vimocyncyw","Scalability test room","wr1vq95n0pmocyndpg","Community gardens strengthen neighborhood social bonds","1777041180758","sjn272sictmocyndpg","Community gardens strengthen neighborhood social bonds","1777038428865","1","false"
"fksripew6vimocyncyw","Scalability test room","7gvdw6anppumocyndph","Public libraries are essential community infrastructure","1777041183264","a8un82hevjmocyndph","Public libraries are essential community infrastructure","1777038298788","1","false"
"fksripew6vimocyncyw","Scalability test room","vdbihqq9uqgmocyndph","Historic preservation limits necessary urban growth","1777041183953","9lohmtyxcdlmocyndpg","Historic preservation limits necessary urban growth","1777038333348","1","false"
"fksripew6vimocyncyw","Scalability test room","rzxtzh5kebmocyndpg","Urban density reduces per-capita carbon footprint","1777041187890","vijo8zfil3mocyndph","Urban density reduces per-capita carbon footprint","1777038231228","1","false"
"fksripew6vimocyncyw","Scalability test room","e063qax89f5mocyndph","Historic preservation limits necessary urban growth","1777041190326","9lohmtyxcdlmocyndpg","Historic preservation limits necessary urban growth","1777038333348","1","false"
"fksripew6vimocyncyw","Scalability test room","gqgfs3tldowmocyndpg","Local businesses deserve priority over national chains","1777041194991","i8t7rph3eabmocyndph","Local businesses deserve priority over national chains","1777038211631","1","false"
"fksripew6vimocyncyw","Scalability test room","d262ufl6c0jmocyndpg","Street parking fees should fund public transportation","1777041205660","53zoz9ljx38mocyndph","Street parking fees should fund public transportation","1777038214655","1","false"
"fksripew6vimocyncyw","Scalability test room","t90rbhminqfmocyndph","Trees on residential streets should be protected by law","1777041211377","ou1m2ysw7rmocyndpg","Trees on residential streets should be protected by law","1777038208005","1","false"
"fksripew6vimocyncyw","Scalability test room","j4iourswculmocyndpg","Community gardens strengthen neighborhood social bonds","1777041220424","sjn272sictmocyndpg","Community gardens strengthen neighborhood social bonds","1777038428865","1","false"
"fksripew6vimocyncyw","Scalability test room","7qdsvvapfommocyndpg","Affordable housing quotas should apply to all new developments","1777041221290","ymwt7s753yemocyndph","Affordable housing quotas should apply to all new developments","1777038191245","1","false"
"fksripew6vimocyncyw","Scalability test room","jofh5dbesajmocyndpg","Pedestrian-first street design reduces traffic accidents","1777041222578","38jtdv5c7lfmocyndph","Pedestrian-first street design reduces traffic accidents","1777038277030","1","false"
"fksripew6vimocyncyw","Scalability test room","3h4obxi1438mocyndpg","Trees on residential streets should be protected by law","1777041222978","ou1m2ysw7rmocyndpg","Trees on residential streets should be protected by law","1777038208005","1","false"
"fksripew6vimocyncyw","Scalability test room","gx788ocm5nqmocyndpg","Local businesses deserve priority over national chains","1777041223022","i8t7rph3eabmocyndph","Local businesses deserve priority over national chains","1777038211631","1","false"
"fksripew6vimocyncyw","Scalability test room","thfyx7583imocyndph","Bike lanes should replace parking on main streets","1777041230030","ktvy17do6ommocyndpg","Bike lanes should replace parking on main streets","1777038488482","1","false"
"fksripew6vimocyncyw","Scalability test room","766vpr0wf6ymocyndpg","Remote work has permanently changed how we use office space","1777041240139","2l12sa9n8k8mocyndph","Remote work has permanently changed how we use office space","1777038235211","1","false"
"fksripew6vimocyncyw","Scalability test room","0oz58lkwdzrmocyndph","Urban density reduces per-capita carbon footprint","1777041241318","vijo8zfil3mocyndph","Urban density reduces per-capita carbon footprint","1777038231228","1","false"
"fksripew6vimocyncyw","Scalability test room","c0rc0jjs4t4mocyndph","Community gardens strengthen neighborhood social bonds","1777041246711","sjn272sictmocyndpg","Community gardens strengthen neighborhood social bonds","1777038428865","1","false"
"fksripew6vimocyncyw","Scalability test room","onexxsp915nmocyndpg","Street parking fees should fund public transportation","1777041250336","53zoz9ljx38mocyndph","Street parking fees should fund public transportation","1777038214655","1","false"
"fksripew6vimocyncyw","Scalability test room","b0qi5bfglebmocyndph","Affordable housing quotas should apply to all new developments","1777041252941","ymwt7s753yemocyndph","Affordable housing quotas should apply to all new developments","1777038191245","1","false"
"fksripew6vimocyncyw","Scalability test room","1fu4yzukejdmocyndpg","Public libraries are essential community infrastructure","1777041262749","a8un82hevjmocyndph","Public libraries are essential community infrastructure","1777038298788","1","false"
"fksripew6vimocyncyw","Scalability test room","9qsir7xcr88mocyndpg","Mixed-use zoning makes neighborhoods more livable","1777041264969","f3jrnyn5ljimocyndph","Mixed-use zoning makes neighborhoods more livable","1777038212394","1","false"
"fksripew6vimocyncyw","Scalability test room","ai07oe2al6mocyndpg","Remote work has permanently changed how we use office space","1777041265909","2l12sa9n8k8mocyndph","Remote work has permanently changed how we use office space","1777038235211","1","false"
"fksripew6vimocyncyw","Scalability test room","z7px6gtaekmocyndpg","Green spaces improve mental health in urban environments","1777041266474","4et2f6n7jgtmocyndpg","Green spaces improve mental health in urban environments","1777038223040","1","false"
"fksripew6vimocyncyw","Scalability test room","ulegkruzekmmocyndph","Affordable housing quotas should apply to all new developments","1777041270991","ymwt7s753yemocyndph","Affordable housing quotas should apply to all new developments","1777038191245","1","false"
"fksripew6vimocyncyw","Scalability test room","au445k7ghi7mocyndph","Remote work has permanently changed how we use office space","1777041272421","2l12sa9n8k8mocyndph","Remote work has permanently changed how we use office space","1777038235211","1","false"
"fksripew6vimocyncyw","Scalability test room","xo1z0yqkalmocyndpg","Green spaces improve mental health in urban environments","1777041273546","4et2f6n7jgtmocyndpg","Green spaces improve mental health in urban environments","1777038223040","1","false"
"fksripew6vimocyncyw","Scalability test room","ms804dcnnmlmocyndpg","Mixed-use zoning makes neighborhoods more livable","1777041274370","f3jrnyn5ljimocyndph","Mixed-use zoning makes neighborhoods more livable","1777038212394","1","false"
"fksripew6vimocyncyw","Scalability test room","nmz44xeqwrgmocyndpg","Noise ordinances should be stricter in residential zones","1777041279292","hrmyaoizjhpmocyndpg","Noise ordinances should be stricter in residential zones","1777038185569","1","false"
"fksripew6vimocyncyw","Scalability test room","5u9iu65w59jmocyndpg","Community gardens strengthen neighborhood social bonds","1777041285017","sjn272sictmocyndpg","Community gardens strengthen neighborhood social bonds","1777038428865","1","false"
"fksripew6vimocyncyw","Scalability test room","103gr4aj8dymocyndpg","Community gardens strengthen neighborhood social bonds","1777041288338","sjn272sictmocyndpg","Community gardens strengthen neighborhood social bonds","1777038428865","1","false"
"fksripew6vimocyncyw","Scalability test room","o8ach3ulmimocyndpg","Pedestrian-first street design reduces traffic accidents","1777041289644","38jtdv5c7lfmocyndph","Pedestrian-first street design reduces traffic accidents","1777038277030","1","false"
"fksripew6vimocyncyw","Scalability test room","xlh1zui8obnmocyndph","Trees on residential streets should be protected by law","1777041301352","ou1m2ysw7rmocyndpg","Trees on residential streets should be protected by law","1777038208005","1","false"
"fksripew6vimocyncyw","Scalability test room","lftpebdtxsmmocyndph","The city should invest more in public transit infrastructure","1777041302476","5yuaglu5wu9mocyndph","The city should invest more in public transit infrastructure","1777038303085","1","false"
"fksripew6vimocyncyw","Scalability test room","8190m5xn23jmocyndpg","Trees on residential streets should be protected by law","1777041306290","ou1m2ysw7rmocyndpg","Trees on residential streets should be protected by law","1777038208005","1","false"
"fksripew6vimocyncyw","Scalability test room","7ux90k0ryxpmocyndph","Local businesses deserve priority over national chains","1777041306941","i8t7rph3eabmocyndph","Local businesses deserve priority over national chains","1777038211631","1","false"
"fksripew6vimocyncyw","Scalability test room","acbpi8m6lyimocyndpg","Urban density reduces per-capita carbon footprint","1777041307945","vijo8zfil3mocyndph","Urban density reduces per-capita carbon footprint","1777038231228","1","false"
"fksripew6vimocyncyw","Scalability test room","oa73q8mhmxmocyndpg","Mixed-use zoning makes neighborhoods more livable","1777041309922","f3jrnyn5ljimocyndph","Mixed-use zoning makes neighborhoods more livable","1777038212394","1","false"
"fksripew6vimocyncyw","Scalability test room","cn20i8i5x7jmocyndph","Solar panels should be required on all new construction","1777041313561","n9wbepumm7smocyndph","Solar panels should be required on all new construction","1777038196508","1","false"
"fksripew6vimocyncyw","Scalability test room","wf9sdlbaxccmocyndpg","Noise ordinances should be stricter in residential zones","1777041313883","hrmyaoizjhpmocyndpg","Noise ordinances should be stricter in residential zones","1777038185569","1","false"
"fksripew6vimocyncyw","Scalability test room","6fv6dkfx7m3mocyndpg","Farmers markets support local food systems","1777041318316","7i7mz09octmocyndpg","Farmers markets support local food systems","1777038297563","1","false"
"fksripew6vimocyncyw","Scalability test room","bazljoc0qo8mocyndph","Bike lanes should replace parking on main streets","1777041318892","ktvy17do6ommocyndpg","Bike lanes should replace parking on main streets","1777038488482","1","false"
"fksripew6vimocyncyw","Scalability test room","962byytdsrnmocyndpg","Noise ordinances should be stricter in residential zones","1777041318901","hrmyaoizjhpmocyndpg","Noise ordinances should be stricter in residential zones","1777038185569","1","false"
"fksripew6vimocyncyw","Scalability test room","riymb0x3p1emocyndpg","Green spaces improve mental health in urban environments","1777041319918","4et2f6n7jgtmocyndpg","Green spaces improve mental health in urban environments","1777038223040","1","false"
"fksripew6vimocyncyw","Scalability test room","r07x3yox5eqmocyndph","Affordable housing quotas should apply to all new developments","1777041324149","ymwt7s753yemocyndph","Affordable housing quotas should apply to all new developments","1777038191245","1","false"
"fksripew6vimocyncyw","Scalability test room","l4ktfo1ti1smocyndph","Pedestrian-first street design reduces traffic accidents","1777041325214","38jtdv5c7lfmocyndph","Pedestrian-first street design reduces traffic accidents","1777038277030","1","false"
"fksripew6vimocyncyw","Scalability test room","3iq0zchwo5vmocyndph","Food trucks add vibrancy to urban commercial corridors","1777041329371","nm6lyi2gmmpmocyndph","Food trucks add vibrancy to urban commercial corridors","1777038259457","1","false"
"fksripew6vimocyncyw","Scalability test room","i3196m7e4snmocyndph","Public libraries are essential community infrastructure","1777041332045","a8un82hevjmocyndph","Public libraries are essential community infrastructure","1777038298788","1","false"
"fksripew6vimocyncyw","Scalability test room","gdov7v8y81jmocyndpg","Remote work has permanently changed how we use office space","1777041333142","2l12sa9n8k8mocyndph","Remote work has permanently changed how we use office space","1777038235211","1","false"
"fksripew6vimocyncyw","Scalability test room","hgft19tvyfamocyndph","Solar panels should be required on all new construction","1777041336779","n9wbepumm7smocyndph","Solar panels should be required on all new construction","1777038196508","1","false"
"fksripew6vimocyncyw","Scalability test room","6wfe1ej8op4mocyndph","Rent control protects long-term residents from displacement","1777041337229","0m2x18tokdfmocyndpg","Rent control protects long-term residents from displacement","1777038214129","1","false"
"fksripew6vimocyncyw","Scalability test room","5ssqudypxmhmocyndpg","Food trucks add vibrancy to urban commercial corridors","1777041340563","nm6lyi2gmmpmocyndph","Food trucks add vibrancy to urban commercial corridors","1777038259457","1","false"
"fksripew6vimocyncyw","Scalability test room","ufagvzb0bsemocyndpg","Mixed-use zoning makes neighborhoods more livable","1777041344609","f3jrnyn5ljimocyndph","Mixed-use zoning makes neighborhoods more livable","1777038212394","1","false"
"fksripew6vimocyncyw","Scalability test room","e8fg53ea0gmocyndph","Historic preservation limits necessary urban growth","1777041344707","9lohmtyxcdlmocyndpg","Historic preservation limits necessary urban growth","1777038333348","1","false"
"fksripew6vimocyncyw","Scalability test room","blpk3z2v965mocyndph","Noise ordinances should be stricter in residential zones","1777041345875","hrmyaoizjhpmocyndpg","Noise ordinances should be stricter in residential zones","1777038185569","1","false"
"fksripew6vimocyncyw","Scalability test room","ti385s8txemocyndph","Green spaces improve mental health in urban environments","1777041354188","4et2f6n7jgtmocyndpg","Green spaces improve mental health in urban environments","1777038223040","1","false"
"fksripew6vimocyncyw","Scalability test room","i5p7ypfwy2mocyndpg","Public libraries are essential community infrastructure","1777041355679","a8un82hevjmocyndph","Public libraries are essential community infrastructure","1777038298788","1","false"
"fksripew6vimocyncyw","Scalability test room","tvw6ip1xkqqmocyndpg","Street parking fees should fund public transportation","1777041358098","53zoz9ljx38mocyndph","Street parking fees should fund public transportation","1777038214655","1","false"
"fksripew6vimocyncyw","Scalability test room","3a18zubk6qjmocyndpg","Green spaces improve mental health in urban environments","1777041361862","4et2f6n7jgtmocyndpg","Green spaces improve mental health in urban environments","1777038223040","1","false"
"fksripew6vimocyncyw","Scalability test room","1glc79sjtiqmocyndpg","Rent control protects long-term residents from displacement","1777041362819","0m2x18tokdfmocyndpg","Rent control protects long-term residents from displacement","1777038214129","1","false"
"fksripew6vimocyncyw","Scalability test room","ayvh8nu3r0gmocyndpg","Remote work has permanently changed how we use office space","1777041372337","2l12sa9n8k8mocyndph","Remote work has permanently changed how we use office space","1777038235211","1","false"
"fksripew6vimocyncyw","Scalability test room","uix4sjgu9xmocyndph","Affordable housing quotas should apply to all new developments","1777041388795","ymwt7s753yemocyndph","Affordable housing quotas should apply to all new developments","1777038191245","1","false"
"fksripew6vimocyncyw","Scalability test room","etbg1rvnrzmocyndpg","Rent control protects long-term residents from displacement","1777041388926","0m2x18tokdfmocyndpg","Rent control protects long-term residents from displacement","1777038214129","1","false"
"fksripew6vimocyncyw","Scalability test room","nd2si7v7fpdmocyndpg","Mixed-use zoning makes neighborhoods more livable","1777041390747","f3jrnyn5ljimocyndph","Mixed-use zoning makes neighborhoods more livable","1777038212394","1","false"
"fksripew6vimocyncyw","Scalability test room","s3fso246koimocyndpg","Farmers markets support local food systems","1777041394651","7i7mz09octmocyndpg","Farmers markets support local food systems","1777038297563","1","false"
"fksripew6vimocyncyw","Scalability test room","kszqqiv88vmocyndpg","Public libraries are essential community infrastructure","1777041400289","a8un82hevjmocyndph","Public libraries are essential community infrastructure","1777038298788","1","false"
"fksripew6vimocyncyw","Scalability test room","qwd9mu9m75mocyndph","Farmers markets support local food systems","1777041400414","7i7mz09octmocyndpg","Farmers markets support local food systems","1777038297563","1","false"
"fksripew6vimocyncyw","Scalability test room","a71lavsa2p7mocyndpg","Trees on residential streets should be protected by law","1777041406328","ou1m2ysw7rmocyndpg","Trees on residential streets should be protected by law","1777038208005","1","false"
"fksripew6vimocyncyw","Scalability test room","6ux8muvia5mocyndph","Electric vehicle charging should be publicly funded","1777041407239","0iahd8bgt0nnmocyndph","Electric vehicle charging should be publicly funded","1777038233357","1","false"
"fksripew6vimocyncyw","Scalability test room","cdbp91mzybemocyndpg","Public libraries are essential community infrastructure","1777041414486","a8un82hevjmocyndph","Public libraries are essential community infrastructure","1777038298788","1","false"
"fksripew6vimocyncyw","Scalability test room","sojem6zyxrmocyndpg","Local businesses deserve priority over national chains","1777041416094","i8t7rph3eabmocyndph","Local businesses deserve priority over national chains","1777038211631","1","false"
"fksripew6vimocyncyw","Scalability test room","8ngeixfke8mocyndpg","Local businesses deserve priority over national chains","1777041418030","i8t7rph3eabmocyndph","Local businesses deserve priority over national chains","1777038211631","1","false"
"fksripew6vimocyncyw","Scalability test room","e67sy7gcumocyndph","Solar panels should be required on all new construction","1777041424962","n9wbepumm7smocyndph","Solar panels should be required on all new construction","1777038196508","1","false"
"fksripew6vimocyncyw","Scalability test room","8nfpibx2pg4mocyndpg","Affordable housing quotas should apply to all new developments","1777041427369","ymwt7s753yemocyndph","Affordable housing quotas should apply to all new developments","1777038191245","1","false"
"fksripew6vimocyncyw","Scalability test room","q58iwujhqmomocyndpg","Electric vehicle charging should be publicly funded","1777041427686","0iahd8bgt0nnmocyndph","Electric vehicle charging should be publicly funded","1777038233357","1","false"
"fksripew6vimocyncyw","Scalability test room","7s4e9pqolzdmocyndph","Trees on residential streets should be protected by law","1777041438746","ou1m2ysw7rmocyndpg","Trees on residential streets should be protected by law","1777038208005","1","false"
"fksripew6vimocyncyw","Scalability test room","evswra8a0ikmocyndpg","Noise ordinances should be stricter in residential zones","1777041441809","hrmyaoizjhpmocyndpg","Noise ordinances should be stricter in residential zones","1777038185569","1","false"
"fksripew6vimocyncyw","Scalability test room","jvn548c6n9mmocyndph","Mixed-use zoning makes neighborhoods more livable","1777041457684","f3jrnyn5ljimocyndph","Mixed-use zoning makes neighborhoods more livable","1777038212394","1","false"
"fksripew6vimocyncyw","Scalability test room","9g2bhiwfnqemocyndpg","Historic preservation limits necessary urban growth","1777041458516","9lohmtyxcdlmocyndpg","Historic preservation limits necessary urban growth","1777038333348","1","false"
"fksripew6vimocyncyw","Scalability test room","xoeitbjg29cmocyndpg","Green spaces improve mental health in urban environments","1777041459403","4et2f6n7jgtmocyndpg","Green spaces improve mental health in urban environments","1777038223040","1","false"
"fksripew6vimocyncyw","Scalability test room","ws4cqc3l7fmocyndpg","Green spaces improve mental health in urban environments","1777041464400","4et2f6n7jgtmocyndpg","Green spaces improve mental health in urban environments","1777038223040","1","false"
"fksripew6vimocyncyw","Scalability test room","hv666s00zlmocyndpg","Local businesses deserve priority over national chains","1777041465521","i8t7rph3eabmocyndph","Local businesses deserve priority over national chains","1777038211631","1","false"
"fksripew6vimocyncyw","Scalability test room","o4lsypkxmffmocyndph","Electric vehicle charging should be publicly funded","1777041467235","0iahd8bgt0nnmocyndph","Electric vehicle charging should be publicly funded","1777038233357","1","false"
"fksripew6vimocyncyw","Scalability test room","lp5utbq47hmocyndpg","Bike lanes should replace parking on main streets","1777041467735","ktvy17do6ommocyndpg","Bike lanes should replace parking on main streets","1777038488482","1","false"
"fksripew6vimocyncyw","Scalability test room","yiqb53re1zmocyndpg","Street parking fees should fund public transportation","1777041469866","53zoz9ljx38mocyndph","Street parking fees should fund public transportation","1777038214655","1","false"
"fksripew6vimocyncyw","Scalability test room","0fhwv2v0zrwrmocyndph","Street parking fees should fund public transportation","1777041470909","53zoz9ljx38mocyndph","Street parking fees should fund public transportation","1777038214655","1","false"
"fksripew6vimocyncyw","Scalability test room","50pg9e830ojmocyndph","Green spaces improve mental health in urban environments","1777041475736","4et2f6n7jgtmocyndpg","Green spaces improve mental health in urban environments","1777038223040","1","false"
"fksripew6vimocyncyw","Scalability test room","n9d8vces348mocyndph","The city should invest more in public transit infrastructure","1777041476517","5yuaglu5wu9mocyndph","The city should invest more in public transit infrastructure","1777038303085","1","false"
"fksripew6vimocyncyw","Scalability test room","4lc1y2ot8vamocyndph","Trees on residential streets should be protected by law","1777041482410","ou1m2ysw7rmocyndpg","Trees on residential streets should be protected by law","1777038208005","1","false"
"fksripew6vimocyncyw","Scalability test room","qdimfh7wxumocyndph","Mixed-use zoning makes neighborhoods more livable","1777041484622","f3jrnyn5ljimocyndph","Mixed-use zoning makes neighborhoods more livable","1777038212394","1","false"
"fksripew6vimocyncyw","Scalability test room","lmua4p83wlmocyndpg","Bike lanes should replace parking on main streets","1777041488165","ktvy17do6ommocyndpg","Bike lanes should replace parking on main streets","1777038488482","1","false"
"fksripew6vimocyncyw","Scalability test room","tqep4297w3mocyndpg","Street parking fees should fund public transportation","1777041488496","53zoz9ljx38mocyndph","Street parking fees should fund public transportation","1777038214655","1","false"
"fksripew6vimocyncyw","Scalability test room","uoh3obgi3cjmocyndpg","Urban density reduces per-capita carbon footprint","1777041488858","vijo8zfil3mocyndph","Urban density reduces per-capita carbon footprint","1777038231228","1","false"
"fksripew6vimocyncyw","Scalability test room","uqdtoura8pmocyndpg","Food trucks add vibrancy to urban commercial corridors","1777041495267","nm6lyi2gmmpmocyndph","Food trucks add vibrancy to urban commercial corridors","1777038259457","1","false"
"fksripew6vimocyncyw","Scalability test room","a1czvodxmimocyndph","Green spaces improve mental health in urban environments","1777041507564","4et2f6n7jgtmocyndpg","Green spaces improve mental health in urban environments","1777038223040","1","false"
"fksripew6vimocyncyw","Scalability test room","nmtlt2s443qmocyndpg","Solar panels should be required on all new construction","1777041518567","n9wbepumm7smocyndph","Solar panels should be required on all new construction","1777038196508","1","false"
"fksripew6vimocyncyw","Scalability test room","nzyvou05yvmocyndph","Affordable housing quotas should apply to all new developments","1777041524379","ymwt7s753yemocyndph","Affordable housing quotas should apply to all new developments","1777038191245","1","false"
"fksripew6vimocyncyw","Scalability test room","lkoelfubmfmocyndph","Local businesses deserve priority over national chains","1777041528040","i8t7rph3eabmocyndph","Local businesses deserve priority over national chains","1777038211631","1","false"
"fksripew6vimocyncyw","Scalability test room","l7ubc5a4a2cmocyndph","Noise ordinances should be stricter in residential zones","1777041528447","hrmyaoizjhpmocyndpg","Noise ordinances should be stricter in residential zones","1777038185569","1","false"
"fksripew6vimocyncyw","Scalability test room","i19g6wxnwunmocyndpg","Solar panels should be required on all new construction","1777041531951","n9wbepumm7smocyndph","Solar panels should be required on all new construction","1777038196508","1","false"
"fksripew6vimocyncyw","Scalability test room","oovd7g3vsfmocyndph","Pedestrian-first street design reduces traffic accidents","1777041533393","38jtdv5c7lfmocyndph","Pedestrian-first street design reduces traffic accidents","1777038277030","1","false"
"fksripew6vimocyncyw","Scalability test room","h9sqlx3btnbmocyndph","Green spaces improve mental health in urban environments","1777041553356","4et2f6n7jgtmocyndpg","Green spaces improve mental health in urban environments","1777038223040","1","false"
"fksripew6vimocyncyw","Scalability test room","rs30huy58wmocyndpg","Local businesses deserve priority over national chains","1777041555012","i8t7rph3eabmocyndph","Local businesses deserve priority over national chains","1777038211631","1","false"
"fksripew6vimocyncyw","Scalability test room","ju6l93pxosmmocyndpg","Food trucks add vibrancy to urban commercial corridors","1777041560108","nm6lyi2gmmpmocyndph","Food trucks add vibrancy to urban commercial corridors","1777038259457","1","false"
"fksripew6vimocyncyw","Scalability test room","6b4ufweofrcmocyndph","Trees on residential streets should be protected by law","1777041562888","ou1m2ysw7rmocyndpg","Trees on residential streets should be protected by law","1777038208005","1","false"
"fksripew6vimocyncyw","Scalability test room","mdebmz215hmmocyndph","Farmers markets support local food systems","1777041568721","7i7mz09octmocyndpg","Farmers markets support local food systems","1777038297563","1","false"
"fksripew6vimocyncyw","Scalability test room","ps6ory2wy0bmocyndph","Noise ordinances should be stricter in residential zones","1777041577721","hrmyaoizjhpmocyndpg","Noise ordinances should be stricter in residential zones","1777038185569","1","false"
"fksripew6vimocyncyw","Scalability test room","c0dtkgrv76umocyndph","Pedestrian-first street design reduces traffic accidents","1777041580049","38jtdv5c7lfmocyndph","Pedestrian-first street design reduces traffic accidents","1777038277030","1","false"
"fksripew6vimocyncyw","Scalability test room","fz02d6bodpmmocyndph","Rent control protects long-term residents from displacement","1777041580697","0m2x18tokdfmocyndpg","Rent control protects long-term residents from displacement","1777038214129","1","false"
"fksripew6vimocyncyw","Scalability test room","4fg53ukq0ismocyndpg","Electric vehicle charging should be publicly funded","1777041588731","0iahd8bgt0nnmocyndph","Electric vehicle charging should be publicly funded","1777038233357","1","false"
"fksripew6vimocyncyw","Scalability test room","enw84e05tnmocyndpg","Rent control protects long-term residents from displacement","1777041593863","0m2x18tokdfmocyndpg","Rent control protects long-term residents from displacement","1777038214129","1","false"
"fksripew6vimocyncyw","Scalability test room","m7ubbg53rnomocyndph","Remote work has permanently changed how we use office space","1777041595215","2l12sa9n8k8mocyndph","Remote work has permanently changed how we use office space","1777038235211","1","false"
"fksripew6vimocyncyw","Scalability test room","3ozegv9nvocmocyndpg","Food trucks add vibrancy to urban commercial corridors","1777041602326","nm6lyi2gmmpmocyndph","Food trucks add vibrancy to urban commercial corridors","1777038259457","1","false"
"fksripew6vimocyncyw","Scalability test room","pzmm9tv000hmocyndph","Pedestrian-first street design reduces traffic accidents","1777041602383","38jtdv5c7lfmocyndph","Pedestrian-first street design reduces traffic accidents","1777038277030","1","false"
"fksripew6vimocyncyw","Scalability test room","ri9cz9net8amocyndpg","Affordable housing quotas should apply to all new developments","1777041603748","ymwt7s753yemocyndph","Affordable housing quotas should apply to all new developments","1777038191245","1","false"
"fksripew6vimocyncyw","Scalability test room","bsn8qjxtn4kmocyndph","Affordable housing quotas should apply to all new developments","1777041605150","ymwt7s753yemocyndph","Affordable housing quotas should apply to all new developments","1777038191245","1","false"
"fksripew6vimocyncyw","Scalability test room","h4qiv22vbbomocyndph","Community gardens strengthen neighborhood social bonds","1777041608175","sjn272sictmocyndpg","Community gardens strengthen neighborhood social bonds","1777038428865","1","false"
"fksripew6vimocyncyw","Scalability test room","mibsvxh28remocyndph","Affordable housing quotas should apply to all new developments","1777041612924","ymwt7s753yemocyndph","Affordable housing quotas should apply to all new developments","1777038191245","1","false"
"fksripew6vimocyncyw","Scalability test room","bafm41gsdfdmocyndph","Electric vehicle charging should be publicly funded","1777041616854","0iahd8bgt0nnmocyndph","Electric vehicle charging should be publicly funded","1777038233357","1","false"
"fksripew6vimocyncyw","Scalability test room","yisd4monslhmocyndpg","Historic preservation limits necessary urban growth","1777041624362","9lohmtyxcdlmocyndpg","Historic preservation limits necessary urban growth","1777038333348","1","false"
"fksripew6vimocyncyw","Scalability test room","qg8qz8txd1mocyndpi","Urban density reduces per-capita carbon footprint","1777041625604","vijo8zfil3mocyndph","Urban density reduces per-capita carbon footprint","1777038231228","1","false"
"fksripew6vimocyncyw","Scalability test room","qd475zcotcmocyndph","Trees on residential streets should be protected by law","1777041625628","ou1m2ysw7rmocyndpg","Trees on residential streets should be protected by law","1777038208005","1","false"
"fksripew6vimocyncyw","Scalability test room","hrwbhdfiicrmocyndpg","Trees on residential streets should be protected by law","1777041629631","ou1m2ysw7rmocyndpg","Trees on residential streets should be protected by law","1777038208005","1","false"
"fksripew6vimocyncyw","Scalability test room","y2nnyb7kyjimocyndpi","Public libraries are essential community infrastructure","1777041632323","a8un82hevjmocyndph","Public libraries are essential community infrastructure","1777038298788","1","false"
"fksripew6vimocyncyw","Scalability test room","et66trmejjkmocyndpg","Urban density reduces per-capita carbon footprint","1777041633232","vijo8zfil3mocyndph","Urban density reduces per-capita carbon footprint","1777038231228","1","false"
"fksripew6vimocyncyw","Scalability test room","nbyq2ugyogmocyndpg","Bike lanes should replace parking on main streets","1777041634749","ktvy17do6ommocyndpg","Bike lanes should replace parking on main streets","1777038488482","1","false"
"fksripew6vimocyncyw","Scalability test room","tp5bq61a2wmocyndph","Urban density reduces per-capita carbon footprint","1777041635833","vijo8zfil3mocyndph","Urban density reduces per-capita carbon footprint","1777038231228","1","false"
"fksripew6vimocyncyw","Scalability test room","1m6b8ch80kpmocyndph","Farmers markets support local food systems","1777041636846","7i7mz09octmocyndpg","Farmers markets support local food systems","1777038297563","1","false"
"fksripew6vimocyncyw","Scalability test room","eslwktcathdmocyndpg","Community gardens strengthen neighborhood social bonds","1777041640649","sjn272sictmocyndpg","Community gardens strengthen neighborhood social bonds","1777038428865","1","false"
"fksripew6vimocyncyw","Scalability test room","l2o74xu7wemocyndph","Mixed-use zoning makes neighborhoods more livable","1777041641972","f3jrnyn5ljimocyndph","Mixed-use zoning makes neighborhoods more livable","1777038212394","1","false"
"fksripew6vimocyncyw","Scalability test room","n5y0urwgvn9mocyndpg","Community gardens strengthen neighborhood social bonds","1777041646564","sjn272sictmocyndpg","Community gardens strengthen neighborhood social bonds","1777038428865","1","false"
"fksripew6vimocyncyw","Scalability test room","i7rqjupxssmocyndph","Mixed-use zoning makes neighborhoods more livable","1777041651022","f3jrnyn5ljimocyndph","Mixed-use zoning makes neighborhoods more livable","1777038212394","1","false"
"fksripew6vimocyncyw","Scalability test room","w92sjle4zfmocyndpg","Pedestrian-first street design reduces traffic accidents","1777041662536","38jtdv5c7lfmocyndph","Pedestrian-first street design reduces traffic accidents","1777038277030","1","false"
"fksripew6vimocyncyw","Scalability test room","ut0qtplo0xmocyndpg","Farmers markets support local food systems","1777041668253","7i7mz09octmocyndpg","Farmers markets support local food systems","1777038297563","1","false"
"fksripew6vimocyncyw","Scalability test room","wo4chpxv99mocyndpg","Local businesses deserve priority over national chains","1777041668629","i8t7rph3eabmocyndph","Local businesses deserve priority over national chains","1777038211631","1","false"
"fksripew6vimocyncyw","Scalability test room","pfkrwzjq45mocyndph","Community gardens strengthen neighborhood social bonds","1777041678382","sjn272sictmocyndpg","Community gardens strengthen neighborhood social bonds","1777038428865","1","false"
"fksripew6vimocyncyw","Scalability test room","jmqwyq8wenmocyndpg","Bike lanes should replace parking on main streets","1777041688046","ktvy17do6ommocyndpg","Bike lanes should replace parking on main streets","1777038488482","1","false"
"fksripew6vimocyncyw","Scalability test room","zdeyl63gilmmocyndph","Bike lanes should replace parking on main streets","1777041696005","ktvy17do6ommocyndpg","Bike lanes should replace parking on main streets","1777038488482","1","false"
"fksripew6vimocyncyw","Scalability test room","85iv3uob4humocyndpg","Historic preservation limits necessary urban growth","1777041697900","9lohmtyxcdlmocyndpg","Historic preservation limits necessary urban growth","1777038333348","1","false"
"fksripew6vimocyncyw","Scalability test room","cy4t5s2v23qmocyndpg","Affordable housing quotas should apply to all new developments","1777041700457","ymwt7s753yemocyndph","Affordable housing quotas should apply to all new developments","1777038191245","1","false"
"fksripew6vimocyncyw","Scalability test room","8mk8zbepyhsmocyndpg","Affordable housing quotas should apply to all new developments","1777041704534","ymwt7s753yemocyndph","Affordable housing quotas should apply to all new developments","1777038191245","1","false"
"fksripew6vimocyncyw","Scalability test room","oohdpor1jvqmocyndph","Bike lanes should replace parking on main streets","1777041712635","ktvy17do6ommocyndpg","Bike lanes should replace parking on main streets","1777038488482","1","false"
"fksripew6vimocyncyw","Scalability test room","6d60v2voh75mocyndph","Urban density reduces per-capita carbon footprint","1777041715558","vijo8zfil3mocyndph","Urban density reduces per-capita carbon footprint","1777038231228","1","false"
"fksripew6vimocyncyw","Scalability test room","v5uzdydr1emocyndpg","Remote work has permanently changed how we use office space","1777041716777","2l12sa9n8k8mocyndph","Remote work has permanently changed how we use office space","1777038235211","1","false"
"fksripew6vimocyncyw","Scalability test room","n15xs257kmmmocyndpg","The city should invest more in public transit infrastructure","1777041717370","5yuaglu5wu9mocyndph","The city should invest more in public transit infrastructure","1777038303085","1","false"
"fksripew6vimocyncyw","Scalability test room","wn6jkew4ofgmocyndpg","The city should invest more in public transit infrastructure","1777041722274","5yuaglu5wu9mocyndph","The city should invest more in public transit infrastructure","1777038303085","1","false"
"fksripew6vimocyncyw","Scalability test room","ghg3ow7eix7mocyndpg","Trees on residential streets should be protected by law","1777041722447","ou1m2ysw7rmocyndpg","Trees on residential streets should be protected by law","1777038208005","1","false"
"fksripew6vimocyncyw","Scalability test room","fz9tpwjnz3wmocyndpg","Community gardens strengthen neighborhood social bonds","1777041722620","sjn272sictmocyndpg","Community gardens strengthen neighborhood social bonds","1777038428865","1","false"
"fksripew6vimocyncyw","Scalability test room","llechsyyu3mocyndph","Mixed-use zoning makes neighborhoods more livable","1777041734710","f3jrnyn5ljimocyndph","Mixed-use zoning makes neighborhoods more livable","1777038212394","1","false"
"fksripew6vimocyncyw","Scalability test room","8ufd8sh5nqamocyndph","Farmers markets support local food systems","1777041734976","7i7mz09octmocyndpg","Farmers markets support local food systems","1777038297563","1","false"
"fksripew6vimocyncyw","Scalability test room","u0ba8eyvoanmocyndpg","Public libraries are essential community infrastructure","1777041735989","a8un82hevjmocyndph","Public libraries are essential community infrastructure","1777038298788","1","false"
"fksripew6vimocyncyw","Scalability test room","6v6653dathmmocyndpg","Public libraries are essential community infrastructure","1777041737712","a8un82hevjmocyndph","Public libraries are essential community infrastructure","1777038298788","1","false"
"fksripew6vimocyncyw","Scalability test room","8e9dnon9lyemocyndph","The city should invest more in public transit infrastructure","1777041740131","5yuaglu5wu9mocyndph","The city should invest more in public transit infrastructure","1777038303085","1","false"
"fksripew6vimocyncyw","Scalability test room","lkyoba696smocyndph","Pedestrian-first street design reduces traffic accidents","1777041744233","38jtdv5c7lfmocyndph","Pedestrian-first street design reduces traffic accidents","1777038277030","1","false"
"fksripew6vimocyncyw","Scalability test room","mwk2wffhkbnmocyndpg","Food trucks add vibrancy to urban commercial corridors","1777041745465","nm6lyi2gmmpmocyndph","Food trucks add vibrancy to urban commercial corridors","1777038259457","1","false"
"fksripew6vimocyncyw","Scalability test room","k8f4qfqt3thmocyndpg","Urban density reduces per-capita carbon footprint","1777041749152","vijo8zfil3mocyndph","Urban density reduces per-capita carbon footprint","1777038231228","1","false"
"fksripew6vimocyncyw","Scalability test room","8tddbj083bpmocyndpg","Local businesses deserve priority over national chains","1777041750248","i8t7rph3eabmocyndph","Local businesses deserve priority over national chains","1777038211631","1","false"
"fksripew6vimocyncyw","Scalability test room","ry5yuwpttzmocyndph","Bike lanes should replace parking on main streets","1777041750379","ktvy17do6ommocyndpg","Bike lanes should replace parking on main streets","1777038488482","1","false"
"fksripew6vimocyncyw","Scalability test room","c5nkxv51jfbmocyndph","Green spaces improve mental health in urban environments","1777041750845","4et2f6n7jgtmocyndpg","Green spaces improve mental health in urban environments","1777038223040","1","false"
"fksripew6vimocyncyw","Scalability test room","3m9x2hiteqnmocyndpg","Affordable housing quotas should apply to all new developments","1777041752781","ymwt7s753yemocyndph","Affordable housing quotas should apply to all new developments","1777038191245","1","false"
"fksripew6vimocyncyw","Scalability test room","2nzp9ly7tmsmocyndpg","Historic preservation limits necessary urban growth","1777041754638","9lohmtyxcdlmocyndpg","Historic preservation limits necessary urban growth","1777038333348","1","false"
"fksripew6vimocyncyw","Scalability test room","k61ec6dpm2mocyndpg","Food trucks add vibrancy to urban commercial corridors","1777041755605","nm6lyi2gmmpmocyndph","Food trucks add vibrancy to urban commercial corridors","1777038259457","1","false"
"fksripew6vimocyncyw","Scalability test room","3mruwwhgz8xmocyndpg","Community gardens strengthen neighborhood social bonds","1777041758298","sjn272sictmocyndpg","Community gardens strengthen neighborhood social bonds","1777038428865","1","false"
"fksripew6vimocyncyw","Scalability test room","bb7loeq5z5vmocyndpg","Street parking fees should fund public transportation","1777041762940","53zoz9ljx38mocyndph","Street parking fees should fund public transportation","1777038214655","1","false"
"fksripew6vimocyncyw","Scalability test room","mn2yjebqgnmocyndph","Community gardens strengthen neighborhood social bonds","1777041769711","sjn272sictmocyndpg","Community gardens strengthen neighborhood social bonds","1777038428865","1","false"
"fksripew6vimocyncyw","Scalability test room","f22ob6bqdesmocyndpg","Electric vehicle charging should be publicly funded","1777041770396","0iahd8bgt0nnmocyndph","Electric vehicle charging should be publicly funded","1777038233357","1","false"
"fksripew6vimocyncyw","Scalability test room","ze5cxo4fyvmocyndpg","Street parking fees should fund public transportation","1777041773518","53zoz9ljx38mocyndph","Street parking fees should fund public transportation","1777038214655","1","false"
"fksripew6vimocyncyw","Scalability test room","15lxfy0icaimocyndpg","Community gardens strengthen neighborhood social bonds","1777041775175","sjn272sictmocyndpg","Community gardens strengthen neighborhood social bonds","1777038428865","1","false"
"fksripew6vimocyncyw","Scalability test room","zmwoxkk22nmmocyndph","Trees on residential streets should be protected by law","1777041776376","ou1m2ysw7rmocyndpg","Trees on residential streets should be protected by law","1777038208005","1","false"
"43rmfvxw9wjmoaizr4y","What are your most favorite Civic Tech DC venues?","tapn1b5meemoaizr6n","Love the creative vibe of Taoti Creative","1776890949215","fa34pfk93dumoaizr6n","Taoti Creative","1776890949215","0.891206","false"
"544gmrlcbhdmo8zj347","What went well and poorly at the Apr 18 Ridglan rescue?","8io1p6whg6imofvegam","The organizing committee should have done a better job of hearing other activists’ concerns _during_ the action.","1777214121214","e0410i8tqgmofvea66","The organizing committee should have done a better job of hearing other activists’ concerns before the action.","1777214113278","0.940374","false"
"544gmrlcbhdmo8zj347","What went well and poorly at the Apr 18 Ridglan rescue?","lb4urwdgblamofvfknu","We appeared nonviolent to the public at the April 18 action.","1777214173530","tky7fk6e2jmofvetv8","I consider the April 18 action a success.","1777214138804","0.850792","false"
"544gmrlcbhdmo8zj347","What went well and poorly at the Apr 18 Ridglan rescue?","xl5yhjjcozmofx9x7l","We should have gone on Friday night, before law enforcement set up at the site","1777217269089","e0410i8tqgmofvea66","The organizing committee should have done a better job of hearing other activists’ concerns before the action.","1777214113278","0.80754","false"
"544gmrlcbhdmo8zj347","What went well and poorly at the Apr 18 Ridglan rescue?","rmwyfjg5d6mofxa0z2","We should have kept to the plan of going on Sunday, April 19 so we could have more training with our teams.","1777217273966","xnfut3hbcllmofvffhx","We did not have sufficient training for the April 18 action; it would have been better to wait.","1777214166837","0.847158","false"
"4ah5tkq8f2omo1fb1oe","What do you do about plants that attract many insects","vca5s6czzymo1fb1qb","Move them if they pose a genuine risk","1776340562051","2v9eip351pvmo1fb1qb","Prioritize safety, remove them if necessary","1776340562051","0.820153","false"
"gw764z9ddermnxlpejr","Should we pedestrianize 17th St from Q to P?","aywwqybbxwemnxlpele","I want to see even more than those two blocks pedestrianized","1776109444898","5qtvaudflkfmnxlpele","Yes! I'm in favor of pedestrianizing","1776109444898","0.815331","false"
"cacel9mwxnlmnrql5th","Should users be able to record rants with their voice on heard.vote?","cn04iq9iziumnrql5ur","I wanna be able to record rants with my voice on the website.","1775754847971","48oyjbjrsufmnrql5ur","I wanna be able to record rants with my voice on heard.vote.","1775754847971","0.903449","false"
"x2a7vef3aqimnqenwfk","Should our city invest more in public transportation?","eashwurbzsdmnqeoyre","sdfsdf sdf sdf sdfd","1775674403834","a9cg9kizxbkmnqeohw1","testsdfsdf sdf dsf","1775674381969","0.858733","false"
"x2a7vef3aqimnqenwfk","Should our city invest more in public transportation?","mvgaeyxk1jmnqfoudq","sdfsdfsf","1775676077774","a9cg9kizxbkmnqeohw1","testsdfsdf sdf dsf","1775674381969","0.82378","false"
"alcy5yxumhemndjaeev","What do you prioritize in noodle texture?","podro9cljhlmndjaek6","The chewiness of instant noodles is unmatched","1774896062262","wz52v15vfxmndjaek5","Chewier, firmer noodles offer a more satisfying bite","1774896062261","0.803726","false"
"alcy5yxumhemndjaeev","What do you prioritize in noodle texture?","tf339uglknmndjaek6","Softer noodles absorb flavors better, enhancing taste","1774896062262","wz52v15vfxmndjaek5","Chewier, firmer noodles offer a more satisfying bite","1774896062261","0.81467","false"
"5ei10ls6avmn7nvp5u","I think dogs should be able to vote","zb0exl5j9rimn7nvp7w","Dogs cannot effectively specifically communicate with humans and so they should not be permitted to participate in democracy","1774540977260","xa6iopi85trmn7nvp7w","Dogs inhabit the same public spaces as humans do, and have demonstrable wants and needs - they should vote","1774540977260","0.823154","false"
"rwkt9fcwmgjmn5jwq42","Should our city invest more in public transportation?","83162nfj8komn5lbfex","sdfsf","1774415739849","v6t5fnystrmn5l7bij","sdfsfs","1774415548171","0.840656","false"
"h65hd3lpszmn35m1k7","Should the 14th St Trader Joe's limit parking lot use?","0njoxpw9givmmn5i4cuz","asdasdsad","1774410371099","c6h11gwv3zimn5i49dx","asdaasda","1774410366597","0.830784","false"
"aocxafg7tnpmmv7j6sh","Should we install a parklet at 17th and Q ?","wbp0895l25qmmv7j6uk","I'm in favor of installing the parklet","1773787925612","b2p7lgpflutmmv7j6uk","The parklet would make the area feel safer and more welcoming","1773787925612","0.860376","false"
"emvdq8ba2c9mmp8b4dp","How can we do composting more effectively in Kalorama Park?","tqzqcfpuakmmp8b4oe","I'm in favor of improving the compost area in Kalorama Park","1773426432110","011vsxcqah6wjmmp8b4oe","I'm in favor of moving the compost near the rec center","1773426432110","0.840896","false"
"4b7juueeot1mmmouc57","What projects are you most excited about that you're not on?","gpxevue7o07mmmqn2aj","mental health and ai!","1773275823451","ilitmyvoqommmoucfo","Mental Health and AI","1773272803956","0.899974","false"
"1m6smp6xd4jmme72uls","Should Heard be open source?","za8b2puusbmmfbi4r8","Consider partial open source for now? Could be a good balance of trust while thinking of models to monetize. Can always go full open source anytime","1772827135892","7ox78rbvvibmmedcacv","I think it should be open source. Certainly there are monetization risks and nontrivial ones at that. But I think if you're trying to build public trust, open source is a strong way to do it.","1772769756271","0.832389","false"
"9s9n47i3m9mmme13w27","What role could the East Bay Civic Hub play that would make it genuinely worthwhile for you to participate?","5ksy85lpj1dmme13wcz","The Civic Hub should help new civic initiatives emerge and find collaborators.","1772749209491","0szmw9gxksamme13wcz","The Civic Hub should serve as a neutral meeting ground where organizations can share what they are working on and find opportunities to align.","1772749209491","0.863047","false"
"9s9n47i3m9mmme13w27","What role could the East Bay Civic Hub play that would make it genuinely worthwhile for you to participate?","5xj2vz41mglmme13wcz","The Civic Hub should primarily support individual civic participation rather than trying to coordinate organizations.","1772749209491","0szmw9gxksamme13wcz","The Civic Hub should serve as a neutral meeting ground where organizations can share what they are working on and find opportunities to align.","1772749209491","0.839888","false"
"9s9n47i3m9mmme13w27","What role could the East Bay Civic Hub play that would make it genuinely worthwhile for you to participate?","89xo3ze7s08mme13wcz","The Civic Hub should primarily support neighborhood-level organizing and collaboration.","1772749209491","0szmw9gxksamme13wcz","The Civic Hub should serve as a neutral meeting ground where organizations can share what they are working on and find opportunities to align.","1772749209491","0.832568","false"
"9s9n47i3m9mmme13w27","What role could the East Bay Civic Hub play that would make it genuinely worthwhile for you to participate?","a5ly0jm5rlimme13wcz","The Civic Hub should be a place where people practice democratic processes like deliberation, dialogue, and collaborative decision-making.","1772749209491","0szmw9gxksamme13wcz","The Civic Hub should serve as a neutral meeting ground where organizations can share what they are working on and find opportunities to align.","1772749209491","0.810416","false"
"9s9n47i3m9mmme13w27","What role could the East Bay Civic Hub play that would make it genuinely worthwhile for you to participate?","c417yjblfi6mme13wcz","The Civic Hub should help people learn practical civic skills such as facilitation, organizing, and democratic participation.","1772749209491","75etyzgj9jmmme13wcz","The Civic Hub should help people work together to solve real civic problems facing the East Bay.","1772749209491","0.803099","false"
"9s9n47i3m9mmme13w27","What role could the East Bay Civic Hub play that would make it genuinely worthwhile for you to participate?","cpikigk9henmme13wcz","The Civic Hub should act as an incubator for new civic initiatives that emerge from the community.","1772749209491","0szmw9gxksamme13wcz","The Civic Hub should serve as a neutral meeting ground where organizations can share what they are working on and find opportunities to align.","1772749209491","0.818016","false"
"9s9n47i3m9mmme13w27","What role could the East Bay Civic Hub play that would make it genuinely worthwhile for you to participate?","e87eos6e4ecmme13wcz","The most important role of the Civic Hub is building relationships and trust across the civic ecosystem.","1772749209491","0szmw9gxksamme13wcz","The Civic Hub should serve as a neutral meeting ground where organizations can share what they are working on and find opportunities to align.","1772749209491","0.833246","false"
"9s9n47i3m9mmme13w27","What role could the East Bay Civic Hub play that would make it genuinely worthwhile for you to participate?","jauc2mauj4mme13wcz","The East Bay Civic Hub should actively include participants and organizations from across the East Bay, not primarily Oakland.","1772749209491","75etyzgj9jmmme13wcz","The Civic Hub should help people work together to solve real civic problems facing the East Bay.","1772749209491","0.840621","false"
"9s9n47i3m9mmme13w27","What role could the East Bay Civic Hub play that would make it genuinely worthwhile for you to participate?","ju4aofevxqfmme13wcz","The Civic Hub should help connect organizations working on related civic issues so they can collaborate instead of duplicating efforts.","1772749209491","0szmw9gxksamme13wcz","The Civic Hub should serve as a neutral meeting ground where organizations can share what they are working on and find opportunities to align.","1772749209491","0.898696","false"
"9s9n47i3m9mmme13w27","What role could the East Bay Civic Hub play that would make it genuinely worthwhile for you to participate?","m0w9abuhq4tmme13wcz","The Civic Hub should focus on building a strong Oakland civic community first before trying to operate regionally.","1772749209491","75etyzgj9jmmme13wcz","The Civic Hub should help people work together to solve real civic problems facing the East Bay.","1772749209491","0.823178","false"
"9s9n47i3m9mmme13w27","What role could the East Bay Civic Hub play that would make it genuinely worthwhile for you to participate?","mh8nbuwdymme13wcz","The Civic Hub should support collaborative civic projects that participants can work on together.","1772749209491","0szmw9gxksamme13wcz","The Civic Hub should serve as a neutral meeting ground where organizations can share what they are working on and find opportunities to align.","1772749209491","0.835071","false"
"9s9n47i3m9mmme13w27","What role could the East Bay Civic Hub play that would make it genuinely worthwhile for you to participate?","q2l36tq4gximme13wcz","The Civic Hub should remain loosely organized and emergent rather than trying to define a specific mission too quickly.","1772749209491","0szmw9gxksamme13wcz","The Civic Hub should serve as a neutral meeting ground where organizations can share what they are working on and find opportunities to align.","1772749209491","0.82674","false"
"9s9n47i3m9mmme13w27","What role could the East Bay Civic Hub play that would make it genuinely worthwhile for you to participate?","v8hdxtfry2hmme13wcz","The Civic Hub should be a regular gathering space where civic-minded people build relationships across organizations and sectors.","1772749209491","0szmw9gxksamme13wcz","The Civic Hub should serve as a neutral meeting ground where organizations can share what they are working on and find opportunities to align.","1772749209491","0.844683","false"
"9s9n47i3m9mmme13w27","What role could the East Bay Civic Hub play that would make it genuinely worthwhile for you to participate?","vzhl845ez3mme13wcz","The Civic Hub should help coordinate local responses to important civic challenges when they arise.","1772749209491","0szmw9gxksamme13wcz","The Civic Hub should serve as a neutral meeting ground where organizations can share what they are working on and find opportunities to align.","1772749209491","0.817194","false"
"9s9n47i3m9mmme13w27","What role could the East Bay Civic Hub play that would make it genuinely worthwhile for you to participate?","wt4hwqldo4nmme13wcz","The Civic Hub should function as a place where organizations share knowledge, tools, and resources with one another.","1772749209491","0szmw9gxksamme13wcz","The Civic Hub should serve as a neutral meeting ground where organizations can share what they are working on and find opportunities to align.","1772749209491","0.893167","false"
"9s9n47i3m9mmme13w27","What role could the East Bay Civic Hub play that would make it genuinely worthwhile for you to participate?","ylg911ygao7mme13wcz","The Civic Hub should focus on connecting people and projects that are already working on civic issues in the East Bay.","1772749209491","75etyzgj9jmmme13wcz","The Civic Hub should help people work together to solve real civic problems facing the East Bay.","1772749209491","0.916053","false"
"j9v39d5dnicmmdr82fk","Is it necessary to learn an instrument to sing better?","yl63ssneq2mmds1px2","Absolutely necessary!","1772733991286","uqch7upfeefmmdry1dh","Not necessary but a good idea!","1772733819509","0.8006","false"
"oe2cuptb0ommbesozs","What are the key differences between toaster strudels and pop tarts that influence preference?","x7dxqunu5hmmbespar","Toaster strudels are overrated","1772590803219","80r73ghemgkmmbespar","Toaster strudels are often more versatile","1772590803219","0.834764","false"
"7fjl17ya2ybmmb2iaxp","Is the focus on buying viewbots a reflection of the current state of content creation?","uem5u8uc2smmb2ib3x","Viewbots are a legitimate business strategy","1772570162877","bzhr2hjrkaqmmb2ib3x","Buying viewbots undermines authenticity","1772570162877","0.8514","false"
"5ylbnlska8wmma4blud","What constitutes the ideal balance of flakiness and chewiness in a croissant?","9aosc2sg8xomma4bm70","Flakiness is overrated","1772512743708","02h3hptdkb6qmma4bm70","Too much flakiness","1772512743708","0.870744","false"
"akjq6t44premma0rwfh","Should the DC Metro run 24/7 like NYC to support nightlife and shift workers?","y162u5385tmma0rwmz","Running 24/7 would support shift workers.","1772506785275","wym39zrfzafmma0rwmz","Running 24/7 would support nightlife.","1772506785275","0.888727","false"
"rrgy0xhb99mm3enr8r","Should knives be put in the dishwasher?","tidsardjcrjmm3enrqg","Knives should always be hand washed","1772106843688","exwsluh665smm3enrqg","Dishwashers damage knives over time","1772106843688","0.804978","false"
"fq8kqi3avlamm2544u8","What are your thoughts on Juzo Itami's films compared to other directors in the crime genre?","vvnlk4mvn1mm2545ev","The way Itami portrays strong female characters in a male-dominated world adds a refreshing perspective that is often lacking in traditional crime stories.","1772030345575","5a740gxnak4mm2545ev","Itami has a unique ability to blend humor with serious themes, setting him apart from many crime filmmakers who focus solely on dark narratives.","1772030345575","0.846012","false"
"fq8kqi3avlamm2544u8","What are your thoughts on Juzo Itami's films compared to other directors in the crime genre?","nqnmyn5gummm2545ew","While Itami's films are engaging, some might argue that his comedic approach can undermine the gravity of the crime genre, making it feel less impactful.","1772030345576","5a740gxnak4mm2545ev","Itami has a unique ability to blend humor with serious themes, setting him apart from many crime filmmakers who focus solely on dark narratives.","1772030345575","0.900626","false"
"ukxpitqa1qmm132nah","Should cities prioritize green spaces over parking spots?","va04vjq1dsmmm132nez","We need more green spaces around the city.","1771966450187","hgtklfpy30lmm132nez","We need more green spaces, even if it means fewer parking spots.","1771966450187","0.822456","false"
"7z0iowfiksmmm0x3r6q","What significance does Thomas Mundy Peterson's action hold in the context of voting rights history?","px8u936jzamm0x3re0","Understanding Peterson's role helps frame the narrative of voting rights as not just a historical event, but an ongoing fight for justice and representation.","1771956424296","oc1bl9fyu9lmm0x3re0","The fact that Peterson's action is often overlooked reflects the ongoing struggle for recognition of African American contributions to democracy.","1771956424296","0.827853","false"
"re7lhoizaybmlzt5ztd","What are the implications of social media bots influencing celebrity political statements?","cmxrh2bcs7mlzt6034","Relying on bots to spread messages could undermine genuine engagement in political conversations among fans.","1771889344240","jmgfueeg0msmlzt6033","The use of bots to amplify celebrity posts raises concerns about the authenticity of political discourse.","1771889344239","0.823009","false"
"lfp7f3rt41qmlzpfa0d","What do you think of Mamdani's budget proposal?","qn6tu4d6x3mlzpfa47","I support the proposal to tax the rich","1771883058679","1t72eab5k4rmlzpfa47","I support the proposal to increase property taxes","1771883058679","0.808308","false"
"xqds3rjx80kmlzpez42","Will Netflix walk away from the Warner Bros. Discovery bid if Paramount raises the price?","890dswqoanpmlzpez7y","Netflix has shown it can be strategic with its investments and might choose to retreat if the price is too high.","1771883044558","47yhi1mxj5amlzpez7y","A price increase could push Netflix to reconsider its priorities, especially if it conflicts with their current content strategy.","1771883044558","0.804758","false"
"pg6khio97sqmlzohiw6","What are your thoughts on the charm of downtown NYC after a fresh snowfall?","yc7j8rdsiemlzohizd","The contrast between the white snow and the gritty urban landscape creates a unique beauty that is hard to beat.","1771881483865","v32a0knjnrmlzohizd","The snow adds a magical layer to the city, transforming familiar streets into a winter wonderland.","1771881483865","0.803512","false"
"pzsx86xwwvhmlzjexaa","What are the benefits and drawbacks of maintaining a cynical perspective on life?","ns74qkojz0dmlzjexqc","A balance between cynicism and positivity can be beneficial, allowing for realistic assessments while still appreciating the good in life.","1771872964932","2o2xys3rhj2mlzjexqb","A cynical outlook can provide a clear-eyed view of reality, which often leads to better decision-making in challenging situations.","1771872964931","0.809969","false"
"nlfik52ekgmlyfmak0","Has BART Failed Oakland?","2z6vq9pax4tmlyfmavv","BART's failure to prioritize Oakland reflects a broader trend of neglecting underserved communities in the Bay Area.","1771806123931","7e9o1batsckmlyfmavu","BART has neglected Oakland's transit needs, leading to increased traffic and dissatisfaction among residents.","1771806123930","0.839732","false"
"nlfik52ekgmlyfmak0","Has BART Failed Oakland?","hu0sc61q0eomlyfmavv","The investment in BART has brought some benefits, but the lack of service and connectivity to key areas is a significant oversight.","1771806123931","7e9o1batsckmlyfmavu","BART has neglected Oakland's transit needs, leading to increased traffic and dissatisfaction among residents.","1771806123930","0.800875","false"
"ji6w6nya8xmlya5k0p","What impact do you think the launch of NGOs by Stop Killing Games will have on the gaming industry and its regulatory landscape?","bw5e4hlaybwmlya5k5b","The presence of these organizations could foster a healthier dialogue between gamers and developers, resulting in improvements that benefit both parties.","1771796944703","u3r1v4ruoabmlya5k5a","The establishment of NGOs can empower players and advocates to push for more ethical practices within the gaming industry.","1771796944702","0.802522","false"
"fob89ulneebmly188l1","What are the most significant aspects of J. S. Bach's compositional style that stand out in Invention 8?","0gibkabmo0u9mly188vw","Invention 8 exemplifies Bach's ability to balance complexity with accessibility, making it both challenging for performers and enjoyable for audiences.","1771781953532","sfp5vg8zbhmly188vv","The intricate counterpoint in Invention 8 showcases Bach's mastery of melody and harmony, creating a rich and engaging listening experience.","1771781953531","0.877777","false"
"bcdxdlvajr9mlxbytq6","What are your thoughts on Polyphia's experimental approach in ""Playing God""?","3ti1tml5xi3mlxbyu68","""Playing God"" showcases their ability to blend genres, which is a bold move that pays off.","1771739524160","46id74r7z3ymlxbyu67","The intricate guitar work in ""Playing God"" is a refreshing take on modern instrumental music.","1771739524159","0.823225","false"
"qsqhvrxhtyfmlwxn5hq","What are some good beginner-friendly heels dance classes in the Bay Area, specifically around Berkeley and Oakland?","tyu6cw5jrlmlwxn5uf","Try Dance Mission Theater in the Mission District; they offer a fantastic heels class that's welcoming to newcomers.","1771715464791","j9xqmoi82zmlwxn5uf","Look into classes at the Berkeley Ballet Theater; they sometimes offer heels workshops that cater to beginners.","1771715464791","0.829562","false"
"qsqhvrxhtyfmlwxn5hq","What are some good beginner-friendly heels dance classes in the Bay Area, specifically around Berkeley and Oakland?","xximijn29iqmlwxn5uf","The studio in Oakland called ""The Heels Room"" has a great reputation for teaching beginners. It’s worth checking out their schedule.","1771715464791","j9xqmoi82zmlwxn5uf","Look into classes at the Berkeley Ballet Theater; they sometimes offer heels workshops that cater to beginners.","1771715464791","0.820508","false"
"41zvlzs6ilsmlwdyk6m","What are the biggest flaws in ""The Notebook"" as a romantic story?","gdnex69rxmlwdyklu","The imbalance in effort between the characters is glaring and undermines the notion of true love.","1771682404818","4ao5nyca3vnmlwdyklu","The narrative glorifies unhealthy obsession rather than presenting a balanced, mutual relationship, which can be harmful to viewers' perceptions of love.","1771682404818","0.800202","false"
"k7z5mbdsyjmlvtcir8","What are your thoughts on the fear of bees and how it affects people's interactions with them?","tchn3jk8g3mlvtcj9b","Fear of bees is often rooted in misinformation; they are generally harmless if left undisturbed.","1771647784319","k2pamob8deqmlvtcj9b","The fear of bees can be debilitating for some, and education about their behavior is essential to help alleviate those fears.","1771647784319","0.831847","false"
"k7z5mbdsyjmlvtcir8","What are your thoughts on the fear of bees and how it affects people's interactions with them?","u8pkxq4kvwpmlvtcj9b","Respecting bees is crucial for environmental health, and overcoming that fear can foster a greater appreciation for nature.","1771647784319","k2pamob8deqmlvtcj9b","The fear of bees can be debilitating for some, and education about their behavior is essential to help alleviate those fears.","1771647784319","0.806333","false"
"65p3wk0kxb7mlv4rrhv","Why do airlines prioritize profit over customer experience when it comes to seating arrangements?","edj2hldokdumlv4rrps","It's frustrating to see airlines take advantage of families and couples who simply want to sit together; it's an unnecessary hassle that detracts from the travel experience.","1771606504720","wfky3vnfd4imlv4rrpr","Airlines are exploiting customers by fragmenting seating arrangements, forcing them to pay extra for what should be a basic service.","1771606504719","0.846468","false"
"4x74dx7pki7mlu8xyhw","What interesting facts have you learned recently?","tgncfsr5d1fmlu8xyqq","Learning about the eulachon highlights the unique ways different societies utilize natural resources; it's a reminder of our connection to the environment.","1771553046050","pw0bffu3bymlu8xyqq","Eulachons are fascinating not just for their use as candles, but also for their role in local ecosystems and indigenous cultures.","1771553046050","0.824929","false"
"lh5cajlcpxamltwu1wu","If two things taste good, do they really taste good together?","d7j92ormpafmltwu21j","Taste is subjective, and what works for one person can be off-putting to another; there are definitely pairings that don't belong together.","1771532708311","104q405nc3nlmltwu21j","The idea that all good flavors can coexist is flawed; some combinations can genuinely clash and ruin the dish.","1771532708311","0.807565","false"
"1cnj6bqdfdgmljlhybb","Song choices for the obscure playlist","ph6eoe04vbmljli0el","When you're adding songs, you need to think about whether others will like it, not just whether you like it personally","1770909008781","hc409mhm3asmljli0el","I intentionally didn't include songs I liked because I didn't think others would like them.","1770909008781","0.830276","false"
"1cnj6bqdfdgmljlhybb","Song choices for the obscure playlist","l2fnyzk9i5kmljrfkss","Don’t remember that being a thing we needed to consider.","1770918972940","832re3dos9vmljrdcf5","Didn’t remember that being said.","1770918868769","0.803695","false"
"nnaidz8xbkmliosmb6","Should Ward 2 pedestrianize two blocks of 17th St, from Q St to P St?","h3vkiefd0zlmlioso9h","I'm in favor of pedestrianizing 17th from Q to P St.","1770854078933","gsd50tuvs4nmlioso9h","I'd love to see even more of 17th pedestrianized.","1770854078933","0.889486","false"
"nnaidz8xbkmliosmb6","Should Ward 2 pedestrianize two blocks of 17th St, from Q St to P St?","oo5xi4akymemljwkue4","This will hurt local businesses","1770927616732","fleg2oqb40umljv5tpm","No, this is bad for local businesses because it will decrease visibility of drivers.","1770925236394","0.830996","false"
"nnaidz8xbkmliosmb6","Should Ward 2 pedestrianize two blocks of 17th St, from Q St to P St?","3v7zej17l8omlk060xg","We should do all of 17th. Most people walk, most motorists are just speeding through","1770933643828","gsd50tuvs4nmlioso9h","I'd love to see even more of 17th pedestrianized.","1770854078933","0.87668","false"
"sk612k67osmlfcmaoc","How do you feel about renaming 'communities' to 'herds'?","inmn57puxzdmlfcmc3l","Saying 'herd' is much more on brand.","1770652229313","66qmcaspqcymlfcmc3l","'Herd' has negative connotations around group think or mob mentality","1770652229313","0.800545","false"
"tshidg392kimlb87myq","Should cities prioritize green spaces over parking spots?","kt1hl3usi5emlb87ocu","We need more green spaces even if it means fewer parking spots.","1770402962190","b1qguudueynmlb87ocu","We need more green spaces around the city.","1770402962190","0.823334","false"
"zcrm9c35l5mlaz15gb","Should the DC Metro run 24/7 like NYC to support nightlife and shift workers?","rowcctnr8tmlaz16mb","Running 24/7 would support nightlife.","1770387542723","4y4mkskttmlmlaz16mb","Running 24/7 would support shift workers.","1770387542723","0.888727","false"
"zcrm9c35l5mlaz15gb","Should the DC Metro run 24/7 like NYC to support nightlife and shift workers?","ovljbvbzyemlb9qxwi","Running 24/7 would be expensive","1770405540642","4y4mkskttmlmlaz16mb","Running 24/7 would support shift workers.","1770387542723","0.809198","false"
"2j7bnepnpqwml6rfc9r","Should the DC Metro run 24/7 like NYC to support nightlife and shift workers?","inh896jc30rml6rfcw5","Running 24/7 would support shift workers.","1770132902405","c8l11hrqaruml6rfcw5","Running 24/7 would support nightlife.","1770132902405","0.888727","false"
"2j7bnepnpqwml6rfc9r","Should the DC Metro run 24/7 like NYC to support nightlife and shift workers?","yf5a6yywvdcml73z66c","I think it should run 24/7 but I'm worried about the cost. DC is already dealing with a budget shortfall.","1770153982212","c8l11hrqaruml6rfcw5","Running 24/7 would support nightlife.","1770132902405","0.807619","false"
"uv3br55kdtmkyh27r8","I wish there was a library more conveniently located north of Dupont Circle","o96g9ahas6qmkyh29gc","A library branch near 14th & Park Road could serve Adams Morgan, Columbia Heights, and Mt Pleasant - three dense neighborhoods with zero library access.","1769631765854","la8y3pptrkmkyh29gc","The nearest library from Columbia Heights is a 25-minute walk - that's just not accessible for families with young kids or elderly residents.","1769631765852","0.801001","false"
"uv3br55kdtmkyh27r8","I wish there was a library more conveniently located north of Dupont Circle","v7fuy9kxk4amkyh29gc","Kids in these neighborhoods shouldn't have to take two buses to get to a library for homework help or summer reading programs.","1769631765857","la8y3pptrkmkyh29gc","The nearest library from Columbia Heights is a 25-minute walk - that's just not accessible for families with young kids or elderly residents.","1769631765852","0.815073","false"
"uv3br55kdtmkyh27r8","I wish there was a library more conveniently located north of Dupont Circle","me355p9fjumkyh29gc","Libraries aren't just about books anymore - they're community centers, job search hubs, and safe spaces. North of Dupont needs this.","1769631765859","rmgm0435v1imkyh29gc","I'm a remote worker who would love a library workspace north of Dupont - all the coffee shops are packed and loud.","1769631765855","0.80754","false"
"xcrc2r70e7jmkoo6n7a","What features should be prioritized next?","ss1q6inb57mkop697a","Make it more integrated into live streams somehow!","1769040727318","jejr801yatmkoob50q","Find more fun ways to integrate it into the liveestreams","1769039275562","0.857854","false"
"19zb1jwtj9mmkk5bd4c","What’s the monkey doing???","x9q4edogjqmkk5be73","Whats up with the monkey?","1768765510047","u9k8qqc7xmkk5be73","What’s the monkey doing?","1768765510047","0.84055","false"
"i4yx1lika9mmk5jwvju","Should the DC Metro run 24/7 like NYC to support nightlife and shift workers?","g0rmvam0o9mk5jwwmy","Shift workers would benefit from a 24/7 Metro service.","1767883035706","3lnkyj0hwugmk5jwwmy","Running the Metro 24/7 would support nightlife.","1767883035706","0.868308","false"
"i4yx1lika9mmk5jwvju","Should the DC Metro run 24/7 like NYC to support nightlife and shift workers?","m3glazhq0ynmk5jwwmy","The DC Metro needs to run 24/7.","1767883035706","3lnkyj0hwugmk5jwwmy","Running the Metro 24/7 would support nightlife.","1767883035706","0.851622","false"
"ciogxq0w8uamk2rmksi","Should cities prioritize green spaces over parking spots?","tkwv0o8uvyamk2rmkuf","We need more green spaces around the city.","1767714592263","mtidv991oanmk2rmkuf","We need more green spaces even if it means fewer parking spots.","1767714592263","0.823334","false"
"96xkl3fgfk4mk2rld4t","I wish there was a library more conveniently located north of Dupont Circle","kagk51uj8tmk2rlduf","A library branch near 14th & Park Road could serve Adams Morgan, Columbia Heights, and Mt Pleasant - three dense neighborhoods with zero library access.","1767714536537","tvty1jkj77qmk2rlduf","The nearest library from Columbia Heights is a 25-minute walk - that's just not accessible for families with young kids or elderly residents.","1767714536535","0.801001","false"
"96xkl3fgfk4mk2rld4t","I wish there was a library more conveniently located north of Dupont Circle","up7ai59nt1qmk2rlduf","Kids in these neighborhoods shouldn't have to take two buses to get to a library for homework help or summer reading programs.","1767714536540","tvty1jkj77qmk2rlduf","The nearest library from Columbia Heights is a 25-minute walk - that's just not accessible for families with young kids or elderly residents.","1767714536535","0.815073","false"
"96xkl3fgfk4mk2rld4t","I wish there was a library more conveniently located north of Dupont Circle","t0lrpnwv9ssmk2rlduf","Libraries aren't just about books anymore - they're community centers, job search hubs, and safe spaces. North of Dupont needs this.","1767714536542","mxh9wy5bgomk2rlduf","I'm a remote worker who would love a library workspace north of Dupont - all the coffee shops are packed and loud.","1767714536538","0.80754","false"
"ya2zfciszwkmj7rv1fb","I wish there was a library more conveniently located north of Dupont Circle","kjcvvwyn4limj7rv3e1","A library branch near 14th & Park Road could serve Adams Morgan, Columbia Heights, and Mt Pleasant - three dense neighborhoods with zero library access.","1765840538091","w030bit72iqmj7rv3e1","The nearest library from Columbia Heights is a 25-minute walk - that's just not accessible for families with young kids or elderly residents.","1765840538089","0.801001","false"
"ya2zfciszwkmj7rv1fb","I wish there was a library more conveniently located north of Dupont Circle","0iz6vabgs29umj7rv3e1","Kids in these neighborhoods shouldn't have to take two buses to get to a library for homework help or summer reading programs.","1765840538094","w030bit72iqmj7rv3e1","The nearest library from Columbia Heights is a 25-minute walk - that's just not accessible for families with young kids or elderly residents.","1765840538089","0.815073","false"
"ya2zfciszwkmj7rv1fb","I wish there was a library more conveniently located north of Dupont Circle","rkaof9okhyjmj7rv3e1","Libraries aren't just about books anymore - they're community centers, job search hubs, and safe spaces. North of Dupont needs this.","1765840538096","w91d9ozctsbmj7rv3e1","I'm a remote worker who would love a library workspace north of Dupont - all the coffee shops are packed and loud.","1765840538092","0.80754","false"
"a5ef4ukat2bmj204f5f","What makes Temescal a great place to live, work & study, and how can it be improved?","m0ec9xfo2cmmj204f5g","I am a student in the Temescal Neighborhood.","1765491613115","vhglvtrwsqomj204f5g","I live in the Temescal Neighborhood.","1765491613114","0.923442","false"
"a5ef4ukat2bmj204f5f","What makes Temescal a great place to live, work & study, and how can it be improved?","m1nch1dp468mj204f5g","I work in the Temescal Neighborhood.","1765491613116","vhglvtrwsqomj204f5g","I live in the Temescal Neighborhood.","1765491613114","0.934654","false"
"a5ef4ukat2bmj204f5f","What makes Temescal a great place to live, work & study, and how can it be improved?","ikr5ww43halmj204f5g","I love that Temescal is authentic, real and locally focused. Let's keep it that way.","1765491613120","vhglvtrwsqomj204f5g","I live in the Temescal Neighborhood.","1765491613114","0.85785","false"
"a5ef4ukat2bmj204f5f","What makes Temescal a great place to live, work & study, and how can it be improved?","ycynp5i5l7mj204f5g","I feel safe in this neighborhood.","1765491613122","jc7p1d0ip1hmj204f5g","I feel like the people in this neighborhood really look out for each other.","1765491613121","0.824291","false"
"a5ef4ukat2bmj204f5f","What makes Temescal a great place to live, work & study, and how can it be improved?","iaxbsapaxrimj204f5g","I am a resident of the Temescal Neighborhood.","1765491613127","vhglvtrwsqomj204f5g","I live in the Temescal Neighborhood.","1765491613114","0.959874","false"
"a5ef4ukat2bmj204f5f","What makes Temescal a great place to live, work & study, and how can it be improved?","xgljks3rm4bmj204f5g","I work at a business in the Temescal Neighborhood.
","1765491613128","vhglvtrwsqomj204f5g","I live in the Temescal Neighborhood.","1765491613114","0.903853","false"
"a5ef4ukat2bmj204f5f","What makes Temescal a great place to live, work & study, and how can it be improved?","mzf9ffxz0vmj204f5g","I study in the Temescal Neighborhood.","1765491613129","vhglvtrwsqomj204f5g","I live in the Temescal Neighborhood.","1765491613114","0.897393","false"
"a5ef4ukat2bmj204f5f","What makes Temescal a great place to live, work & study, and how can it be improved?","2yy805n151lmj204f5g","We need more police patrols in the neighborhood.","1765491613130","ni914hkgnkomj204f5g","We need more policing in our neighborhood.","1765491613118","0.905134","false"
"a5ef4ukat2bmj204f5f","What makes Temescal a great place to live, work & study, and how can it be improved?","pxt1i8dlllmj204f5g","Don't feel safe on the streets. Need more police, more patrols, quicker response times.","1765491613137","ni914hkgnkomj204f5g","We need more policing in our neighborhood.","1765491613118","0.811055","false"
"a5ef4ukat2bmj204f5f","What makes Temescal a great place to live, work & study, and how can it be improved?","xdus86d8mssmj204f5g","Temescal has unique, great businesses and has warm, friendly neighbors who care for eachother.","1765491613141","vhglvtrwsqomj204f5g","I live in the Temescal Neighborhood.","1765491613114","0.857954","false"
"a5ef4ukat2bmj204f5f","What makes Temescal a great place to live, work & study, and how can it be improved?","u5gf4no1ffrmj204f5g","We need more speed bumps (or some way to stop speeding) on Webster between 43rd and 40th","1765491613143","l499t2n1avhmj204f5g","We need speed bumps on 43rd","1765491613117","0.870252","false"
"a5ef4ukat2bmj204f5f","What makes Temescal a great place to live, work & study, and how can it be improved?","4as9v78sgtjmj204f5g","I think we need to do more with Temescal Alley to bring the community together.","1765491613146","czbh73x4ravmj204f5g","We should do something with the fenced-in lot at 43rd and Telegraph (next to Temescal Works).","1765491613139","0.816134","false"
"a5ef4ukat2bmj204f5f","What makes Temescal a great place to live, work & study, and how can it be improved?","gcy2kms078qmj204f5g","Increase pedestrian safety on Telegraph with more traffic calming measures","1765491613149","tfmtipqwwmmj204f5g","We need more restaurants and bars, with outdoor seating, on Telegraph","1765491613148","0.82368","false"
"a5ef4ukat2bmj204f5f","What makes Temescal a great place to live, work & study, and how can it be improved?","8eq00s8g3pxmj204f5g","We should add more speed bumps on Shafter between 40th and 51st","1765491613150","l499t2n1avhmj204f5g","We need speed bumps on 43rd","1765491613117","0.809798","false"
"a5ef4ukat2bmj204f5f","What makes Temescal a great place to live, work & study, and how can it be improved?","w5szf2sy4qmj204f5g","Fix the potholes on 49th Street.","1765491613153","ueup5xutodjmj204f5g","Repave 49th Street. It’s been too long.","1765491613134","0.923266","false"
"a5ef4ukat2bmj204f5f","What makes Temescal a great place to live, work & study, and how can it be improved?","hfzlu2yvt8omj204f5g","Repave 49th Street.","1765491613154","ueup5xutodjmj204f5g","Repave 49th Street. It’s been too long.","1765491613134","0.962734","false"
"a5ef4ukat2bmj204f5f","What makes Temescal a great place to live, work & study, and how can it be improved?","9slewh5qfzimj204f5g","Totally repave 49th Street.","1765491613156","ueup5xutodjmj204f5g","Repave 49th Street. It’s been too long.","1765491613134","0.937392","false"
"a5ef4ukat2bmj204f5f","What makes Temescal a great place to live, work & study, and how can it be improved?","5med93a3o9qmj204f5g","The city should prioritize repaving streets that are close to schools.","1765491613158","rbg7iz9wh4mj204f5g","Fix the potholes and/or repave the streets.","1765491613119","0.800728","false"
"a5ef4ukat2bmj204f5f","What makes Temescal a great place to live, work & study, and how can it be improved?","70ty0ot9123mj204f5g","The community is welcoming to minorities","1765491613169","a86qmqcge5bmj204f5g","This neighborhood is welcoming to everyone.","1765491613123","0.81936","false"
"a5ef4ukat2bmj204f5f","What makes Temescal a great place to live, work & study, and how can it be improved?","vxgctuok1ibmj204f5g","I’d love to have a First Friday or Thursday art walk on Telegraph!","1765491613171","tfmtipqwwmmj204f5g","We need more restaurants and bars, with outdoor seating, on Telegraph","1765491613148","0.80419","false"
"a5ef4ukat2bmj204f5f","What makes Temescal a great place to live, work & study, and how can it be improved?","5gbrr4e3u59mj204f5g","I'd love to see less trash in our community. Regular neighborhood trash pick ups + more maintained/serviced public trash bins would help.","1765491613182","1zvubrpgaxrmj204f5g","Let’s organize a monthly trash cleanup for the neighborhood.","1765491613151","0.804067","false"
"a5ef4ukat2bmj204f5f","What makes Temescal a great place to live, work & study, and how can it be improved?","gv5h9f4eh8jmj204f5g","Something needs to be done about the trash, fires, and crime at the encampment on 42nd. It's not safe to walk & cars will just stop.","1765491613183","d950r200ae5mj204f5g","Clear (or monitor) the homeless camp on 42nd St, under the freeway.","1765491613108","0.887974","false"
"a5ef4ukat2bmj204f5f","What makes Temescal a great place to live, work & study, and how can it be improved?","ic9grsy317omj204f5g","Fortunately, I have not been a victim of crime in Temescal.","1765491613186","vhglvtrwsqomj204f5g","I live in the Temescal Neighborhood.","1765491613114","0.841102","false"
"a5ef4ukat2bmj204f5f","What makes Temescal a great place to live, work & study, and how can it be improved?","rjqza7yq7trmj204f5g","49th really needs to be repaved.","1765491613194","ueup5xutodjmj204f5g","Repave 49th Street. It’s been too long.","1765491613134","0.948314","false"
"a5ef4ukat2bmj204f5f","What makes Temescal a great place to live, work & study, and how can it be improved?","h5pelldgaomj204f5g","Extend the speed bumps and roundabouts on Shafter to the 40th-49th stretch. Too often cars do not stop at the 41st and Shafter stop sign!","1765491613196","sg1gsybdtbmj204f5g","Repave Shafter between 51st and 49th","1765491613174","0.803496","false"
"a5ef4ukat2bmj204f5f","What makes Temescal a great place to live, work & study, and how can it be improved?","1v05krvmik9mj204f5g","Change the structure of Telegraph.  Get rid of the bike lanes and the parklets.","1765491613201","doefdifie3mj204f5g","If the Telegraph bicycle lanes slow down buses and emergency vehicles, they should be removed.","1765491613138","0.822065","false"
"a5ef4ukat2bmj204f5f","What makes Temescal a great place to live, work & study, and how can it be improved?","vrb5fjkkppfmj204f5g","I love that you don't need to own a car in Temescal","1765491613204","vhglvtrwsqomj204f5g","I live in the Temescal Neighborhood.","1765491613114","0.839856","false"
"a5ef4ukat2bmj204f5f","What makes Temescal a great place to live, work & study, and how can it be improved?","t9dte0m9nvdmj204f5g","I live in Temescal","1765491613206","vhglvtrwsqomj204f5g","I live in the Temescal Neighborhood.","1765491613114","0.975844","false"
"a5ef4ukat2bmj204f5f","What makes Temescal a great place to live, work & study, and how can it be improved?","5aw2kwxqon4mj204f5g","Offer outreach and services to the homeless camp on 42nd St, under the freeway. They are also part of our neighborhood.","1765491613213","d950r200ae5mj204f5g","Clear (or monitor) the homeless camp on 42nd St, under the freeway.","1765491613108","0.911849","false"
"a5ef4ukat2bmj204f5f","What makes Temescal a great place to live, work & study, and how can it be improved?","xeh8aaieb6mj204f5g","We need to work with the businesses on Telegraph to be mindful and respectful of the residences that are immediately adjacent to Telegraph.","1765491613214","tfmtipqwwmmj204f5g","We need more restaurants and bars, with outdoor seating, on Telegraph","1765491613148","0.825289","false"
"a5ef4ukat2bmj204f5f","What makes Temescal a great place to live, work & study, and how can it be improved?","vi0bu9aikmmj204f5g","We need more affordable housing in our neighborhood for the unhoused","1765491613220","6gwrkf7vhe9mj204f5g","I would like to see us build community resources for our unhoused neighbors.","1765491613159","0.837321","false"
"a5ef4ukat2bmj204f5f","What makes Temescal a great place to live, work & study, and how can it be improved?","3tbi7q0334wmj204f5g","How about a regular evening walking group for exercise, neighborhood safety, and trash pickup all in one","1765491613223","1zvubrpgaxrmj204f5g","Let’s organize a monthly trash cleanup for the neighborhood.","1765491613151","0.806542","false"
"a5ef4ukat2bmj204f5f","What makes Temescal a great place to live, work & study, and how can it be improved?","irg47s0mdpomj204f5g","I think traffic calming would be the biggest improvement we could make to the neighborhood. This will bring more life out in public.","1765491613231","pmjrofzxcfamj204f5g","I would like to see traffic calming on multiple streets so that none of our streets become a speedy shortcut.","1765491613229","0.849376","false"
"a5ef4ukat2bmj204f5f","What makes Temescal a great place to live, work & study, and how can it be improved?","8z8g6b4kktcmj204f5g","Restaurants and businesses are being hurt by crime-people are not going out as much at night.","1765491613237","tetw1hmd9smj204f5g","People need to feel safe walking the streets and visiting the businesses and restaurants..","1765491613195","0.821118","false"
"a5ef4ukat2bmj204f5f","What makes Temescal a great place to live, work & study, and how can it be improved?","8iodslsf73rmj204f5g","It would be nice to have more block parties in Temescal so people can get to know each other and kids can play on streets closed to traffic.","1765491613238","pvi6ax8ro1mj204f5g","More street fairs, and a Temescal Business Discount card to promote locally owned businesses.","1765491613188","0.813418","false"
"a5ef4ukat2bmj204f5f","What makes Temescal a great place to live, work & study, and how can it be improved?","5b2xjm7v91tmj204f5g","We need a flashing yellow crossing light at 51st and Lawton","1765491613242","xon5po2kof9mj204f5g","Would love one of those ""flashing"" crosswalks on 40th St @ Opal--I have seen too many pedestrians hit and injured there.","1765491613224","0.807073","false"
"yeit20wgoqmiypykqi","I wish there was a library more conveniently located north of Dupont Circle","ch53gpkbv6miypylbf","A library branch near 14th & Park Road could serve Adams Morgan, Columbia Heights, and Mt Pleasant - three dense neighborhoods with zero library access.","1765293146477","69c47groy1bmiypylbf","The nearest library from Columbia Heights is a 25-minute walk - that's just not accessible for families with young kids or elderly residents.","1765293146475","0.801001","false"
"yeit20wgoqmiypykqi","I wish there was a library more conveniently located north of Dupont Circle","7p3tf6w5houmiypylbf","Kids in these neighborhoods shouldn't have to take two buses to get to a library for homework help or summer reading programs.","1765293146480","69c47groy1bmiypylbf","The nearest library from Columbia Heights is a 25-minute walk - that's just not accessible for families with young kids or elderly residents.","1765293146475","0.815073","false"
"yeit20wgoqmiypykqi","I wish there was a library more conveniently located north of Dupont Circle","ld9z94z2nxcmiypylbf","Libraries aren't just about books anymore - they're community centers, job search hubs, and safe spaces. North of Dupont needs this.","1765293146482","fwmjem46tvdmiypylbf","I'm a remote worker who would love a library workspace north of Dupont - all the coffee shops are packed and loud.","1765293146478","0.80754","false"
"b599hohvnjumiyonfah","I wish there was a library more conveniently located north of Dupont Circle","kl0iuhtl208miyong6i","A library branch near 14th & Park Road could serve Adams Morgan, Columbia Heights, and Mt Pleasant - three dense neighborhoods with zero library access.","1765290946988","whnp8kpu7cmiyong6i","The nearest library from Columbia Heights is a 25-minute walk - that's just not accessible for families with young kids or elderly residents.","1765290946986","0.801001","false"
"b599hohvnjumiyonfah","I wish there was a library more conveniently located north of Dupont Circle","ulalwrkk6ammiyong6i","Kids in these neighborhoods shouldn't have to take two buses to get to a library for homework help or summer reading programs.","1765290946991","whnp8kpu7cmiyong6i","The nearest library from Columbia Heights is a 25-minute walk - that's just not accessible for families with young kids or elderly residents.","1765290946986","0.815073","false"
"b599hohvnjumiyonfah","I wish there was a library more conveniently located north of Dupont Circle","ijbjgvbrn1miyong6i","Libraries aren't just about books anymore - they're community centers, job search hubs, and safe spaces. North of Dupont needs this.","1765290946993","1h4udawvxipmiyong6i","I'm a remote worker who would love a library workspace north of Dupont - all the coffee shops are packed and loud.","1765290946989","0.80754","false"
"6xw5cnlg3d9mixguzg0","I wish there was a library more conveniently located north of Dupont Circle","wu7jqgj50qmixgv01k","A library branch near 14th & Park Road could serve Adams Morgan, Columbia Heights, and Mt Pleasant - three dense neighborhoods with zero library access.","1765217396218","nwa49r824zjmixgv01k","The nearest library from Columbia Heights is a 25-minute walk - that's just not accessible for families with young kids or elderly residents.","1765217396216","0.801001","false"
"6xw5cnlg3d9mixguzg0","I wish there was a library more conveniently located north of Dupont Circle","yhm9eg7c6pmixgv01k","Kids in these neighborhoods shouldn't have to take two buses to get to a library for homework help or summer reading programs.","1765217396221","nwa49r824zjmixgv01k","The nearest library from Columbia Heights is a 25-minute walk - that's just not accessible for families with young kids or elderly residents.","1765217396216","0.815073","false"
"6xw5cnlg3d9mixguzg0","I wish there was a library more conveniently located north of Dupont Circle","8tlv34zfewxmixgv01k","Libraries aren't just about books anymore - they're community centers, job search hubs, and safe spaces. North of Dupont needs this.","1765217396223","mj99iatbsvmixgv01k","I'm a remote worker who would love a library workspace north of Dupont - all the coffee shops are packed and loud.","1765217396219","0.80754","false"
"pzxtpay4xmikwz8vn","I wish there was a library more conveniently located north of Dupont Circle","zcd4tjiubfmikwz9st","A library branch near 14th & Park Road could serve Adams Morgan, Columbia Heights, and Mt Pleasant - three dense neighborhoods with zero library access.","1764458409055","uej57cxgt8hmikwz9st","The nearest library from Columbia Heights is a 25-minute walk - that's just not accessible for families with young kids or elderly residents.","1764458409053","0.801001","false"
"pzxtpay4xmikwz8vn","I wish there was a library more conveniently located north of Dupont Circle","7hhka1ohdcgmikwz9st","Kids in these neighborhoods shouldn't have to take two buses to get to a library for homework help or summer reading programs.","1764458409058","uej57cxgt8hmikwz9st","The nearest library from Columbia Heights is a 25-minute walk - that's just not accessible for families with young kids or elderly residents.","1764458409053","0.815073","false"
"pzxtpay4xmikwz8vn","I wish there was a library more conveniently located north of Dupont Circle","t62emb9ne4omikwz9st","Libraries aren't just about books anymore - they're community centers, job search hubs, and safe spaces. North of Dupont needs this.","1764458409060","5fnkf9krqr9mikwz9st","I'm a remote worker who would love a library workspace north of Dupont - all the coffee shops are packed and loud.","1764458409056","0.80754","false"
"l6xnvghyckgmiap60qd","I used AI to remove Swann St on-street parking and it's beautiful","zi61m6qhe7pmiap613h","It'd be amazing to let kids run and play in the street safely.","1763840625677","2wm425znucrmiap613h","Imagine how cool it would feel like to walk down this street without worrying about cars.","1763840625677","0.811137","false"
"2dnj6gkpgwlmi6al8y0","Why do people like San Francisco so much?","suy3czdd9xqmi7lopu2","Someone mentioned the underground culture is amazing, I don't know what that is","1763653380554","rgflg0c0okmi74u5yw","The underground culture is incredible","1763625081272","0.901499","false"
"j5gpe4vegojmi53zo07","Is Minecraft the best game to play on Friday night?","f31zvnhi595mi54h13w","Minecraft is a great game, but I can't be considered the best.","1763503536092","m4pr4vi44emi54ev07","No one thinks Minecraft is the best ):","1763503434871","0.82622","false"
"10vplcv885qmi3e0izr","I wish there was a library more conveniently located north of Dupont Circle","dcgzidy3ywmmi3e0jvz","A library branch near 14th & Park Road could serve Adams Morgan, Columbia Heights, and Mt Pleasant - three dense neighborhoods with zero library access.","1763398631089","top5f3r9oumi3e0jvz","The nearest library from Columbia Heights is a 25-minute walk - that's just not accessible for families with young kids or elderly residents.","1763398631087","0.801001","false"
"10vplcv885qmi3e0izr","I wish there was a library more conveniently located north of Dupont Circle","o02izxl1otmi3e0jvz","Kids in these neighborhoods shouldn't have to take two buses to get to a library for homework help or summer reading programs.","1763398631092","top5f3r9oumi3e0jvz","The nearest library from Columbia Heights is a 25-minute walk - that's just not accessible for families with young kids or elderly residents.","1763398631087","0.815073","false"
"10vplcv885qmi3e0izr","I wish there was a library more conveniently located north of Dupont Circle","p3k21vsaaummi3e0jvz","Libraries aren't just about books anymore - they're community centers, job search hubs, and safe spaces. North of Dupont needs this.","1763398631094","ov24unfti2bmi3e0jvz","I'm a remote worker who would love a library workspace north of Dupont - all the coffee shops are packed and loud.","1763398631090","0.80754","false"
"cds6q9ree0emhuv6dk7","I wish there was a library more conveniently located north of Dupont Circle","hv6c0dmufs7mhuv6e94","A library branch near 14th & Park Road could serve Adams Morgan, Columbia Heights, and Mt Pleasant - three dense neighborhoods with zero library access.","1762883261610","soq1ruba3cnmhuv6e94","The nearest library from Columbia Heights is a 25-minute walk - that's just not accessible for families with young kids or elderly residents.","1762883261608","0.801001","false"
"cds6q9ree0emhuv6dk7","I wish there was a library more conveniently located north of Dupont Circle","un9c40egtukmhuv6e94","Kids in these neighborhoods shouldn't have to take two buses to get to a library for homework help or summer reading programs.","1762883261613","soq1ruba3cnmhuv6e94","The nearest library from Columbia Heights is a 25-minute walk - that's just not accessible for families with young kids or elderly residents.","1762883261608","0.815073","false"
"cds6q9ree0emhuv6dk7","I wish there was a library more conveniently located north of Dupont Circle","7g7fblcma1kmhuv6e94","Libraries aren't just about books anymore - they're community centers, job search hubs, and safe spaces. North of Dupont needs this.","1762883261615","en37g217p2mhuv6e94","I'm a remote worker who would love a library workspace north of Dupont - all the coffee shops are packed and loud.","1762883261611","0.80754","false"
"d616fc3c-8ccd-4d28-8368-8548579f3572","Cold weather commuters, when do you call it quits for the season?","d135cc62-acdd-4dc8-9cff-c8c4c27bd676","I love riding year round.","1762473325762","74e7a7f6-fe44-463c-a413-655dc0f6a92f","I live in eastern Canada and I don’t stop riding all year.","1762473325759","0.820782","false"
"d616fc3c-8ccd-4d28-8368-8548579f3572","Cold weather commuters, when do you call it quits for the season?","6c26e008-4d71-4c49-b687-225119646126","Studded tires, bar mitts, neck warmer, balaclava.","1762473329220","6bf25bfd-1357-4c8a-9a0e-0bc7ed285e91","I run studded tires and dress for the weather.","1762473325760","0.805388","false"
"d616fc3c-8ccd-4d28-8368-8548579f3572","Cold weather commuters, when do you call it quits for the season?","4ffcb884-c4d6-4725-a228-82242570ae40","Ice is a different story. My studded tires do a great job but I don't push my luck.","1762473329223","6bf25bfd-1357-4c8a-9a0e-0bc7ed285e91","I run studded tires and dress for the weather.","1762473325760","0.825048","false"
"d616fc3c-8ccd-4d28-8368-8548579f3572","Cold weather commuters, when do you call it quits for the season?","9d46efb1-99fd-4954-89c4-198892a62d4b","I seldom see much under −10°C / 14°F.","1762473338234","ae2a0cdd-3767-40ab-87b5-f0e56fecacb2","Nowadays, there's maybe only 1-2 days at −15°C / 5°F where I live per winter.","1762473338233","0.804682","false"
"d616fc3c-8ccd-4d28-8368-8548579f3572","Cold weather commuters, when do you call it quits for the season?","da9f860c-15b4-4315-9683-aa3fe7e9e76e","I often bike even in the winter if the rain/snow isn't too heavy and if it isn't too windy.","1762473341203","eff20eec-3121-4e03-825c-0d3f14b31bed","I bike year round.","1762473331476","0.815563","false"
"d616fc3c-8ccd-4d28-8368-8548579f3572","Cold weather commuters, when do you call it quits for the season?","aa265612-aca5-46a7-82c0-a779d40bcd21","I commute year round - often with temps below 10°F in the early morning.","1762473343079","eff20eec-3121-4e03-825c-0d3f14b31bed","I bike year round.","1762473331476","0.801694","false"
"zpznbny6q4qmhmbowhm","This game is bad for our friendship","pg6zhget0tmhmbplk6","We end up feeling hurt.","1762366835816","4hvm1k25nnimhmbplk6","We end up arguing.","1762366835815","0.81191","false"
"giqjizllnjmhkqgu3n","I wish there was a library more conveniently located north of Dupont Circle","02feqfibjahbmhkqguv3","A library branch near 14th & Park Road could serve Adams Morgan, Columbia Heights, and Mt Pleasant - three dense neighborhoods with zero library access.","1762270689857","hmrnrqzmnfmhkqguv3","The nearest library from Columbia Heights is a 25-minute walk - that's just not accessible for families with young kids or elderly residents.","1762270689855","0.801001","false"
"giqjizllnjmhkqgu3n","I wish there was a library more conveniently located north of Dupont Circle","qfhh2hpxnmfmhkqguv3","Kids in these neighborhoods shouldn't have to take two buses to get to a library for homework help or summer reading programs.","1762270689860","hmrnrqzmnfmhkqguv3","The nearest library from Columbia Heights is a 25-minute walk - that's just not accessible for families with young kids or elderly residents.","1762270689855","0.815073","false"
"giqjizllnjmhkqgu3n","I wish there was a library more conveniently located north of Dupont Circle","2qxkhj1xq5bmhkqguv3","Libraries aren't just about books anymore - they're community centers, job search hubs, and safe spaces. North of Dupont needs this.","1762270689862","r6sv7ehcagpmhkqguv3","I'm a remote worker who would love a library workspace north of Dupont - all the coffee shops are packed and loud.","1762270689858","0.80754","false"
"7fjpvrrpoibmh72gar1","Aggressively","23xokezbfvmmh73ygc8","music is food for the mood","1761446819384","b46zdro8fmh72k5rj","Music is food for the soul.","1761444472879","0.879134","false"
"wu0h9ul0r5qmh725g8s","it was better when you could see all the posts individually","ds9y2ihsq3qmh727zao","the swiping interface is more fun","1761443904624","yju252fqa6mh7268lz","The swiping interface is kind of confusing.","1761443823385","0.843754","false"
"z341tjhk8k8mgvbrfi8","Should Q Street be closed to traffic during the farmers market?","ielzv3olyamgvbrg3t","Closing Q Street for a few hours on Saturday mornings would transform our market from a cramped sidewalk event into a proper community gathering space.","1760734335307","i9l6ps7gamdmgvbrg3t","We need to close Q Street to cars during market hours because families are trying to browse produce while cars drive right through the middle of everything.","1760734335305","0.897249","false"
"z341tjhk8k8mgvbrfi8","Should Q Street be closed to traffic during the farmers market?","ki4bfyyvp2mgvbrg3t","Just because Q Street doesn't get heavy traffic doesn't mean it's not important to those of us who actually live here.","1760734335310","64puj63b4v6mgvbrg3t","Q Street residents need to be able to get through for work, deliveries, and emergency access - the current traffic light setup at least allows that.","1760734335309","0.850081","false"
"z341tjhk8k8mgvbrfi8","Should Q Street be closed to traffic during the farmers market?","1378aus0wptmgvbrg3t","Both the market vendors and the residents deserve to feel welcome and accommodated - this doesn't have to be an all-or-nothing fight.","1760734335313","qeulvw7bypsmgvbrg3t","The current situation isn't ideal for anyone - the market feels cramped and residents feel like their street is being taken over.","1760734335311","0.842947","false"
"z341tjhk8k8mgvbrfi8","Should Q Street be closed to traffic during the farmers market?","6mrr8ibuoidmgvbrg3t","The current compromise of keeping the street open with a traffic light satisfies no one - cars navigate through crowds, shoppers feel unsafe, and the market can't fully utilize the space.","1760734335317","qeulvw7bypsmgvbrg3t","The current situation isn't ideal for anyone - the market feels cramped and residents feel like their street is being taken over.","1760734335311","0.842872","false"
"z341tjhk8k8mgvbrfi8","Should Q Street be closed to traffic during the farmers market?","lnn3bev6b7mgvbrg3t","Q Street is a small side street that could serve the community much better as an occasional pedestrian plaza rather than a major traffic artery.","1760734335318","i9l6ps7gamdmgvbrg3t","We need to close Q Street to cars during market hours because families are trying to browse produce while cars drive right through the middle of everything.","1760734335305","0.815345","false"
"z341tjhk8k8mgvbrfi8","Should Q Street be closed to traffic during the farmers market?","4jutn4w7r5dmh4xt8cm","Q street should be closed all the time","1761315565702","i9l6ps7gamdmgvbrg3t","We need to close Q Street to cars during market hours because families are trying to browse produce while cars drive right through the middle of everything.","1760734335305","0.844424","false"
"mekkw4e6klrmgtiy0h3","Should Q Street be closed to traffic during the farmers market?","hb6o97dbcjmgtiy16q","Closing Q Street for a few hours on Saturday mornings would transform our market from a cramped sidewalk event into a proper community gathering space.","1760625467524","5opm3ndmeg5mgtiy16q","We need to close Q Street to cars during market hours because families are trying to browse produce while cars drive right through the middle of everything.","1760625467522","0.897249","false"
"mekkw4e6klrmgtiy0h3","Should Q Street be closed to traffic during the farmers market?","w5hlyiszqpmgtiy16q","Just because Q Street doesn't get heavy traffic doesn't mean it's not important to those of us who actually live here.","1760625467527","yhuor2k6acnmgtiy16q","Q Street residents need to be able to get through for work, deliveries, and emergency access - the current traffic light setup at least allows that.","1760625467526","0.850081","false"
"mekkw4e6klrmgtiy0h3","Should Q Street be closed to traffic during the farmers market?","g13evt3sltpmgtiy16q","Both the market vendors and the residents deserve to feel welcome and accommodated - this doesn't have to be an all-or-nothing fight.","1760625467530","7u4ofdsyyermgtiy16q","The current situation isn't ideal for anyone - the market feels cramped and residents feel like their street is being taken over.","1760625467528","0.842947","false"
"mekkw4e6klrmgtiy0h3","Should Q Street be closed to traffic during the farmers market?","l0hlwq3b45dmgtiy16q","The current compromise of keeping the street open with a traffic light satisfies no one - cars navigate through crowds, shoppers feel unsafe, and the market can't fully utilize the space.","1760625467534","7u4ofdsyyermgtiy16q","The current situation isn't ideal for anyone - the market feels cramped and residents feel like their street is being taken over.","1760625467528","0.842872","false"
"mekkw4e6klrmgtiy0h3","Should Q Street be closed to traffic during the farmers market?","ud4wqwra04jmgtiy16q","Q Street is a small side street that could serve the community much better as an occasional pedestrian plaza rather than a major traffic artery.","1760625467535","5opm3ndmeg5mgtiy16q","We need to close Q Street to cars during market hours because families are trying to browse produce while cars drive right through the middle of everything.","1760625467522","0.815345","false"
"mekkw4e6klrmgtiy0h3","Should Q Street be closed to traffic during the farmers market?","49d41dioviumgtkckye","Yes! It makes the farmers market better.","1760627825942","60daxa11m07mgtiy94l","Yes! It makes the farmers market better.","1760625477813","1","false"
"mekkw4e6klrmgtiy0h3","Should Q Street be closed to traffic during the farmers market?","p6k171xebogmgtkckye","It won't really inconvenience drivers since there's not that many drivers in that area anyways.","1760627825943","alls64ppf0omgtiy94l","It won't really inconvenience drivers since there's not that many drivers in that area anyways.","1760625477814","1","false"
"mekkw4e6klrmgtiy0h3","Should Q Street be closed to traffic during the farmers market?","5hakaqv8aqamgtkckye","You also have the metro there.","1760627825944","nh9yiqiibsomgtiy94l","You also have the metro there.","1760625477815","1","false"
"mekkw4e6klrmgtiy0h3","Should Q Street be closed to traffic during the farmers market?","2wphr7ld0wjmgtkckye","In general, just adding more walkability to that intersection is a big win.","1760627825945","s8t1bo5iuscmgtiy94l","In general, just adding more walkability to that intersection is a big win.","1760625477816","1","false"
"z8z3kl757kimgti4fle","Should Q Street be closed to traffic during the farmers market?","ih98ucu5o9mgti4g7b","Closing Q Street for a few hours on Saturday mornings would transform our market from a cramped sidewalk event into a proper community gathering space.","1760624087305","xga0h09v209mgti4g7b","We need to close Q Street to cars during market hours because families are trying to browse produce while cars drive right through the middle of everything.","1760624087303","0.897249","false"
"z8z3kl757kimgti4fle","Should Q Street be closed to traffic during the farmers market?","yoltybx00lmgti4g7b","Just because Q Street doesn't get heavy traffic doesn't mean it's not important to those of us who actually live here.","1760624087308","5ha9fx8jobtmgti4g7b","Q Street residents need to be able to get through for work, deliveries, and emergency access - the current traffic light setup at least allows that.","1760624087307","0.850081","false"
"z8z3kl757kimgti4fle","Should Q Street be closed to traffic during the farmers market?","v3ehkuwkmrhmgti4g7b","Both the market vendors and the residents deserve to feel welcome and accommodated - this doesn't have to be an all-or-nothing fight.","1760624087311","2ze8xr9rqlimgti4g7b","The current situation isn't ideal for anyone - the market feels cramped and residents feel like their street is being taken over.","1760624087309","0.842947","false"
"z8z3kl757kimgti4fle","Should Q Street be closed to traffic during the farmers market?","y7hcyao60pjmgti4g7b","The current compromise of keeping the street open with a traffic light satisfies no one - cars navigate through crowds, shoppers feel unsafe, and the market can't fully utilize the space.","1760624087315","2ze8xr9rqlimgti4g7b","The current situation isn't ideal for anyone - the market feels cramped and residents feel like their street is being taken over.","1760624087309","0.842872","false"
"z8z3kl757kimgti4fle","Should Q Street be closed to traffic during the farmers market?","tky9j51chycmgti4g7b","Q Street is a small side street that could serve the community much better as an occasional pedestrian plaza rather than a major traffic artery.","1760624087316","xga0h09v209mgti4g7b","We need to close Q Street to cars during market hours because families are trying to browse produce while cars drive right through the middle of everything.","1760624087303","0.815345","false"
"8ag4dtv3185mgsgfw99","Should Q Street be closed to traffic during the farmers market?","f2f3dwmlh0lmgsgfwx7","Closing Q Street for a few hours on Saturday mornings would transform our market from a cramped sidewalk event into a proper community gathering space.","1760560796781","lxiapn27lahmgsgfwx7","We need to close Q Street to cars during market hours because families are trying to browse produce while cars drive right through the middle of everything.","1760560796779","0.897249","false"
"8ag4dtv3185mgsgfw99","Should Q Street be closed to traffic during the farmers market?","3b3xj4slqkemgsgfwx7","Just because Q Street doesn't get heavy traffic doesn't mean it's not important to those of us who actually live here.","1760560796784","pavtxshin6mgsgfwx7","Q Street residents need to be able to get through for work, deliveries, and emergency access - the current traffic light setup at least allows that.","1760560796783","0.850081","false"
"8ag4dtv3185mgsgfw99","Should Q Street be closed to traffic during the farmers market?","maivbu9cqomgsgfwx7","Both the market vendors and the residents deserve to feel welcome and accommodated - this doesn't have to be an all-or-nothing fight.","1760560796787","uzdbv1k8rbmmgsgfwx7","The current situation isn't ideal for anyone - the market feels cramped and residents feel like their street is being taken over.","1760560796785","0.842947","false"
"8ag4dtv3185mgsgfw99","Should Q Street be closed to traffic during the farmers market?","unpnrqkoa0amgsgfwx7","The current compromise of keeping the street open with a traffic light satisfies no one - cars navigate through crowds, shoppers feel unsafe, and the market can't fully utilize the space.","1760560796791","uzdbv1k8rbmmgsgfwx7","The current situation isn't ideal for anyone - the market feels cramped and residents feel like their street is being taken over.","1760560796785","0.842872","false"
"8ag4dtv3185mgsgfw99","Should Q Street be closed to traffic during the farmers market?","8n1d3zrc5jlmgsgfwx7","Q Street is a small side street that could serve the community much better as an occasional pedestrian plaza rather than a major traffic artery.","1760560796792","lxiapn27lahmgsgfwx7","We need to close Q Street to cars during market hours because families are trying to browse produce while cars drive right through the middle of everything.","1760560796779","0.815345","false"
"qpqjpjstkkamgsetffs","Should Q Street be closed to traffic during the farmers market?","krv0u3i5z99mgsetg3f","Closing Q Street for a few hours on Saturday mornings would transform our market from a cramped sidewalk event into a proper community gathering space.","1760558068925","2xthix052y3mgsetg3f","We need to close Q Street to cars during market hours because families are trying to browse produce while cars drive right through the middle of everything.","1760558068923","0.897249","false"
"qpqjpjstkkamgsetffs","Should Q Street be closed to traffic during the farmers market?","hewbizd1k4rmgsetg3f","Just because Q Street doesn't get heavy traffic doesn't mean it's not important to those of us who actually live here.","1760558068928","38syz7tsiq6mgsetg3f","Q Street residents need to be able to get through for work, deliveries, and emergency access - the current traffic light setup at least allows that.","1760558068927","0.850081","false"
"qpqjpjstkkamgsetffs","Should Q Street be closed to traffic during the farmers market?","un1qz2tcn0imgsetg3f","Both the market vendors and the residents deserve to feel welcome and accommodated - this doesn't have to be an all-or-nothing fight.","1760558068931","tdakf85d8qemgsetg3f","The current situation isn't ideal for anyone - the market feels cramped and residents feel like their street is being taken over.","1760558068929","0.842947","false"
"qpqjpjstkkamgsetffs","Should Q Street be closed to traffic during the farmers market?","mbwxv4crb5mgsetg3f","The current compromise of keeping the street open with a traffic light satisfies no one - cars navigate through crowds, shoppers feel unsafe, and the market can't fully utilize the space.","1760558068935","tdakf85d8qemgsetg3f","The current situation isn't ideal for anyone - the market feels cramped and residents feel like their street is being taken over.","1760558068929","0.842872","false"
"qpqjpjstkkamgsetffs","Should Q Street be closed to traffic during the farmers market?","prmvqh978qmgsetg3f","Q Street is a small side street that could serve the community much better as an occasional pedestrian plaza rather than a major traffic artery.","1760558068936","2xthix052y3mgsetg3f","We need to close Q Street to cars during market hours because families are trying to browse produce while cars drive right through the middle of everything.","1760558068923","0.815345","false"
"czv2wwh7n0bmgscqc0f","Should Q Street be closed to traffic during the farmers market?","4qse056gxmvmgscqcpo","Closing Q Street for a few hours on Saturday mornings would transform our market from a cramped sidewalk event into a proper community gathering space.","1760554565342","3cjqtgtobrhmgscqcpo","We need to close Q Street to cars during market hours because families are trying to browse produce while cars drive right through the middle of everything.","1760554565340","0.897249","false"
"czv2wwh7n0bmgscqc0f","Should Q Street be closed to traffic during the farmers market?","33g1soegwdvmgscqcpo","Just because Q Street doesn't get heavy traffic doesn't mean it's not important to those of us who actually live here.","1760554565345","jtmkdnawtdmgscqcpo","Q Street residents need to be able to get through for work, deliveries, and emergency access - the current traffic light setup at least allows that.","1760554565344","0.850081","false"
"czv2wwh7n0bmgscqc0f","Should Q Street be closed to traffic during the farmers market?","m4ezgzdux0omgscqcpo","Both the market vendors and the residents deserve to feel welcome and accommodated - this doesn't have to be an all-or-nothing fight.","1760554565348","ptp400vzvkmgscqcpo","The current situation isn't ideal for anyone - the market feels cramped and residents feel like their street is being taken over.","1760554565346","0.842947","false"
"czv2wwh7n0bmgscqc0f","Should Q Street be closed to traffic during the farmers market?","ksgz51cscbmgscqcpo","The current compromise of keeping the street open with a traffic light satisfies no one - cars navigate through crowds, shoppers feel unsafe, and the market can't fully utilize the space.","1760554565352","ptp400vzvkmgscqcpo","The current situation isn't ideal for anyone - the market feels cramped and residents feel like their street is being taken over.","1760554565346","0.842872","false"
"czv2wwh7n0bmgscqc0f","Should Q Street be closed to traffic during the farmers market?","jbbpr59291mgscqcpo","Q Street is a small side street that could serve the community much better as an occasional pedestrian plaza rather than a major traffic artery.","1760554565353","3cjqtgtobrhmgscqcpo","We need to close Q Street to cars during market hours because families are trying to browse produce while cars drive right through the middle of everything.","1760554565340","0.815345","false"
"czv2wwh7n0bmgscqc0f","Should Q Street be closed to traffic during the farmers market?","7u2kd5daxrtmgsd96qo","Yes! It makes the farmers market better.","1760555444064","r6578b3w9nmgscqmyh","Yes! It makes the farmers market better.","1760554578617","1","false"
"czv2wwh7n0bmgscqc0f","Should Q Street be closed to traffic during the farmers market?","yxtebalfgwmgsd96qo","It won't really inconvenience drivers since there's not that many drivers in that area anyways.","1760555444065","p5orm571ksemgscqmyh","It won't really inconvenience drivers since there's not that many drivers in that area anyways.","1760554578618","1","false"
"czv2wwh7n0bmgscqc0f","Should Q Street be closed to traffic during the farmers market?","tq92fu6xghmgsd96qo","You also have the metro there.","1760555444066","bw0h9pw65ctmgscqmyh","You also have the metro there.","1760554578619","1","false"
"czv2wwh7n0bmgscqc0f","Should Q Street be closed to traffic during the farmers market?","t2vl12qqdjmgsd96qo","In general, just adding more walkability to that intersection is a big win.","1760555444067","yr5ovjo07tmgscqmyh","In general, just adding more walkability to that intersection is a big win.","1760554578620","1","false"
"iezc9r30q0rmgsbteio","Should Q Street be closed to traffic during the farmers market?","l9pyy2arvmnmgsbtf9o","Closing Q Street for a few hours on Saturday mornings would transform our market from a cramped sidewalk event into a proper community gathering space.","1760553029006","fm6198wvkzwmgsbtf9o","We need to close Q Street to cars during market hours because families are trying to browse produce while cars drive right through the middle of everything.","1760553029004","0.897249","false"
"iezc9r30q0rmgsbteio","Should Q Street be closed to traffic during the farmers market?","h0s2il4thramgsbtf9o","Just because Q Street doesn't get heavy traffic doesn't mean it's not important to those of us who actually live here.","1760553029009","trblleu7a6gmgsbtf9o","Q Street residents need to be able to get through for work, deliveries, and emergency access - the current traffic light setup at least allows that.","1760553029008","0.850081","false"
"iezc9r30q0rmgsbteio","Should Q Street be closed to traffic during the farmers market?","47geoin7zppmgsbtf9o","Both the market vendors and the residents deserve to feel welcome and accommodated - this doesn't have to be an all-or-nothing fight.","1760553029012","s82rwle0etmgsbtf9o","The current situation isn't ideal for anyone - the market feels cramped and residents feel like their street is being taken over.","1760553029010","0.842947","false"
"iezc9r30q0rmgsbteio","Should Q Street be closed to traffic during the farmers market?","rsl306373nimgsbtf9o","The current compromise of keeping the street open with a traffic light satisfies no one - cars navigate through crowds, shoppers feel unsafe, and the market can't fully utilize the space.","1760553029016","s82rwle0etmgsbtf9o","The current situation isn't ideal for anyone - the market feels cramped and residents feel like their street is being taken over.","1760553029010","0.842872","false"
"iezc9r30q0rmgsbteio","Should Q Street be closed to traffic during the farmers market?","r8yjcbc3epomgsbtf9o","Q Street is a small side street that could serve the community much better as an occasional pedestrian plaza rather than a major traffic artery.","1760553029017","fm6198wvkzwmgsbtf9o","We need to close Q Street to cars during market hours because families are trying to browse produce while cars drive right through the middle of everything.","1760553029004","0.815345","false"
"fmvi580ffxmgs2nf5c","Should Q Street be closed to traffic during the farmers market?","tqvdml0gc7fmgs2nfth","Closing Q Street for a few hours on Saturday mornings would transform our market from a cramped sidewalk event into a proper community gathering space.","1760537633239","0y7vigsanm0emgs2nfth","We need to close Q Street to cars during market hours because families are trying to browse produce while cars drive right through the middle of everything.","1760537633237","0.897249","false"
"fmvi580ffxmgs2nf5c","Should Q Street be closed to traffic during the farmers market?","m51p51q1i5mgs2nfth","Just because Q Street doesn't get heavy traffic doesn't mean it's not important to those of us who actually live here.","1760537633242","u2zmg6nu05dmgs2nfth","Q Street residents need to be able to get through for work, deliveries, and emergency access - the current traffic light setup at least allows that.","1760537633241","0.850081","false"
"fmvi580ffxmgs2nf5c","Should Q Street be closed to traffic during the farmers market?","qli9f6qmb9gmgs2nfth","Both the market vendors and the residents deserve to feel welcome and accommodated - this doesn't have to be an all-or-nothing fight.","1760537633245","xco86qom6omgs2nfth","The current situation isn't ideal for anyone - the market feels cramped and residents feel like their street is being taken over.","1760537633243","0.842947","false"
"fmvi580ffxmgs2nf5c","Should Q Street be closed to traffic during the farmers market?","47z7n0harcrmgs2nfth","The current compromise of keeping the street open with a traffic light satisfies no one - cars navigate through crowds, shoppers feel unsafe, and the market can't fully utilize the space.","1760537633249","xco86qom6omgs2nfth","The current situation isn't ideal for anyone - the market feels cramped and residents feel like their street is being taken over.","1760537633243","0.842872","false"
"fmvi580ffxmgs2nf5c","Should Q Street be closed to traffic during the farmers market?","i3cnct61d5smgs2nfth","Q Street is a small side street that could serve the community much better as an occasional pedestrian plaza rather than a major traffic artery.","1760537633250","0y7vigsanm0emgs2nfth","We need to close Q Street to cars during market hours because families are trying to browse produce while cars drive right through the middle of everything.","1760537633237","0.815345","false"
"t3fs43jrurmgs26cpc","Should Q Street be closed to traffic during the farmers market?","n1yp486rr3dmgs26dek","Closing Q Street for a few hours on Saturday mornings would transform our market from a cramped sidewalk event into a proper community gathering space.","1760536836958","lviv8tfdlbnmgs26dek","We need to close Q Street to cars during market hours because families are trying to browse produce while cars drive right through the middle of everything.","1760536836956","0.897249","false"
"t3fs43jrurmgs26cpc","Should Q Street be closed to traffic during the farmers market?","ict3v843hbnmgs26dek","Just because Q Street doesn't get heavy traffic doesn't mean it's not important to those of us who actually live here.","1760536836961","yk0lbzprp6omgs26dek","Q Street residents need to be able to get through for work, deliveries, and emergency access - the current traffic light setup at least allows that.","1760536836960","0.850081","false"
"t3fs43jrurmgs26cpc","Should Q Street be closed to traffic during the farmers market?","eiqil1jexyimgs26dek","Both the market vendors and the residents deserve to feel welcome and accommodated - this doesn't have to be an all-or-nothing fight.","1760536836964","q9tnp5613nmgs26dek","The current situation isn't ideal for anyone - the market feels cramped and residents feel like their street is being taken over.","1760536836962","0.842947","false"
"t3fs43jrurmgs26cpc","Should Q Street be closed to traffic during the farmers market?","1o44nv93418mgs26dek","The current compromise of keeping the street open with a traffic light satisfies no one - cars navigate through crowds, shoppers feel unsafe, and the market can't fully utilize the space.","1760536836968","q9tnp5613nmgs26dek","The current situation isn't ideal for anyone - the market feels cramped and residents feel like their street is being taken over.","1760536836962","0.842872","false"
"t3fs43jrurmgs26cpc","Should Q Street be closed to traffic during the farmers market?","iitjj05xi9imgs26dek","Q Street is a small side street that could serve the community much better as an occasional pedestrian plaza rather than a major traffic artery.","1760536836969","lviv8tfdlbnmgs26dek","We need to close Q Street to cars during market hours because families are trying to browse produce while cars drive right through the middle of everything.","1760536836956","0.815345","false"
"iistdbabv1bmgr0avco","Should Q Street be closed to traffic during the farmers market?","yscvinscp6imgr0aw3v","Closing Q Street for a few hours on Saturday mornings would transform our market from a cramped sidewalk event into a proper community gathering space.","1760473222413","8uwyxpqx6t7mgr0aw3v","We need to close Q Street to cars during market hours because families are trying to browse produce while cars drive right through the middle of everything.","1760473222411","0.897249","false"
"iistdbabv1bmgr0avco","Should Q Street be closed to traffic during the farmers market?","m6gimnoaw39mgr0aw3v","Just because Q Street doesn't get heavy traffic doesn't mean it's not important to those of us who actually live here.","1760473222416","dwwplxli1ymgr0aw3v","Q Street residents need to be able to get through for work, deliveries, and emergency access - the current traffic light setup at least allows that.","1760473222415","0.850081","false"
"iistdbabv1bmgr0avco","Should Q Street be closed to traffic during the farmers market?","rvs5cvm1yzmgr0aw3v","Both the market vendors and the residents deserve to feel welcome and accommodated - this doesn't have to be an all-or-nothing fight.","1760473222419","7nfrrtkpk6kmgr0aw3v","The current situation isn't ideal for anyone - the market feels cramped and residents feel like their street is being taken over.","1760473222417","0.842947","false"
"iistdbabv1bmgr0avco","Should Q Street be closed to traffic during the farmers market?","fouh3ix0k3vmgr0aw3v","The current compromise of keeping the street open with a traffic light satisfies no one - cars navigate through crowds, shoppers feel unsafe, and the market can't fully utilize the space.","1760473222423","7nfrrtkpk6kmgr0aw3v","The current situation isn't ideal for anyone - the market feels cramped and residents feel like their street is being taken over.","1760473222417","0.842872","false"
"iistdbabv1bmgr0avco","Should Q Street be closed to traffic during the farmers market?","ilzufv8lk6rmgr0aw3v","Q Street is a small side street that could serve the community much better as an occasional pedestrian plaza rather than a major traffic artery.","1760473222424","8uwyxpqx6t7mgr0aw3v","We need to close Q Street to cars during market hours because families are trying to browse produce while cars drive right through the middle of everything.","1760473222411","0.815345","false"
"4kiv8cjllnemgqysevd","Should Q Street be closed to traffic during the farmers market?","3az5fixrwrkmgqysffc","Closing Q Street for a few hours on Saturday mornings would transform our market from a cramped sidewalk event into a proper community gathering space.","1760470681370","dih1qnp0r7lmgqysffc","We need to close Q Street to cars during market hours because families are trying to browse produce while cars drive right through the middle of everything.","1760470681368","0.897249","false"
"4kiv8cjllnemgqysevd","Should Q Street be closed to traffic during the farmers market?","5s80y3e56iemgqysffc","Just because Q Street doesn't get heavy traffic doesn't mean it's not important to those of us who actually live here.","1760470681373","5uxavro4wnimgqysffc","Q Street residents need to be able to get through for work, deliveries, and emergency access - the current traffic light setup at least allows that.","1760470681372","0.850081","false"
"4kiv8cjllnemgqysevd","Should Q Street be closed to traffic during the farmers market?","agl0wox3j1jmgqysffc","Both the market vendors and the residents deserve to feel welcome and accommodated - this doesn't have to be an all-or-nothing fight.","1760470681376","xv9at8rp6xmgqysffc","The current situation isn't ideal for anyone - the market feels cramped and residents feel like their street is being taken over.","1760470681374","0.842947","false"
"4kiv8cjllnemgqysevd","Should Q Street be closed to traffic during the farmers market?","z8d309bs6e8mgqysffc","The current compromise of keeping the street open with a traffic light satisfies no one - cars navigate through crowds, shoppers feel unsafe, and the market can't fully utilize the space.","1760470681380","xv9at8rp6xmgqysffc","The current situation isn't ideal for anyone - the market feels cramped and residents feel like their street is being taken over.","1760470681374","0.842872","false"
"4kiv8cjllnemgqysevd","Should Q Street be closed to traffic during the farmers market?","wt84f3n72imgqysffc","Q Street is a small side street that could serve the community much better as an occasional pedestrian plaza rather than a major traffic artery.","1760470681381","dih1qnp0r7lmgqysffc","We need to close Q Street to cars during market hours because families are trying to browse produce while cars drive right through the middle of everything.","1760470681368","0.815345","false"
"wemzhr1depmgqyse46","Should Q Street be closed to traffic during the farmers market?","kf3888w5jlkmgqyser1","Closing Q Street for a few hours on Saturday mornings would transform our market from a cramped sidewalk event into a proper community gathering space.","1760470680495","ip5s2ppx66mgqyser1","We need to close Q Street to cars during market hours because families are trying to browse produce while cars drive right through the middle of everything.","1760470680493","0.897249","false"
"wemzhr1depmgqyse46","Should Q Street be closed to traffic during the farmers market?","o2atssp1t0amgqyser1","Just because Q Street doesn't get heavy traffic doesn't mean it's not important to those of us who actually live here.","1760470680498","2zcvvke4w3qmgqyser1","Q Street residents need to be able to get through for work, deliveries, and emergency access - the current traffic light setup at least allows that.","1760470680497","0.850081","false"
"wemzhr1depmgqyse46","Should Q Street be closed to traffic during the farmers market?","y9ltfh06gobmgqyser1","Both the market vendors and the residents deserve to feel welcome and accommodated - this doesn't have to be an all-or-nothing fight.","1760470680501","e1c9fzmcjjmgqyser1","The current situation isn't ideal for anyone - the market feels cramped and residents feel like their street is being taken over.","1760470680499","0.842947","false"
"wemzhr1depmgqyse46","Should Q Street be closed to traffic during the farmers market?","mndblqjzawimgqyser1","The current compromise of keeping the street open with a traffic light satisfies no one - cars navigate through crowds, shoppers feel unsafe, and the market can't fully utilize the space.","1760470680505","e1c9fzmcjjmgqyser1","The current situation isn't ideal for anyone - the market feels cramped and residents feel like their street is being taken over.","1760470680499","0.842872","false"
"wemzhr1depmgqyse46","Should Q Street be closed to traffic during the farmers market?","efhpi90d4bbmgqyser1","Q Street is a small side street that could serve the community much better as an occasional pedestrian plaza rather than a major traffic artery.","1760470680506","ip5s2ppx66mgqyser1","We need to close Q Street to cars during market hours because families are trying to browse produce while cars drive right through the middle of everything.","1760470680493","0.815345","false"
"fia3xvr4vokmgqw1fe6","Should Q Street be closed to traffic during the farmers market?","uo6ptv7u5imgqw1g6a","Closing Q Street for a few hours on Saturday mornings would transform our market from a cramped sidewalk event into a proper community gathering space.","1760466063396","p2h4pe92eqemgqw1g6a","We need to close Q Street to cars during market hours because families are trying to browse produce while cars drive right through the middle of everything.","1760466063394","0.897249","false"
"fia3xvr4vokmgqw1fe6","Should Q Street be closed to traffic during the farmers market?","o4r5725xdrrmgqw1g6a","Just because Q Street doesn't get heavy traffic doesn't mean it's not important to those of us who actually live here.","1760466063399","9uimdsd57dtmgqw1g6a","Q Street residents need to be able to get through for work, deliveries, and emergency access - the current traffic light setup at least allows that.","1760466063398","0.850081","false"
"fia3xvr4vokmgqw1fe6","Should Q Street be closed to traffic during the farmers market?","qo1rb2w6t7jmgqw1g6a","Both the market vendors and the residents deserve to feel welcome and accommodated - this doesn't have to be an all-or-nothing fight.","1760466063402","mczkd2sofkrmgqw1g6a","The current situation isn't ideal for anyone - the market feels cramped and residents feel like their street is being taken over.","1760466063400","0.842947","false"
"fia3xvr4vokmgqw1fe6","Should Q Street be closed to traffic during the farmers market?","gncm26emj5amgqw1g6a","The current compromise of keeping the street open with a traffic light satisfies no one - cars navigate through crowds, shoppers feel unsafe, and the market can't fully utilize the space.","1760466063406","mczkd2sofkrmgqw1g6a","The current situation isn't ideal for anyone - the market feels cramped and residents feel like their street is being taken over.","1760466063400","0.842872","false"
"fia3xvr4vokmgqw1fe6","Should Q Street be closed to traffic during the farmers market?","w66k7cxo2xnmgqw1g6a","Q Street is a small side street that could serve the community much better as an occasional pedestrian plaza rather than a major traffic artery.","1760466063407","p2h4pe92eqemgqw1g6a","We need to close Q Street to cars during market hours because families are trying to browse produce while cars drive right through the middle of everything.","1760466063394","0.815345","false"
"okygt41zucamgquplg5","Should Q Street be closed to traffic during the farmers market?","wyacebcb6demgqupm3x","Closing Q Street for a few hours on Saturday mornings would transform our market from a cramped sidewalk event into a proper community gathering space.","1760463831599","qkcossvaosmgqupm3x","We need to close Q Street to cars during market hours because families are trying to browse produce while cars drive right through the middle of everything.","1760463831597","0.897249","false"
"okygt41zucamgquplg5","Should Q Street be closed to traffic during the farmers market?","gwm0nenrekamgqupm3x","Just because Q Street doesn't get heavy traffic doesn't mean it's not important to those of us who actually live here.","1760463831602","ll2z80zbhnmgqupm3x","Q Street residents need to be able to get through for work, deliveries, and emergency access - the current traffic light setup at least allows that.","1760463831601","0.850081","false"
"okygt41zucamgquplg5","Should Q Street be closed to traffic during the farmers market?","c2uc6a4bkqcmgqupm3x","Both the market vendors and the residents deserve to feel welcome and accommodated - this doesn't have to be an all-or-nothing fight.","1760463831605","ca3frkgwjgcmgqupm3x","The current situation isn't ideal for anyone - the market feels cramped and residents feel like their street is being taken over.","1760463831603","0.842947","false"
"okygt41zucamgquplg5","Should Q Street be closed to traffic during the farmers market?","h6udabzoqgpmgqupm3x","The current compromise of keeping the street open with a traffic light satisfies no one - cars navigate through crowds, shoppers feel unsafe, and the market can't fully utilize the space.","1760463831609","ca3frkgwjgcmgqupm3x","The current situation isn't ideal for anyone - the market feels cramped and residents feel like their street is being taken over.","1760463831603","0.842872","false"
"okygt41zucamgquplg5","Should Q Street be closed to traffic during the farmers market?","5ejg2mbrqglmgqupm3x","Q Street is a small side street that could serve the community much better as an occasional pedestrian plaza rather than a major traffic artery.","1760463831610","qkcossvaosmgqupm3x","We need to close Q Street to cars during market hours because families are trying to browse produce while cars drive right through the middle of everything.","1760463831597","0.815345","false"
"1edftzztliuimgqtli7l","Should Q Street be closed to traffic during the farmers market?","tp2fa889xqmgqtliwj","Closing Q Street for a few hours on Saturday mornings would transform our market from a cramped sidewalk event into a proper community gathering space.","1760461961205","54xlbhkm6lkmgqtliwj","We need to close Q Street to cars during market hours because families are trying to browse produce while cars drive right through the middle of everything.","1760461961203","0.897249","false"
"1edftzztliuimgqtli7l","Should Q Street be closed to traffic during the farmers market?","um7p40xr9qdmgqtliwj","Just because Q Street doesn't get heavy traffic doesn't mean it's not important to those of us who actually live here.","1760461961208","38swi1jhj85mgqtliwj","Q Street residents need to be able to get through for work, deliveries, and emergency access - the current traffic light setup at least allows that.","1760461961207","0.850081","false"
"1edftzztliuimgqtli7l","Should Q Street be closed to traffic during the farmers market?","ioddnx93limgqtliwj","Both the market vendors and the residents deserve to feel welcome and accommodated - this doesn't have to be an all-or-nothing fight.","1760461961211","mj36h6j7b98mgqtliwj","The current situation isn't ideal for anyone - the market feels cramped and residents feel like their street is being taken over.","1760461961209","0.842947","false"
"1edftzztliuimgqtli7l","Should Q Street be closed to traffic during the farmers market?","vfg7ht6fuqmgqtliwj","The current compromise of keeping the street open with a traffic light satisfies no one - cars navigate through crowds, shoppers feel unsafe, and the market can't fully utilize the space.","1760461961215","mj36h6j7b98mgqtliwj","The current situation isn't ideal for anyone - the market feels cramped and residents feel like their street is being taken over.","1760461961209","0.842872","false"
"1edftzztliuimgqtli7l","Should Q Street be closed to traffic during the farmers market?","4f2im3o6gzkmgqtliwj","Q Street is a small side street that could serve the community much better as an occasional pedestrian plaza rather than a major traffic artery.","1760461961216","54xlbhkm6lkmgqtliwj","We need to close Q Street to cars during market hours because families are trying to browse produce while cars drive right through the middle of everything.","1760461961203","0.815345","false"
"og0ftmn22bmgpgaw0k","Should Q Street be closed to traffic during the farmers market?","9pne684d8h5mgpgawrb","Closing Q Street for a few hours on Saturday mornings would transform our market from a cramped sidewalk event into a proper community gathering space.","1760379164761","cqv1fm73tgtmgpgawrb","We need to close Q Street to cars during market hours because families are trying to browse produce while cars drive right through the middle of everything.","1760379164759","0.897249","false"
"og0ftmn22bmgpgaw0k","Should Q Street be closed to traffic during the farmers market?","kv7f5d8ttmmmgpgawrb","Just because Q Street doesn't get heavy traffic doesn't mean it's not important to those of us who actually live here.","1760379164764","lwvcn50rdfmgpgawrb","Q Street residents need to be able to get through for work, deliveries, and emergency access - the current traffic light setup at least allows that.","1760379164763","0.850081","false"
"og0ftmn22bmgpgaw0k","Should Q Street be closed to traffic during the farmers market?","ey4epm4paemgpgawrb","Both the market vendors and the residents deserve to feel welcome and accommodated - this doesn't have to be an all-or-nothing fight.","1760379164767","vf4cjyq02dmgpgawrb","The current situation isn't ideal for anyone - the market feels cramped and residents feel like their street is being taken over.","1760379164765","0.842947","false"
"og0ftmn22bmgpgaw0k","Should Q Street be closed to traffic during the farmers market?","3ebl90u56fymgpgawrb","The current compromise of keeping the street open with a traffic light satisfies no one - cars navigate through crowds, shoppers feel unsafe, and the market can't fully utilize the space.","1760379164771","vf4cjyq02dmgpgawrb","The current situation isn't ideal for anyone - the market feels cramped and residents feel like their street is being taken over.","1760379164765","0.842872","false"
"og0ftmn22bmgpgaw0k","Should Q Street be closed to traffic during the farmers market?","cn4hr8ko8wmgpgawrb","Q Street is a small side street that could serve the community much better as an occasional pedestrian plaza rather than a major traffic artery.","1760379164772","cqv1fm73tgtmgpgawrb","We need to close Q Street to cars during market hours because families are trying to browse produce while cars drive right through the middle of everything.","1760379164759","0.815345","false"
"sgxx0fut3zmgpg6uq7","Should Q Street be closed to traffic during the farmers market?","u7s4oyszzddmgpg6vcm","Closing Q Street for a few hours on Saturday mornings would transform our market from a cramped sidewalk event into a proper community gathering space.","1760378976312","lwphuqb740jmgpg6vcm","We need to close Q Street to cars during market hours because families are trying to browse produce while cars drive right through the middle of everything.","1760378976310","0.897249","false"
"sgxx0fut3zmgpg6uq7","Should Q Street be closed to traffic during the farmers market?","cp25227mb1mgpg6vcm","Just because Q Street doesn't get heavy traffic doesn't mean it's not important to those of us who actually live here.","1760378976315","ppdyim5sy8mgpg6vcm","Q Street residents need to be able to get through for work, deliveries, and emergency access - the current traffic light setup at least allows that.","1760378976314","0.850081","false"
"sgxx0fut3zmgpg6uq7","Should Q Street be closed to traffic during the farmers market?","3xp0rqjh1oumgpg6vcm","Both the market vendors and the residents deserve to feel welcome and accommodated - this doesn't have to be an all-or-nothing fight.","1760378976318","m3xzxymip98mgpg6vcm","The current situation isn't ideal for anyone - the market feels cramped and residents feel like their street is being taken over.","1760378976316","0.842947","false"
"sgxx0fut3zmgpg6uq7","Should Q Street be closed to traffic during the farmers market?","csi97i7c82mgpg6vcm","The current compromise of keeping the street open with a traffic light satisfies no one - cars navigate through crowds, shoppers feel unsafe, and the market can't fully utilize the space.","1760378976322","m3xzxymip98mgpg6vcm","The current situation isn't ideal for anyone - the market feels cramped and residents feel like their street is being taken over.","1760378976316","0.842872","false"
"sgxx0fut3zmgpg6uq7","Should Q Street be closed to traffic during the farmers market?","a0y87hpfm4jmgpg6vcm","Q Street is a small side street that could serve the community much better as an occasional pedestrian plaza rather than a major traffic artery.","1760378976323","lwphuqb740jmgpg6vcm","We need to close Q Street to cars during market hours because families are trying to browse produce while cars drive right through the middle of everything.","1760378976310","0.815345","false"
"waxgglrk04emgpaugiq","Should Q Street be closed to traffic during the farmers market?","m4dgr4okrdpmgpauh2v","Closing Q Street for a few hours on Saturday mornings would transform our market from a cramped sidewalk event into a proper community gathering space.","1760369999865","0sqfeu21td49mgpauh2v","We need to close Q Street to cars during market hours because families are trying to browse produce while cars drive right through the middle of everything.","1760369999863","0.897249","false"
"waxgglrk04emgpaugiq","Should Q Street be closed to traffic during the farmers market?","sfzorrx3dwmgpauh2v","Just because Q Street doesn't get heavy traffic doesn't mean it's not important to those of us who actually live here.","1760369999868","bu344ndzs2mmgpauh2v","Q Street residents need to be able to get through for work, deliveries, and emergency access - the current traffic light setup at least allows that.","1760369999867","0.850081","false"
"waxgglrk04emgpaugiq","Should Q Street be closed to traffic during the farmers market?","08o1f6wylhypmgpauh2v","Both the market vendors and the residents deserve to feel welcome and accommodated - this doesn't have to be an all-or-nothing fight.","1760369999871","k86cer0ntrmgpauh2v","The current situation isn't ideal for anyone - the market feels cramped and residents feel like their street is being taken over.","1760369999869","0.842947","false"
"waxgglrk04emgpaugiq","Should Q Street be closed to traffic during the farmers market?","ovt65o4hj7mgpauh2v","The current compromise of keeping the street open with a traffic light satisfies no one - cars navigate through crowds, shoppers feel unsafe, and the market can't fully utilize the space.","1760369999875","k86cer0ntrmgpauh2v","The current situation isn't ideal for anyone - the market feels cramped and residents feel like their street is being taken over.","1760369999869","0.842872","false"
"waxgglrk04emgpaugiq","Should Q Street be closed to traffic during the farmers market?","q55pffd8fedmgpauh2v","Q Street is a small side street that could serve the community much better as an occasional pedestrian plaza rather than a major traffic artery.","1760369999876","0sqfeu21td49mgpauh2v","We need to close Q Street to cars during market hours because families are trying to browse produce while cars drive right through the middle of everything.","1760369999863","0.815345","false"
"r88efhfox4kmgjktrww","Should Q Street be closed to traffic during the farmers market?","pm3h52oot6smgjktsj2","Closing Q Street for a few hours on Saturday mornings would transform our market from a cramped sidewalk event into a proper community gathering space.","1760023967152","v52roc57xymgjktsj2","We need to close Q Street to cars during market hours because families are trying to browse produce while cars drive right through the middle of everything.","1760023967150","0.897249","false"
"r88efhfox4kmgjktrww","Should Q Street be closed to traffic during the farmers market?","utnjrh3xr1cmgjktsj2","Just because Q Street doesn't get heavy traffic doesn't mean it's not important to those of us who actually live here.","1760023967155","59i8cbpqbodmgjktsj2","Q Street residents need to be able to get through for work, deliveries, and emergency access - the current traffic light setup at least allows that.","1760023967154","0.850081","false"
"r88efhfox4kmgjktrww","Should Q Street be closed to traffic during the farmers market?","6npwzf50s8mgjktsj2","Both the market vendors and the residents deserve to feel welcome and accommodated - this doesn't have to be an all-or-nothing fight.","1760023967158","0a662c42ujfrmgjktsj2","The current situation isn't ideal for anyone - the market feels cramped and residents feel like their street is being taken over.","1760023967156","0.842947","false"
"r88efhfox4kmgjktrww","Should Q Street be closed to traffic during the farmers market?","ckqhgt9cbeamgjktsj2","The current compromise of keeping the street open with a traffic light satisfies no one - cars navigate through crowds, shoppers feel unsafe, and the market can't fully utilize the space.","1760023967162","0a662c42ujfrmgjktsj2","The current situation isn't ideal for anyone - the market feels cramped and residents feel like their street is being taken over.","1760023967156","0.842872","false"
"r88efhfox4kmgjktrww","Should Q Street be closed to traffic during the farmers market?","79o41yk94l8mgjktsj2","Q Street is a small side street that could serve the community much better as an occasional pedestrian plaza rather than a major traffic artery.","1760023967163","v52roc57xymgjktsj2","We need to close Q Street to cars during market hours because families are trying to browse produce while cars drive right through the middle of everything.","1760023967150","0.815345","false"
"j8fqogqvjromgjkqhe7","Should Q Street be closed to traffic during the farmers market?","ju22y0z3gedmgjkqi59","Closing Q Street for a few hours on Saturday mornings would transform our market from a cramped sidewalk event into a proper community gathering space.","1760023813727","hhu1mxuk3v9mgjkqi59","We need to close Q Street to cars during market hours because families are trying to browse produce while cars drive right through the middle of everything.","1760023813725","0.897249","false"
"j8fqogqvjromgjkqhe7","Should Q Street be closed to traffic during the farmers market?","fyizyg4oaklmgjkqi59","Just because Q Street doesn't get heavy traffic doesn't mean it's not important to those of us who actually live here.","1760023813730","s1qq7o4mktgmgjkqi59","Q Street residents need to be able to get through for work, deliveries, and emergency access - the current traffic light setup at least allows that.","1760023813729","0.850081","false"
"j8fqogqvjromgjkqhe7","Should Q Street be closed to traffic during the farmers market?","b5kmm78d4bgmgjkqi5a","Both the market vendors and the residents deserve to feel welcome and accommodated - this doesn't have to be an all-or-nothing fight.","1760023813733","xalziiia70fmgjkqi59","The current situation isn't ideal for anyone - the market feels cramped and residents feel like their street is being taken over.","1760023813731","0.842947","false"
"j8fqogqvjromgjkqhe7","Should Q Street be closed to traffic during the farmers market?","zs40e9v2sbomgjkqi5a","The current compromise of keeping the street open with a traffic light satisfies no one - cars navigate through crowds, shoppers feel unsafe, and the market can't fully utilize the space.","1760023813737","xalziiia70fmgjkqi59","The current situation isn't ideal for anyone - the market feels cramped and residents feel like their street is being taken over.","1760023813731","0.842872","false"
"j8fqogqvjromgjkqhe7","Should Q Street be closed to traffic during the farmers market?","kv4m82m8komgjkqi5a","Q Street is a small side street that could serve the community much better as an occasional pedestrian plaza rather than a major traffic artery.","1760023813738","hhu1mxuk3v9mgjkqi59","We need to close Q Street to cars during market hours because families are trying to browse produce while cars drive right through the middle of everything.","1760023813725","0.815345","false"
"v6jdw1txunmmgjkibrc","should alex put off vanlife to focus on Heard?","qyoqruf9hldmgjkikua","i dont know maybe","1760023443971","ush3w005cjmgjkikua","i dont know maybe","1760023443970","1","false"
"v6jdw1txunmmgjkibrc","should alex put off vanlife to focus on Heard?","zyi44skd5pmgjkikua","i dont know maybe","1760023443972","ush3w005cjmgjkikua","i dont know maybe","1760023443970","1","false"
"v6jdw1txunmmgjkibrc","should alex put off vanlife to focus on Heard?","sv57uw1z4smgjkikua","i dont know maybe","1760023443973","ush3w005cjmgjkikua","i dont know maybe","1760023443970","1","false"
"1h1w1x0tztfmgjk1vn9","Should Q Street be closed to traffic during the farmers market?","9dqk1ww9rujmgjk1w6k","Closing Q Street for a few hours on Saturday mornings would transform our market from a cramped sidewalk event into a proper community gathering space.","1760022665518","v7v7ejoq348mgjk1w6k","We need to close Q Street to cars during market hours because families are trying to browse produce while cars drive right through the middle of everything.","1760022665516","0.897249","false"
"1h1w1x0tztfmgjk1vn9","Should Q Street be closed to traffic during the farmers market?","qh59swcgk2omgjk1w6k","Just because Q Street doesn't get heavy traffic doesn't mean it's not important to those of us who actually live here.","1760022665521","iw9csjl47mhmgjk1w6k","Q Street residents need to be able to get through for work, deliveries, and emergency access - the current traffic light setup at least allows that.","1760022665520","0.850081","false"
"1h1w1x0tztfmgjk1vn9","Should Q Street be closed to traffic during the farmers market?","1lc023jf2rjmgjk1w6k","Both the market vendors and the residents deserve to feel welcome and accommodated - this doesn't have to be an all-or-nothing fight.","1760022665524","evkoxhrba5rmgjk1w6k","The current situation isn't ideal for anyone - the market feels cramped and residents feel like their street is being taken over.","1760022665522","0.842947","false"
"1h1w1x0tztfmgjk1vn9","Should Q Street be closed to traffic during the farmers market?","h30zz7mouyvmgjk1w6k","The current compromise of keeping the street open with a traffic light satisfies no one - cars navigate through crowds, shoppers feel unsafe, and the market can't fully utilize the space.","1760022665528","evkoxhrba5rmgjk1w6k","The current situation isn't ideal for anyone - the market feels cramped and residents feel like their street is being taken over.","1760022665522","0.842872","false"
"1h1w1x0tztfmgjk1vn9","Should Q Street be closed to traffic during the farmers market?","staibmc11mmmgjk1w6k","Q Street is a small side street that could serve the community much better as an occasional pedestrian plaza rather than a major traffic artery.","1760022665529","v7v7ejoq348mgjk1w6k","We need to close Q Street to cars during market hours because families are trying to browse produce while cars drive right through the middle of everything.","1760022665516","0.815345","false"
"wf69zn45ssmgjjwy1b","Should Q Street be closed to traffic during the farmers market?","q3oi3ubhihemgjjwyhw","Closing Q Street for a few hours on Saturday mornings would transform our market from a cramped sidewalk event into a proper community gathering space.","1760022435238","s59f0xw4ohcmgjjwyhw","We need to close Q Street to cars during market hours because families are trying to browse produce while cars drive right through the middle of everything.","1760022435236","0.897249","false"
"wf69zn45ssmgjjwy1b","Should Q Street be closed to traffic during the farmers market?","hdqe0kx8cubmgjjwyhw","Just because Q Street doesn't get heavy traffic doesn't mean it's not important to those of us who actually live here.","1760022435241","z0pg82ajvmgjjwyhw","Q Street residents need to be able to get through for work, deliveries, and emergency access - the current traffic light setup at least allows that.","1760022435240","0.850081","false"
"wf69zn45ssmgjjwy1b","Should Q Street be closed to traffic during the farmers market?","6ait6ljq54qmgjjwyhw","Both the market vendors and the residents deserve to feel welcome and accommodated - this doesn't have to be an all-or-nothing fight.","1760022435244","4jnljp1sgqmgjjwyhw","The current situation isn't ideal for anyone - the market feels cramped and residents feel like their street is being taken over.","1760022435242","0.842947","false"
"wf69zn45ssmgjjwy1b","Should Q Street be closed to traffic during the farmers market?","ho60mgh6c05mgjjwyhw","The current compromise of keeping the street open with a traffic light satisfies no one - cars navigate through crowds, shoppers feel unsafe, and the market can't fully utilize the space.","1760022435248","4jnljp1sgqmgjjwyhw","The current situation isn't ideal for anyone - the market feels cramped and residents feel like their street is being taken over.","1760022435242","0.842872","false"
"wf69zn45ssmgjjwy1b","Should Q Street be closed to traffic during the farmers market?","gpjonty78amgjjwyhw","Q Street is a small side street that could serve the community much better as an occasional pedestrian plaza rather than a major traffic artery.","1760022435249","s59f0xw4ohcmgjjwyhw","We need to close Q Street to cars during market hours because families are trying to browse produce while cars drive right through the middle of everything.","1760022435236","0.815345","false"
"nrlr0fuv49omgjjrxsw","Should Q Street be closed to traffic during the farmers market?","z274wneoh3fmgjjryha","Closing Q Street for a few hours on Saturday mornings would transform our market from a cramped sidewalk event into a proper community gathering space.","1760022201936","iw9iv85vx2mgjjryha","We need to close Q Street to cars during market hours because families are trying to browse produce while cars drive right through the middle of everything.","1760022201934","0.897249","false"
"nrlr0fuv49omgjjrxsw","Should Q Street be closed to traffic during the farmers market?","1ums083pkxzmgjjryha","Just because Q Street doesn't get heavy traffic doesn't mean it's not important to those of us who actually live here.","1760022201939","ruc2qmzoyhjmgjjryha","Q Street residents need to be able to get through for work, deliveries, and emergency access - the current traffic light setup at least allows that.","1760022201938","0.850081","false"
"nrlr0fuv49omgjjrxsw","Should Q Street be closed to traffic during the farmers market?","8jt63v34hi4mgjjryha","Both the market vendors and the residents deserve to feel welcome and accommodated - this doesn't have to be an all-or-nothing fight.","1760022201942","5glhk240zkmgjjryha","The current situation isn't ideal for anyone - the market feels cramped and residents feel like their street is being taken over.","1760022201940","0.842947","false"
"nrlr0fuv49omgjjrxsw","Should Q Street be closed to traffic during the farmers market?","3i8uv9doi6mmgjjryha","The current compromise of keeping the street open with a traffic light satisfies no one - cars navigate through crowds, shoppers feel unsafe, and the market can't fully utilize the space.","1760022201946","5glhk240zkmgjjryha","The current situation isn't ideal for anyone - the market feels cramped and residents feel like their street is being taken over.","1760022201940","0.842872","false"
"nrlr0fuv49omgjjrxsw","Should Q Street be closed to traffic during the farmers market?","w1zha9o7f8lmgjjryha","Q Street is a small side street that could serve the community much better as an occasional pedestrian plaza rather than a major traffic artery.","1760022201947","iw9iv85vx2mgjjryha","We need to close Q Street to cars during market hours because families are trying to browse produce while cars drive right through the middle of everything.","1760022201934","0.815345","false"
"p7drk7us0mimgjgdpns","Should Q Street be closed to traffic during the farmers market?","4v4wa65qx0qmgjgef87","Right now the farmers market already creates chaos with all...","1760016531613","p4h29ja7hcomgjgef87","Right now it's a disaster - we have families trying to browse produce while cars are driving right through the middle of everything.","1760016531608","0.819103","false"
"p7drk7us0mimgjgdpns","Should Q Street be closed to traffic during the farmers market?","c1tfwujzsimgjgef87","The current situation isn't ideal for anyone - the market feels cramped because they're trying to work around car traffic, and residents.","1760016531616","p4h29ja7hcomgjgef87","Right now it's a disaster - we have families trying to browse produce while cars are driving right through the middle of everything.","1760016531608","0.818008","false"
"p7drk7us0mimgjgdpns","Should Q Street be closed to traffic during the farmers market?","djhc1i11t5vmgjgef87","From an urban planning perspective, the Q Street situation is a perfect example of the tensions we face in creating more livable, human-scaled neighborhoods.","1760016531621","tr656xo7w2mgjgef87","This Q Street closure debate is bringing up so many complex issues about who gets to use public space and how.","1760016531614","0.833731","false"
"p7drk7us0mimgjgdpns","Should Q Street be closed to traffic during the farmers market?","uqoil8sazwmgjgef87","Right now Q Street functions as a quiet residential one-way street that happens to cut through what could be an amazing public market space.","1760016531622","5pj2px0nr5kmgjgef87","We NEED to close Q Street to cars during market hours.","1760016531607","0.812246","false"
"p7drk7us0mimgjgdpns","Should Q Street be closed to traffic during the farmers market?","megil3b0nbgmgjgef87","it's like a couple of cars come through every few minutes and disrupt the whole flow of pedestrian traffic, cutting the market in half.","1760016531626","p4h29ja7hcomgjgef87","Right now it's a disaster - we have families trying to browse produce while cars are driving right through the middle of everything.","1760016531608","0.817159","false"
"vlk48j0f9wmgiitk3k","Should Q Street be closed to traffic during the farmers market?","7i58tktvg3mgiiuljd","Right now the farmers market already creates chaos with all...","1759960179343","ef3dgqy80rwmgiiuljd","Right now it's a disaster - we have families trying to browse produce while cars are driving right through the middle of everything.","1759960179338","0.819103","false"
"vlk48j0f9wmgiitk3k","Should Q Street be closed to traffic during the farmers market?","161vcj751o5mgiiulje","The current situation isn't ideal for anyone - the market feels cramped because they're trying to work around car traffic, and residents.","1759960179346","ef3dgqy80rwmgiiuljd","Right now it's a disaster - we have families trying to browse produce while cars are driving right through the middle of everything.","1759960179338","0.818008","false"
"vlk48j0f9wmgiitk3k","Should Q Street be closed to traffic during the farmers market?","rlvybdnibfkmgiiulje","From an urban planning perspective, the Q Street situation is a perfect example of the tensions we face in creating more livable, human-scaled neighborhoods.","1759960179351","3sj7zbebl2tmgiiuljd","This Q Street closure debate is bringing up so many complex issues about who gets to use public space and how.","1759960179344","0.833731","false"
"vlk48j0f9wmgiitk3k","Should Q Street be closed to traffic during the farmers market?","nb57mol3w5omgiiulje","Right now Q Street functions as a quiet residential one-way street that happens to cut through what could be an amazing public market space.","1759960179352","c8r62wyhk7qmgiiuljd","We NEED to close Q Street to cars during market hours.","1759960179337","0.812246","false"
"ws11rqkqfvbmgch0xad","New housemate discussion Oct 2025","ngpl46zt87lmgemldr7","We should prioritize getting to know new housemates before making any decisions about living arrangements.","1759724602466","eqd6315lwytmgemldmc","It's important to consider how the new housemate's social circle might influence the dynamics of the household, as well as the potential for conflict or harmony.","1759724602465","0.801516","false"
"ws11rqkqfvbmgch0xad","New housemate discussion Oct 2025","1lx8hexyq9amgemldw7","It's important to assess compatibility with potential housemates based on shared values and lifestyles.","1759724602467","eqd6315lwytmgemldmc","It's important to consider how the new housemate's social circle might influence the dynamics of the household, as well as the potential for conflict or harmony.","1759724602465","0.80197","false"
"ws11rqkqfvbmgch0xad","New housemate discussion Oct 2025","vx260ijlqiemgemle5m","A new housemate who is already friends with existing members can enhance the overall vibe and social dynamic of the household.","1759724602469","avy7s6snulmgemld9b","A new housemate who brings a positive vibe and diverse interests can significantly enhance the living experience for everyone in the household.","1759724602463","0.880353","false"
"ws11rqkqfvbmgch0xad","New housemate discussion Oct 2025","09pb17ctqau4mgemlej8","The fact that the new housemate is not an EA could either be seen as a drawback or a chance to diversify the household's perspectives and experiences.","1759724602472","bx98gd6hjlmgemldfe","Having a housemate who is not involved in EA (Effective Altruism) may allow for a more relaxed and varied social atmosphere, fostering creativity and spontaneity.","1759724602464","0.826001","false"
"ws11rqkqfvbmgch0xad","New housemate discussion Oct 2025","vetuiyhrufmgemlenq","Overall, the positive energy and friendship with Lincoln should be a significant factor in welcoming the new housemate.","1759724602473","avy7s6snulmgemld9b","A new housemate who brings a positive vibe and diverse interests can significantly enhance the living experience for everyone in the household.","1759724602463","0.82744","false"
"ws11rqkqfvbmgch0xad","New housemate discussion Oct 2025","5z3ndp6lrujmgemlevx","Hosting and party-oriented individuals like Anthony can enhance social interactions and strengthen relationships among housemates.","1759724602475","dsp0j0xcmcmgemlerr","Anthony's altruistic nature and social skills will positively impact our living environment and foster a sense of community among housemates.","1759724602474","0.86779","false"
"ws11rqkqfvbmgch0xad","New housemate discussion Oct 2025","dhe3e2lcmmamgemlf9r","Anthony has proven to be a positive influence in our interactions, making him a suitable candidate for our new housemate.","1759724602478","dsp0j0xcmcmgemlerr","Anthony's altruistic nature and social skills will positively impact our living environment and foster a sense of community among housemates.","1759724602474","0.873838","false"
"ws11rqkqfvbmgch0xad","New housemate discussion Oct 2025","ps27az219acmgemlfj1","While personal experiences with Anthony have been favorable, it’s important to consider the perspectives of all potential housemates before making a final decision.","1759724602480","dsp0j0xcmcmgemlerr","Anthony's altruistic nature and social skills will positively impact our living environment and foster a sense of community among housemates.","1759724602474","0.836488","false"
"ws11rqkqfvbmgch0xad","New housemate discussion Oct 2025","pomwu53r39rmgemlfn1","A new housemate who is socially engaging and interested in community investment can enhance the overall living experience for everyone in the house.","1759724602481","avy7s6snulmgemld9b","A new housemate who brings a positive vibe and diverse interests can significantly enhance the living experience for everyone in the household.","1759724602463","0.90098","false"
"2et8yxz5iu5mgcgtlnj","Should Q Street be closed to traffic during the farmers market?","hitep1vofuvmgcgu4je","While Q Street may have light traffic, any vehicle presence during the market can disrupt the flow of foot traffic and reduce sales for vendors.","1759594001020","3x7vyf9jx7hmgcgu4je","Q Street should be closed to traffic during farmers market hours to ensure the safety and comfort of shoppers browsing for fresh produce.","1759594001018","0.836468","false"
"2et8yxz5iu5mgcgtlnj","Should Q Street be closed to traffic during the farmers market?","f3glrkcij5mgcgu4je","Q Street should remain open to traffic during the farmers market to ensure residents have convenient access to their homes.","1759594001022","3x7vyf9jx7hmgcgu4je","Q Street should be closed to traffic during farmers market hours to ensure the safety and comfort of shoppers browsing for fresh produce.","1759594001018","0.920229","false"
"2et8yxz5iu5mgcgtlnj","Should Q Street be closed to traffic during the farmers market?","m8ia6ap4acmgcgu4je","Closing Q Street for the farmers market will create unnecessary chaos and inconvenience for the residents who rely on nearby parking.","1759594001023","3x7vyf9jx7hmgcgu4je","Q Street should be closed to traffic during farmers market hours to ensure the safety and comfort of shoppers browsing for fresh produce.","1759594001018","0.882751","false"
"2et8yxz5iu5mgcgtlnj","Should Q Street be closed to traffic during the farmers market?","za67hi1v879mgcgu4je","Q Street should be closed to traffic during the farmers market to create a safer and more enjoyable experience for both vendors and shoppers.","1759594001025","3x7vyf9jx7hmgcgu4je","Q Street should be closed to traffic during farmers market hours to ensure the safety and comfort of shoppers browsing for fresh produce.","1759594001018","0.976052","false"
"2et8yxz5iu5mgcgtlnj","Should Q Street be closed to traffic during the farmers market?","hzemp0ommsmgcgu4je","Residents living on Q Street should have a say in the decision to close the street, as their quality of life and access to their homes are important considerations.","1759594001026","3x7vyf9jx7hmgcgu4je","Q Street should be closed to traffic during farmers market hours to ensure the safety and comfort of shoppers browsing for fresh produce.","1759594001018","0.800427","false"
"2et8yxz5iu5mgcgtlnj","Should Q Street be closed to traffic during the farmers market?","kdq3bn859ddmgcgu4je","The farmers market should explore alternative locations that do not disrupt local traffic while still supporting community engagement and local businesses.","1759594001027","bzdp33vgigmgcgu4je","The needs of long-term residents, especially those with mobility concerns, must be prioritized over temporary events like the farmers market.","1759594001024","0.806895","false"
"2et8yxz5iu5mgcgtlnj","Should Q Street be closed to traffic during the farmers market?","6hel4j385gmgcgu4je","A compromise solution could involve closing Q Street only during peak market hours to balance the needs of the community and the residents.","1759594001028","3x7vyf9jx7hmgcgu4je","Q Street should be closed to traffic during farmers market hours to ensure the safety and comfort of shoppers browsing for fresh produce.","1759594001018","0.836816","false"
"2et8yxz5iu5mgcgtlnj","Should Q Street be closed to traffic during the farmers market?","ay9owk4hfnmgcgu4je","Q Street should remain open to traffic during the farmers market to ensure that local businesses can receive deliveries and maintain customer access.","1759594001029","3x7vyf9jx7hmgcgu4je","Q Street should be closed to traffic during farmers market hours to ensure the safety and comfort of shoppers browsing for fresh produce.","1759594001018","0.90303","false"
"2et8yxz5iu5mgcgtlnj","Should Q Street be closed to traffic during the farmers market?","xs61boxzerlmgcgu4je","Q Street should be closed to traffic during the farmers market to prioritize pedestrian safety and enhance the community experience.","1759594001032","3x7vyf9jx7hmgcgu4je","Q Street should be closed to traffic during farmers market hours to ensure the safety and comfort of shoppers browsing for fresh produce.","1759594001018","0.960364","false"
"2et8yxz5iu5mgcgtlnj","Should Q Street be closed to traffic during the farmers market?","i05n0mgvzrqmgcgu4je","Maintaining Q Street as a thoroughfare during the farmers market compromises both the vibrancy of the market and the quality of life for local residents.","1759594001033","3x7vyf9jx7hmgcgu4je","Q Street should be closed to traffic during farmers market hours to ensure the safety and comfort of shoppers browsing for fresh produce.","1759594001018","0.913513","false"
"2et8yxz5iu5mgcgtlnj","Should Q Street be closed to traffic during the farmers market?","24eqe01iok1mgcgu4je","A temporary closure of Q Street during market hours could serve as a model for future urban planning initiatives that promote livable spaces.","1759594001034","3x7vyf9jx7hmgcgu4je","Q Street should be closed to traffic during farmers market hours to ensure the safety and comfort of shoppers browsing for fresh produce.","1759594001018","0.836659","false"
"2et8yxz5iu5mgcgtlnj","Should Q Street be closed to traffic during the farmers market?","1j8xnumt1lzmgcgu4je","While some may argue that keeping Q Street open is necessary for traffic flow, the benefits of a car-free market environment far outweigh these concerns.","1759594001035","3x7vyf9jx7hmgcgu4je","Q Street should be closed to traffic during farmers market hours to ensure the safety and comfort of shoppers browsing for fresh produce.","1759594001018","0.850449","false"
"2et8yxz5iu5mgcgtlnj","Should Q Street be closed to traffic during the farmers market?","cpzsqkimh8fmgcgu4je","Q Street should be closed to traffic during the farmers market to enhance pedestrian safety and improve the overall experience for visitors.","1759594001036","3x7vyf9jx7hmgcgu4je","Q Street should be closed to traffic during farmers market hours to ensure the safety and comfort of shoppers browsing for fresh produce.","1759594001018","0.965363","false"
"2et8yxz5iu5mgcgtlnj","Should Q Street be closed to traffic during the farmers market?","2xgbligbzaumgcgu4je","The presence of cars on Q Street disrupts the flow of pedestrian traffic, making it difficult for market-goers to navigate and enjoy the event.","1759594001037","3x7vyf9jx7hmgcgu4je","Q Street should be closed to traffic during farmers market hours to ensure the safety and comfort of shoppers browsing for fresh produce.","1759594001018","0.851091","false"
"2et8yxz5iu5mgcgtlnj","Should Q Street be closed to traffic during the farmers market?","4e32xwsbathmgcgu4je","Allowing traffic on Q Street during the farmers market creates unnecessary conflicts between drivers and pedestrians, leading to a stressful environment for everyone involved.","1759594001038","3x7vyf9jx7hmgcgu4je","Q Street should be closed to traffic during farmers market hours to ensure the safety and comfort of shoppers browsing for fresh produce.","1759594001018","0.897162","false"
"2et8yxz5iu5mgcgtlnj","Should Q Street be closed to traffic during the farmers market?","8etpaa99kumgcgu4je","Closing Q Street would encourage more community engagement and support for local vendors by making the market more accessible and inviting.","1759594001039","shzr9w8bwndmgcgu4je","Closing the street would encourage more community engagement and make the market a more inviting space for all attendees.","1759594001021","0.887277","false"
"lwztuj0px3mgcfpaj7","Should Q Street be closed to traffic during the farmers market?","wd2xzmdp32mgcfpw09","While Q Street may have light traffic, the presence of vehicles during market hours disrupts the community atmosphere that a farmers market aims to foster.","1759592123723","j9qgpeyud7smgcfpw09","Q Street should be closed to traffic during the farmers market to ensure a safe and enjoyable shopping experience for families and vendors alike.","1759592123721","0.85728","false"
"lwztuj0px3mgcfpaj7","Should Q Street be closed to traffic during the farmers market?","c804zg5d89mgcfpw09","Closing Q Street would encourage more foot traffic and community engagement, benefiting both vendors and shoppers.","1759592123724","j9qgpeyud7smgcfpw09","Q Street should be closed to traffic during the farmers market to ensure a safe and enjoyable shopping experience for families and vendors alike.","1759592123721","0.891959","false"
"lwztuj0px3mgcfpaj7","Should Q Street be closed to traffic during the farmers market?","7d7jrnks86mgcfpw09","Q Street should remain open to traffic during the farmers market to ensure residents have convenient access to their homes.","1759592123725","j9qgpeyud7smgcfpw09","Q Street should be closed to traffic during the farmers market to ensure a safe and enjoyable shopping experience for families and vendors alike.","1759592123721","0.92237","false"
"lwztuj0px3mgcfpaj7","Should Q Street be closed to traffic during the farmers market?","lzhxjyfey5mgcfpw09","The farmers market already creates chaos on Q Street, and closing it to traffic would exacerbate the situation for local residents.","1759592123726","j9qgpeyud7smgcfpw09","Q Street should be closed to traffic during the farmers market to ensure a safe and enjoyable shopping experience for families and vendors alike.","1759592123721","0.886599","false"
"lwztuj0px3mgcfpaj7","Should Q Street be closed to traffic during the farmers market?","yfy6qpt4vfsmgcfpw09","Residents, especially those with mobility issues, should not be forced to navigate additional obstacles created by the farmers market.","1759592123727","nhpdnsp3wjmgcfpw09","Allowing cars to drive through the farmers market creates unnecessary anxiety for shoppers, which can deter them from attending and supporting local vendors.","1759592123722","0.806047","false"
"lwztuj0px3mgcfpaj7","Should Q Street be closed to traffic during the farmers market?","3m3eg8mr91rmgcfpw09","Q Street should be closed to traffic during the farmers market to enhance the experience for vendors and customers, allowing for a more vibrant community gathering.","1759592123728","j9qgpeyud7smgcfpw09","Q Street should be closed to traffic during the farmers market to ensure a safe and enjoyable shopping experience for families and vendors alike.","1759592123721","0.970097","false"
"lwztuj0px3mgcfpaj7","Should Q Street be closed to traffic during the farmers market?","o6ur7bss68mgcfpw09","Residents living on Q Street deserve consideration and should have their concerns addressed regarding traffic and noise during the market.","1759592123729","j9qgpeyud7smgcfpw09","Q Street should be closed to traffic during the farmers market to ensure a safe and enjoyable shopping experience for families and vendors alike.","1759592123721","0.846888","false"
"lwztuj0px3mgcfpaj7","Should Q Street be closed to traffic during the farmers market?","brhxdxqkz6imgcfpw09","Closing Q Street during the market could encourage more foot traffic and support local businesses, benefiting the entire community.","1759592123731","j9qgpeyud7smgcfpw09","Q Street should be closed to traffic during the farmers market to ensure a safe and enjoyable shopping experience for families and vendors alike.","1759592123721","0.898906","false"
"lwztuj0px3mgcfpaj7","Should Q Street be closed to traffic during the farmers market?","d9z2xj1bhxgmgcfpw09","A compromise should be sought that allows for both the farmers market's success and the residents' quality of life, possibly through limited traffic hours.","1759592123732","9b5n3nhjqzkmgcfpw09","The farmers market can coexist with local traffic if proper planning and scheduling are implemented to minimize disruption for residents.","1759592123730","0.906494","false"
"lwztuj0px3mgcfpaj7","Should Q Street be closed to traffic during the farmers market?","gpte6sawlunmgcfpw09","The closure of Q Street during the farmers market should be reconsidered to accommodate local businesses and their logistical needs.","1759592123733","j9qgpeyud7smgcfpw09","Q Street should be closed to traffic during the farmers market to ensure a safe and enjoyable shopping experience for families and vendors alike.","1759592123721","0.886959","false"
"lwztuj0px3mgcfpaj7","Should Q Street be closed to traffic during the farmers market?","1wpk2b8pl3jmgcfpw09","While the farmers market boosts foot traffic, it creates significant delivery challenges for nearby businesses on Saturday mornings.","1759592123734","9b5n3nhjqzkmgcfpw09","The farmers market can coexist with local traffic if proper planning and scheduling are implemented to minimize disruption for residents.","1759592123730","0.808347","false"
"lwztuj0px3mgcfpaj7","Should Q Street be closed to traffic during the farmers market?","exb5ps0oy5mgcfpw09","Q Street should be closed to traffic during the farmers market to create a safer and more enjoyable environment for pedestrians and vendors.","1759592123737","j9qgpeyud7smgcfpw09","Q Street should be closed to traffic during the farmers market to ensure a safe and enjoyable shopping experience for families and vendors alike.","1759592123721","0.984913","false"
"lwztuj0px3mgcfpaj7","Should Q Street be closed to traffic during the farmers market?","3jqgyi6mauamgcfpw09","Maintaining a one-way street through the farmers market undermines the potential for a vibrant public space that can benefit the community.","1759592123738","9b5n3nhjqzkmgcfpw09","The farmers market can coexist with local traffic if proper planning and scheduling are implemented to minimize disruption for residents.","1759592123730","0.802844","false"
"lwztuj0px3mgcfpaj7","Should Q Street be closed to traffic during the farmers market?","m4bakwes5lemgcfpw09","While some may argue that keeping Q Street open is necessary for traffic flow, the current compromise fails to address the needs of residents and market-goers alike.","1759592123739","j9qgpeyud7smgcfpw09","Q Street should be closed to traffic during the farmers market to ensure a safe and enjoyable shopping experience for families and vendors alike.","1759592123721","0.822732","false"
"lwztuj0px3mgcfpaj7","Should Q Street be closed to traffic during the farmers market?","6f8ucmxix9hmgcfpw09","Closing Q Street during the farmers market would prioritize community engagement and support local businesses by enhancing accessibility and foot traffic.","1759592123740","j9qgpeyud7smgcfpw09","Q Street should be closed to traffic during the farmers market to ensure a safe and enjoyable shopping experience for families and vendors alike.","1759592123721","0.918395","false"
"lwztuj0px3mgcfpaj7","Should Q Street be closed to traffic during the farmers market?","e0911jnlnsumgcfpw09","Q Street should be closed to traffic during the farmers market to prioritize pedestrian safety and enhance the overall experience for shoppers.","1759592123741","j9qgpeyud7smgcfpw09","Q Street should be closed to traffic during the farmers market to ensure a safe and enjoyable shopping experience for families and vendors alike.","1759592123721","0.97563","false"
"lwztuj0px3mgcfpaj7","Should Q Street be closed to traffic during the farmers market?","u3k3zjm9ffmgcfpw09","The minimal vehicle traffic during market hours indicates that closing Q Street would not significantly disrupt transportation needs in the area.","1759592123742","j9qgpeyud7smgcfpw09","Q Street should be closed to traffic during the farmers market to ensure a safe and enjoyable shopping experience for families and vendors alike.","1759592123721","0.841727","false"
"lwztuj0px3mgcfpaj7","Should Q Street be closed to traffic during the farmers market?","j2qvvk07ptjmgcfpw09","Allowing cars to pass through the farmers market creates unnecessary conflicts between drivers and pedestrians, leading to a dangerous environment.","1759592123743","nhpdnsp3wjmgcfpw09","Allowing cars to drive through the farmers market creates unnecessary anxiety for shoppers, which can deter them from attending and supporting local vendors.","1759592123722","0.891759","false"
"lwztuj0px3mgcfpaj7","Should Q Street be closed to traffic during the farmers market?","8ugbkurdl0gmgcfpw09","The closure of Q Street would foster a more enjoyable and communal atmosphere, encouraging greater participation in local events.","1759592123744","j9qgpeyud7smgcfpw09","Q Street should be closed to traffic during the farmers market to ensure a safe and enjoyable shopping experience for families and vendors alike.","1759592123721","0.843608","false"
"jlxxbdu96jbmgcexgza","Should Q Street be closed to traffic during the farmers market?","78e2u32azzumgcey76e","Allowing cars to drive through the farmers market creates unnecessary anxiety for families and detracts from the overall experience of shopping for fresh produce.","1759590831831","ya2gtt8vw2amgcey76e","Q Street should be closed to traffic during farmers market hours to ensure the safety and comfort of shoppers and vendors alike.","1759590831830","0.80326","false"
"jlxxbdu96jbmgcexgza","Should Q Street be closed to traffic during the farmers market?","62edfa0fn2smgcey76e","While Q Street may have light traffic, the presence of vehicles still poses a risk to pedestrians and disrupts the community atmosphere that a farmers market aims to foster.","1759590831832","ya2gtt8vw2amgcey76e","Q Street should be closed to traffic during farmers market hours to ensure the safety and comfort of shoppers and vendors alike.","1759590831830","0.883318","false"
"jlxxbdu96jbmgcexgza","Should Q Street be closed to traffic during the farmers market?","8cxm3zqd5ummgcey76e","Closing Q Street could enhance the market's appeal, potentially increasing attendance and sales for vendors, benefiting the local economy.","1759590831833","ya2gtt8vw2amgcey76e","Q Street should be closed to traffic during farmers market hours to ensure the safety and comfort of shoppers and vendors alike.","1759590831830","0.87431","false"
"jlxxbdu96jbmgcexgza","Should Q Street be closed to traffic during the farmers market?","mmn54hj5rcqmgcey76e","Q Street should remain open to traffic during the farmers market to ensure residents have convenient access to their homes.","1759590831834","ya2gtt8vw2amgcey76e","Q Street should be closed to traffic during farmers market hours to ensure the safety and comfort of shoppers and vendors alike.","1759590831830","0.922471","false"
"jlxxbdu96jbmgcexgza","Should Q Street be closed to traffic during the farmers market?","hke0k8o3lddmgcey76e","Closing Q Street for the farmers market disregards the needs of long-term residents who rely on nearby parking.","1759590831835","ya2gtt8vw2amgcey76e","Q Street should be closed to traffic during farmers market hours to ensure the safety and comfort of shoppers and vendors alike.","1759590831830","0.850152","false"
"jlxxbdu96jbmgcexgza","Should Q Street be closed to traffic during the farmers market?","ao978rba8imgcey76e","Q Street should be closed to traffic during the farmers market to create a safer and more enjoyable environment for vendors and shoppers.","1759590831837","ya2gtt8vw2amgcey76e","Q Street should be closed to traffic during farmers market hours to ensure the safety and comfort of shoppers and vendors alike.","1759590831830","0.989763","false"
"jlxxbdu96jbmgcexgza","Should Q Street be closed to traffic during the farmers market?","pbypv78lrfmgcey76e","Residents living on Q Street deserve consideration and should have their concerns addressed regarding traffic and noise during the farmers market.","1759590831838","ya2gtt8vw2amgcey76e","Q Street should be closed to traffic during farmers market hours to ensure the safety and comfort of shoppers and vendors alike.","1759590831830","0.875388","false"
"jlxxbdu96jbmgcexgza","Should Q Street be closed to traffic during the farmers market?","a46u39f35himgcey76e","The farmers market should explore alternative locations or arrangements that can accommodate both the market's needs and the residents' quality of life.","1759590831839","vzhn0jo11bqmgcey76e","While farmers markets are beneficial for the community, they should not come at the expense of residents' daily lives and accessibility.","1759590831836","0.849134","false"
"jlxxbdu96jbmgcexgza","Should Q Street be closed to traffic during the farmers market?","olyswy7s00amgcey76e","Closing Q Street could enhance community engagement and support local businesses, fostering a stronger sense of community.","1759590831840","ya2gtt8vw2amgcey76e","Q Street should be closed to traffic during farmers market hours to ensure the safety and comfort of shoppers and vendors alike.","1759590831830","0.815534","false"
"jlxxbdu96jbmgcexgza","Should Q Street be closed to traffic during the farmers market?","ab8grrk73ofmgcey76e","The current compromise of allowing traffic during the farmers market is not sustainable and needs to be reevaluated for the benefit of all stakeholders involved.","1759590831841","vzhn0jo11bqmgcey76e","While farmers markets are beneficial for the community, they should not come at the expense of residents' daily lives and accessibility.","1759590831836","0.843054","false"
"jlxxbdu96jbmgcexgza","Should Q Street be closed to traffic during the farmers market?","yhmfj3q05mgcey76e","Q Street should be closed to traffic during the farmers market to enhance the shopping experience for visitors and support local vendors.","1759590831842","ya2gtt8vw2amgcey76e","Q Street should be closed to traffic during farmers market hours to ensure the safety and comfort of shoppers and vendors alike.","1759590831830","0.977492","false"
"jlxxbdu96jbmgcexgza","Should Q Street be closed to traffic during the farmers market?","v03u4qtklihmgcey76e","The farmers market's benefits to foot traffic must be balanced against the logistical challenges faced by nearby business owners.","1759590831845","vzhn0jo11bqmgcey76e","While farmers markets are beneficial for the community, they should not come at the expense of residents' daily lives and accessibility.","1759590831836","0.834815","false"
"jlxxbdu96jbmgcexgza","Should Q Street be closed to traffic during the farmers market?","60kgtdis4i7mgcey76e","Q Street should be closed to traffic during the farmers market to create a safer and more enjoyable environment for pedestrians and vendors.","1759590831846","ya2gtt8vw2amgcey76e","Q Street should be closed to traffic during farmers market hours to ensure the safety and comfort of shoppers and vendors alike.","1759590831830","0.985224","false"
"jlxxbdu96jbmgcexgza","Should Q Street be closed to traffic during the farmers market?","uczwah4t9ulmgcey76e","Maintaining Q Street as an open thoroughfare during the farmers market undermines the potential for community engagement and local economic growth.","1759590831847","ya2gtt8vw2amgcey76e","Q Street should be closed to traffic during farmers market hours to ensure the safety and comfort of shoppers and vendors alike.","1759590831830","0.900946","false"
"jlxxbdu96jbmgcexgza","Should Q Street be closed to traffic during the farmers market?","htzfwrewdyomgcey76e","A temporary closure of Q Street for the farmers market could serve as a pilot program to assess the benefits of pedestrian-friendly spaces in urban planning.","1759590831848","ya2gtt8vw2amgcey76e","Q Street should be closed to traffic during farmers market hours to ensure the safety and comfort of shoppers and vendors alike.","1759590831830","0.864735","false"
"jlxxbdu96jbmgcexgza","Should Q Street be closed to traffic during the farmers market?","dnaw3v01omfmgcey76e","The current compromise of keeping Q Street open with a traffic light fails to address the needs of both residents and market-goers, leading to dissatisfaction on all sides.","1759590831849","ya2gtt8vw2amgcey76e","Q Street should be closed to traffic during farmers market hours to ensure the safety and comfort of shoppers and vendors alike.","1759590831830","0.815121","false"
"jlxxbdu96jbmgcexgza","Should Q Street be closed to traffic during the farmers market?","s6mma27ja4mgcey76e","Q Street should be closed to traffic during the farmers market to enhance pedestrian safety and improve the overall market experience.","1759590831850","ya2gtt8vw2amgcey76e","Q Street should be closed to traffic during farmers market hours to ensure the safety and comfort of shoppers and vendors alike.","1759590831830","0.977699","false"
"jlxxbdu96jbmgcexgza","Should Q Street be closed to traffic during the farmers market?","m71vfrxfeemgcey76e","The minimal traffic observed during market hours suggests that closing Q Street will not significantly disrupt transportation or access to the area.","1759590831851","ya2gtt8vw2amgcey76e","Q Street should be closed to traffic during farmers market hours to ensure the safety and comfort of shoppers and vendors alike.","1759590831830","0.841795","false"
"jlxxbdu96jbmgcexgza","Should Q Street be closed to traffic during the farmers market?","2k3u39hsb6mgcey76e","Allowing cars to pass through the farmers market creates dangerous situations and conflicts between drivers and pedestrians, which should be avoided.","1759590831852","vzhn0jo11bqmgcey76e","While farmers markets are beneficial for the community, they should not come at the expense of residents' daily lives and accessibility.","1759590831836","0.820377","false"
"jlxxbdu96jbmgcexgza","Should Q Street be closed to traffic during the farmers market?","q8rjfjcgf8mgcey76e","The closure of Q Street would encourage more community engagement and support for local vendors by creating a more inviting atmosphere.","1759590831853","ya2gtt8vw2amgcey76e","Q Street should be closed to traffic during farmers market hours to ensure the safety and comfort of shoppers and vendors alike.","1759590831830","0.861633","false"
"n1rq5h22rfmgce3v72","should alex put off vanlife to focus on Heard?","fd1zcv1dd4kmgceaajg","The excitement of vanlife may lead to procrastination, making it essential for Alex to commit fully to his current project.","1759589716350","l3x3uwopa4hmgceaagu","Alex should prioritize focusing on Heard over pursuing vanlife, as the distraction of planning and downsizing could hinder his progress.","1759589716349","0.821969","false"
"n1rq5h22rfmgce3v72","should alex put off vanlife to focus on Heard?","xnwh9phc668mgceaalf","Even if Alex decides to postpone moving, the temptation to research van options could detract from his focus on Heard.","1759589716351","l3x3uwopa4hmgceaagu","Alex should prioritize focusing on Heard over pursuing vanlife, as the distraction of planning and downsizing could hinder his progress.","1759589716349","0.874397","false"
"n1rq5h22rfmgce3v72","should alex put off vanlife to focus on Heard?","mgcivxgrn28mgceaanl","Focusing on Heard now could lead to greater long-term benefits than the short-term thrill of vanlife.","1759589716352","l3x3uwopa4hmgceaagu","Alex should prioritize focusing on Heard over pursuing vanlife, as the distraction of planning and downsizing could hinder his progress.","1759589716349","0.862789","false"
"n1rq5h22rfmgce3v72","should alex put off vanlife to focus on Heard?","sy9lrgrsqqmgceaar7","Prioritizing vanlife over focusing on Heard allows Alex to engage in a low-stakes adventure that can help him heal and move forward.","1759589716354","l3x3uwopa4hmgceaagu","Alex should prioritize focusing on Heard over pursuing vanlife, as the distraction of planning and downsizing could hinder his progress.","1759589716349","0.874417","false"
"n1rq5h22rfmgce3v72","should alex put off vanlife to focus on Heard?","tmw1ktaz0umgceaasw","Staying in a depressing apartment filled with negative associations will hinder Alex's emotional recovery, making vanlife a necessary step for his well-being.","1759589716355","94jpoihsatemgceaape","Alex should embrace vanlife as a means of reclaiming his independence and finding joy outside of his current situation.","1759589716353","0.849984","false"
"n1rq5h22rfmgce3v72","should alex put off vanlife to focus on Heard?","i1hcotzmcufmgceaauo","While focusing on Heard is important, the excitement and freedom of vanlife can provide Alex with the clarity and perspective needed for future decisions.","1759589716356","l3x3uwopa4hmgceaagu","Alex should prioritize focusing on Heard over pursuing vanlife, as the distraction of planning and downsizing could hinder his progress.","1759589716349","0.881936","false"
"mmuqnv2vm0emgbi8npz","Should Q Street be closed to traffic during the farmers market?","wmg3f0mox0emgbi957m","The presence of cars on Q Street creates unnecessary anxiety for shoppers and detracts from the overall experience of the farmers market.","1759535914908","b5p0gut014pmgbi950b","Q Street should be closed to traffic during farmers market hours to ensure the safety and comfort of families browsing the market.","1759535914907","0.888398","false"
"mmuqnv2vm0emgbi8npz","Should Q Street be closed to traffic during the farmers market?","pj2uf4oqnojmgbi95dy","While Q Street is a small one-way street, any amount of car traffic can disrupt the flow of pedestrian activity and should be eliminated during market hours.","1759535914909","b5p0gut014pmgbi950b","Q Street should be closed to traffic during farmers market hours to ensure the safety and comfort of families browsing the market.","1759535914907","0.85678","false"
"mmuqnv2vm0emgbi8npz","Should Q Street be closed to traffic during the farmers market?","6a48s8vt6m3mgbi95kj","Closing Q Street would enhance the community atmosphere and encourage more people to attend the farmers market, benefiting both vendors and shoppers alike.","1759535914910","b5p0gut014pmgbi950b","Q Street should be closed to traffic during farmers market hours to ensure the safety and comfort of families browsing the market.","1759535914907","0.906354","false"
"mmuqnv2vm0emgbi8npz","Should Q Street be closed to traffic during the farmers market?","lr3ybnhhoomgbi95qv","Q Street should remain open to traffic during the farmers market to ensure residents have convenient access to their homes.","1759535914911","b5p0gut014pmgbi950b","Q Street should be closed to traffic during farmers market hours to ensure the safety and comfort of families browsing the market.","1759535914907","0.923354","false"
"mmuqnv2vm0emgbi8npz","Should Q Street be closed to traffic during the farmers market?","673sw3zdbd7mgbi95wj","The farmers market creates significant disruption for local residents, and closing Q Street exacerbates the chaos.","1759535914912","b5p0gut014pmgbi950b","Q Street should be closed to traffic during farmers market hours to ensure the safety and comfort of families browsing the market.","1759535914907","0.882195","false"
"mmuqnv2vm0emgbi8npz","Should Q Street be closed to traffic during the farmers market?","pkaj9f6xnehmgbi96d3","Q Street should be closed to traffic during the farmers market to create a safer and more enjoyable environment for vendors and customers.","1759535914915","b5p0gut014pmgbi950b","Q Street should be closed to traffic during farmers market hours to ensure the safety and comfort of families browsing the market.","1759535914907","0.972739","false"
"mmuqnv2vm0emgbi8npz","Should Q Street be closed to traffic during the farmers market?","2sjyoxb8gt7mgbi96t0","A compromise could be reached by implementing designated traffic times or alternate routes for residents during market hours to alleviate their concerns while still supporting the market.","1759535914918","uqnazot8ycbmgbi962z","Alternative locations for the farmers market should be considered to minimize the impact on nearby residents.","1759535914913","0.83523","false"
"mmuqnv2vm0emgbi8npz","Should Q Street be closed to traffic during the farmers market?","y6tickgmmpamgbi96yi","The closure of Q Street during the farmers market should be reconsidered to accommodate local businesses that rely on timely deliveries and customer access.","1759535914919","b5p0gut014pmgbi950b","Q Street should be closed to traffic during farmers market hours to ensure the safety and comfort of families browsing the market.","1759535914907","0.875852","false"
"mmuqnv2vm0emgbi8npz","Should Q Street be closed to traffic during the farmers market?","lxs0l8fmmhmgbi97aa","A compromise could be reached by limiting the market's hours or implementing a partial street closure to balance both community and business needs.","1759535914921","uqnazot8ycbmgbi962z","Alternative locations for the farmers market should be considered to minimize the impact on nearby residents.","1759535914913","0.811088","false"
"mmuqnv2vm0emgbi8npz","Should Q Street be closed to traffic during the farmers market?","2q91an0hjtymgbi97fb","The benefits of the farmers market should not come at the expense of local businesses struggling with logistical challenges.","1759535914922","dhxlkw5hdjpmgbi974h","While the farmers market boosts foot traffic, the disruption it causes to nearby businesses on Saturday mornings cannot be overlooked.","1759535914920","0.844264","false"
"mmuqnv2vm0emgbi8npz","Should Q Street be closed to traffic during the farmers market?","amzx1h30z8smgbi97l3","Q Street should be permanently closed to traffic during the farmers market to create a vibrant public space that prioritizes pedestrians and local vendors.","1759535914923","b5p0gut014pmgbi950b","Q Street should be closed to traffic during farmers market hours to ensure the safety and comfort of families browsing the market.","1759535914907","0.940112","false"
"mmuqnv2vm0emgbi8npz","Should Q Street be closed to traffic during the farmers market?","xhzd8dxze1mgbi97qh","Keeping Q Street open to traffic undermines the potential for a thriving market atmosphere and fails to meet the needs of the community.","1759535914924","b5p0gut014pmgbi950b","Q Street should be closed to traffic during farmers market hours to ensure the safety and comfort of families browsing the market.","1759535914907","0.866436","false"
"mmuqnv2vm0emgbi8npz","Should Q Street be closed to traffic during the farmers market?","lwxoa0pt7zrmgbi983x","Closing Q Street to traffic would enhance safety for families and children who attend the farmers market, fostering a more inclusive community experience.","1759535914926","b5p0gut014pmgbi950b","Q Street should be closed to traffic during farmers market hours to ensure the safety and comfort of families browsing the market.","1759535914907","0.940709","false"
"mmuqnv2vm0emgbi8npz","Should Q Street be closed to traffic during the farmers market?","x4i4x9sowxmgbi98lt","Q Street should be closed to traffic during the farmers market to enhance pedestrian safety and enjoyment.","1759535914928","b5p0gut014pmgbi950b","Q Street should be closed to traffic during farmers market hours to ensure the safety and comfort of families browsing the market.","1759535914907","0.965489","false"
"mmuqnv2vm0emgbi8npz","Should Q Street be closed to traffic during the farmers market?","8lrjfpyd3p4mgbi98qs","The minimal traffic observed during market hours indicates that closing Q Street would not significantly disrupt local transportation.","1759535914929","b5p0gut014pmgbi950b","Q Street should be closed to traffic during farmers market hours to ensure the safety and comfort of families browsing the market.","1759535914907","0.843753","false"
"mmuqnv2vm0emgbi8npz","Should Q Street be closed to traffic during the farmers market?","ppp12fu8whmmgbi98wr","Allowing cars to pass through the farmers market creates unnecessary conflicts and stress for both drivers and pedestrians.","1759535914930","b5p0gut014pmgbi950b","Q Street should be closed to traffic during farmers market hours to ensure the safety and comfort of families browsing the market.","1759535914907","0.810036","false"
"mmuqnv2vm0emgbi8npz","Should Q Street be closed to traffic during the farmers market?","inawnak1r7mgbi992f","The closure of Q Street would improve the overall atmosphere of the farmers market, making it a more pleasant experience for shoppers and vendors alike.","1759535914931","b5p0gut014pmgbi950b","Q Street should be closed to traffic during farmers market hours to ensure the safety and comfort of families browsing the market.","1759535914907","0.900886","false"
"nf7df858rfamgbhv1bi","Should Q Street be closed to traffic during the farmers market?","py6woheugjmgbhvo30","The presence of cars on Q Street creates unnecessary anxiety for shoppers, detracting from the community atmosphere that the farmers market aims to foster.","1759535286445","d62be9nd8s6mgbhvo30","Q Street should be closed to traffic during farmers market hours to ensure a safe and enjoyable shopping experience for families and vendors.","1759535286444","0.882067","false"
"nf7df858rfamgbhv1bi","Should Q Street be closed to traffic during the farmers market?","i0z7ib4r8aemgbhvo30","While Q Street may have light traffic, any vehicle presence can be disruptive and dangerous in a space meant for pedestrians and families.","1759535286446","d62be9nd8s6mgbhvo30","Q Street should be closed to traffic during farmers market hours to ensure a safe and enjoyable shopping experience for families and vendors.","1759535286444","0.818711","false"
"nf7df858rfamgbhv1bi","Should Q Street be closed to traffic during the farmers market?","wjkd32zry99mgbhvo30","Closing Q Street to cars could enhance the overall success of the farmers market by attracting more visitors who feel safe browsing the stalls.","1759535286447","d62be9nd8s6mgbhvo30","Q Street should be closed to traffic during farmers market hours to ensure a safe and enjoyable shopping experience for families and vendors.","1759535286444","0.88845","false"
"nf7df858rfamgbhv1bi","Should Q Street be closed to traffic during the farmers market?","e0t9awmrh15mgbhvo30","Q Street should remain open to traffic during the farmers market to ensure residents have convenient access to their homes.","1759535286448","d62be9nd8s6mgbhvo30","Q Street should be closed to traffic during farmers market hours to ensure a safe and enjoyable shopping experience for families and vendors.","1759535286444","0.920619","false"
"nf7df858rfamgbhv1bi","Should Q Street be closed to traffic during the farmers market?","3b21qs6l84emgbhvo30","The potential chaos created by closing Q Street for the farmers market outweighs the benefits of having a market in the area.","1759535286449","d62be9nd8s6mgbhvo30","Q Street should be closed to traffic during farmers market hours to ensure a safe and enjoyable shopping experience for families and vendors.","1759535286444","0.88599","false"
"nf7df858rfamgbhv1bi","Should Q Street be closed to traffic during the farmers market?","ueq3bouhdmmgbhvo30","Residents who live on Q Street should have priority in decisions about street closures that directly affect their daily lives.","1759535286450","d62be9nd8s6mgbhvo30","Q Street should be closed to traffic during farmers market hours to ensure a safe and enjoyable shopping experience for families and vendors.","1759535286444","0.810047","false"
"nf7df858rfamgbhv1bi","Should Q Street be closed to traffic during the farmers market?","d8g8dyzsghgmgbhvo30","Q Street should be closed to traffic during the farmers market to create a safer and more enjoyable environment for vendors and shoppers.","1759535286452","d62be9nd8s6mgbhvo30","Q Street should be closed to traffic during farmers market hours to ensure a safe and enjoyable shopping experience for families and vendors.","1759535286444","0.98905","false"
"nf7df858rfamgbhv1bi","Should Q Street be closed to traffic during the farmers market?","rstdfvnlyvfmgbhvo30","The farmers market needs more space to thrive, and closing Q Street could enhance the overall experience for everyone involved.","1759535286454","d62be9nd8s6mgbhvo30","Q Street should be closed to traffic during farmers market hours to ensure a safe and enjoyable shopping experience for families and vendors.","1759535286444","0.92506","false"
"nf7df858rfamgbhv1bi","Should Q Street be closed to traffic during the farmers market?","1cn8n3ih5njmgbhvo30","Q Street should remain open to traffic during the farmers market to ensure that local businesses can receive deliveries and maintain their operations without disruption.","1759535286456","d62be9nd8s6mgbhvo30","Q Street should be closed to traffic during farmers market hours to ensure a safe and enjoyable shopping experience for families and vendors.","1759535286444","0.893644","false"
"nf7df858rfamgbhv1bi","Should Q Street be closed to traffic during the farmers market?","didmcz48onamgbhvo30","The farmers market brings valuable foot traffic to the area, which can benefit nearby businesses, but a balance must be struck to minimize logistical challenges.","1759535286457","8ldbek1fkkcmgbhvo30","While farmers markets are valuable community events, they should not disrupt the lives of those who live nearby, especially seniors who rely on easy access to their homes.","1759535286451","0.804966","false"
"nf7df858rfamgbhv1bi","Should Q Street be closed to traffic during the farmers market?","y8d53qsd39bmgbhvo30","Closing Q Street for the farmers market may create more problems for local businesses than it solves, as customer complaints about access and delivery issues could outweigh the benefits of increased foot traffic.","1759535286458","d62be9nd8s6mgbhvo30","Q Street should be closed to traffic during farmers market hours to ensure a safe and enjoyable shopping experience for families and vendors.","1759535286444","0.830519","false"
"nf7df858rfamgbhv1bi","Should Q Street be closed to traffic during the farmers market?","oxfbf32spammgbhvo30","Q Street should be closed to traffic during the farmers market to enhance the community experience and promote local businesses.","1759535286459","d62be9nd8s6mgbhvo30","Q Street should be closed to traffic during farmers market hours to ensure a safe and enjoyable shopping experience for families and vendors.","1759535286444","0.961699","false"
"nf7df858rfamgbhv1bi","Should Q Street be closed to traffic during the farmers market?","kozvjnidssmgbhvo30","Keeping Q Street open during the farmers market compromises both pedestrian safety and the potential for a vibrant public space.","1759535286460","d62be9nd8s6mgbhvo30","Q Street should be closed to traffic during farmers market hours to ensure a safe and enjoyable shopping experience for families and vendors.","1759535286444","0.906856","false"
"nf7df858rfamgbhv1bi","Should Q Street be closed to traffic during the farmers market?","4q9hr9cfcpemgbhvo30","While some residents may rely on Q Street for access, the overall benefits of a closed market space outweigh the inconveniences of detouring traffic.","1759535286462","d62be9nd8s6mgbhvo30","Q Street should be closed to traffic during farmers market hours to ensure a safe and enjoyable shopping experience for families and vendors.","1759535286444","0.82997","false"
"nf7df858rfamgbhv1bi","Should Q Street be closed to traffic during the farmers market?","gvvl9azsp2hmgbhvo30","Q Street should be closed to traffic during the farmers market to ensure the safety and comfort of pedestrians.","1759535286463","d62be9nd8s6mgbhvo30","Q Street should be closed to traffic during farmers market hours to ensure a safe and enjoyable shopping experience for families and vendors.","1759535286444","0.971053","false"
"nf7df858rfamgbhv1bi","Should Q Street be closed to traffic during the farmers market?","8jgmgaj93kjmgbhvo30","Allowing cars on Q Street during the farmers market leads to unnecessary conflicts between drivers and pedestrians, which detracts from the community experience.","1759535286465","d62be9nd8s6mgbhvo30","Q Street should be closed to traffic during farmers market hours to ensure a safe and enjoyable shopping experience for families and vendors.","1759535286444","0.879986","false"
"nf7df858rfamgbhv1bi","Should Q Street be closed to traffic during the farmers market?","ig8x4bcarzmgbhvo30","Closing Q Street would enhance the overall atmosphere of the farmers market, making it a more enjoyable space for shoppers and vendors alike.","1759535286466","d62be9nd8s6mgbhvo30","Q Street should be closed to traffic during farmers market hours to ensure a safe and enjoyable shopping experience for families and vendors.","1759535286444","0.905762","false"
"z0oy8lsmanmgbgemqv","Should Q Street be closed to traffic during the farmers market?","uayaa3hyb9mgbghqe8","Statement 2: While Q Street may have light traffic, any vehicle presence can create anxiety for market-goers, making it essential to prioritize pedestrian safety over minimal vehicular access during the market.","1759532956395","m09pxz6o0omgbghq7e","Statement 1: Q Street should be closed to traffic during farmers market hours to ensure the safety and comfort of shoppers, particularly families with children, who deserve a stress-free environment to browse and enjoy local produce.","1759532956394","0.835077","false"
"z0oy8lsmanmgbgemqv","Should Q Street be closed to traffic during the farmers market?","1rvyee06rwrmgbghql2","Statement 3: Closing Q Street could enhance the overall experience of the farmers market, potentially increasing foot traffic and sales for vendors, which is vital for the local economy and community engagement.","1759532956396","m09pxz6o0omgbghq7e","Statement 1: Q Street should be closed to traffic during farmers market hours to ensure the safety and comfort of shoppers, particularly families with children, who deserve a stress-free environment to browse and enjoy local produce.","1759532956394","0.849721","false"
"z0oy8lsmanmgbgemqv","Should Q Street be closed to traffic during the farmers market?","2uotk3f4ko6mgbghqyw","Statement 1: Q Street should remain open to traffic during the farmers market to ensure residents have convenient access to their homes and parking.","1759532956398","m09pxz6o0omgbghq7e","Statement 1: Q Street should be closed to traffic during farmers market hours to ensure the safety and comfort of shoppers, particularly families with children, who deserve a stress-free environment to browse and enjoy local produce.","1759532956394","0.897512","false"
"z0oy8lsmanmgbgemqv","Should Q Street be closed to traffic during the farmers market?","fxdxbaaid67mgbghr59","Statement 2: Closing Q Street for the farmers market creates unnecessary chaos and inconvenience for the residents who live there, particularly for those with mobility issues.","1759532956399","m09pxz6o0omgbghq7e","Statement 1: Q Street should be closed to traffic during farmers market hours to ensure the safety and comfort of shoppers, particularly families with children, who deserve a stress-free environment to browse and enjoy local produce.","1759532956394","0.856337","false"
"z0oy8lsmanmgbgemqv","Should Q Street be closed to traffic during the farmers market?","ht9ytsugsksmgbghrch","Statement 3: While the farmers market provides community benefits, it should not come at the expense of residents' daily lives and access to their homes.","1759532956400","m09pxz6o0omgbghq7e","Statement 1: Q Street should be closed to traffic during farmers market hours to ensure the safety and comfort of shoppers, particularly families with children, who deserve a stress-free environment to browse and enjoy local produce.","1759532956394","0.800572","false"
"z0oy8lsmanmgbgemqv","Should Q Street be closed to traffic during the farmers market?","oxcgah8e9xmgbghrit","Statement 4: Alternative solutions, such as designated parking areas or limited traffic restrictions, should be explored instead of a complete street closure.","1759532956401","f07xw8u3plmgbghqs1","Statement 4: However, we should consider the implications of closing the street on local residents and businesses, ensuring that alternative access routes are communicated effectively to minimize disruption.","1759532956397","0.823888","false"
"z0oy8lsmanmgbgemqv","Should Q Street be closed to traffic during the farmers market?","fikkop6j3jmgbghrqh","Statement 1: Q Street should be closed to traffic during the farmers market to create a safer and more enjoyable environment for both vendors and shoppers, enhancing community engagement.","1759532956402","m09pxz6o0omgbghq7e","Statement 1: Q Street should be closed to traffic during farmers market hours to ensure the safety and comfort of shoppers, particularly families with children, who deserve a stress-free environment to browse and enjoy local produce.","1759532956394","0.940397","false"
"z0oy8lsmanmgbgemqv","Should Q Street be closed to traffic during the farmers market?","dmw9l9plwkmgbghrya","Statement 2: While the farmers market is beneficial for the community, we must consider the needs of residents living on Q Street, who may be adversely affected by the closure.","1759532956403","m09pxz6o0omgbghq7e","Statement 1: Q Street should be closed to traffic during farmers market hours to ensure the safety and comfort of shoppers, particularly families with children, who deserve a stress-free environment to browse and enjoy local produce.","1759532956394","0.85065","false"
"z0oy8lsmanmgbgemqv","Should Q Street be closed to traffic during the farmers market?","45rw2ori20nmgbghs6s","Statement 3: A compromise could be reached by limiting traffic on Q Street during peak market hours, allowing for both community activities and resident access.","1759532956404","m09pxz6o0omgbghq7e","Statement 1: Q Street should be closed to traffic during farmers market hours to ensure the safety and comfort of shoppers, particularly families with children, who deserve a stress-free environment to browse and enjoy local produce.","1759532956394","0.818101","false"
"z0oy8lsmanmgbgemqv","Should Q Street be closed to traffic during the farmers market?","h1d1gkq69xemgbghsdf","Statement 4: The farmers market should prioritize pedestrian space to foster a vibrant community atmosphere, even if it means inconveniencing some local residents.","1759532956405","m09pxz6o0omgbghq7e","Statement 1: Q Street should be closed to traffic during farmers market hours to ensure the safety and comfort of shoppers, particularly families with children, who deserve a stress-free environment to browse and enjoy local produce.","1759532956394","0.805944","false"
"z0oy8lsmanmgbgemqv","Should Q Street be closed to traffic during the farmers market?","xnmfx83jlxdmgbghssm","Statement 1: Q Street should remain open to traffic during the farmers market to ensure that local businesses can receive deliveries and maintain their regular operations without disruption.","1759532956407","m09pxz6o0omgbghq7e","Statement 1: Q Street should be closed to traffic during farmers market hours to ensure the safety and comfort of shoppers, particularly families with children, who deserve a stress-free environment to browse and enjoy local produce.","1759532956394","0.889092","false"
"z0oy8lsmanmgbgemqv","Should Q Street be closed to traffic during the farmers market?","2l0jlp3gf7tmgbght64","Statement 3: A compromise could be reached by limiting the closure of Q Street to certain hours, allowing for both the farmers market to thrive and businesses to operate smoothly.","1759532956409","m09pxz6o0omgbghq7e","Statement 1: Q Street should be closed to traffic during farmers market hours to ensure the safety and comfort of shoppers, particularly families with children, who deserve a stress-free environment to browse and enjoy local produce.","1759532956394","0.827542","false"
"z0oy8lsmanmgbgemqv","Should Q Street be closed to traffic during the farmers market?","ue33j9dkubmmgbghtbd","Statement 4: The farmers market is an important community event, but it should be organized in a way that minimizes negative impacts on local businesses, such as providing designated delivery times.","1759532956410","p6vtgu9ehwmgbghszf","Statement 2: While the farmers market increases foot traffic, the inconvenience it causes to nearby businesses on Saturday mornings outweighs the benefits of the event.","1759532956408","0.810739","false"
"z0oy8lsmanmgbgemqv","Should Q Street be closed to traffic during the farmers market?","dsezl01jcmvmgbghtik","Statement 1: Q Street should be closed to traffic during the farmers market to enhance pedestrian safety and create a vibrant community space that encourages local commerce and social interaction.","1759532956411","m09pxz6o0omgbghq7e","Statement 1: Q Street should be closed to traffic during farmers market hours to ensure the safety and comfort of shoppers, particularly families with children, who deserve a stress-free environment to browse and enjoy local produce.","1759532956394","0.933733","false"
"z0oy8lsmanmgbgemqv","Should Q Street be closed to traffic during the farmers market?","85sn4u0kzbfmgbghtov","Statement 2: Keeping Q Street open with a traffic light compromises both the flow of traffic and the experience of market-goers, ultimately failing to meet the needs of either group.","1759532956412","m09pxz6o0omgbghq7e","Statement 1: Q Street should be closed to traffic during farmers market hours to ensure the safety and comfort of shoppers, particularly families with children, who deserve a stress-free environment to browse and enjoy local produce.","1759532956394","0.827942","false"
"z0oy8lsmanmgbgemqv","Should Q Street be closed to traffic during the farmers market?","bwiccuz1zramgbghtvo","Statement 3: While some may argue that closing Q Street could inconvenience drivers, the benefits of a car-free market space, including reduced noise and pollution, outweigh these concerns.","1759532956413","m09pxz6o0omgbghq7e","Statement 1: Q Street should be closed to traffic during farmers market hours to ensure the safety and comfort of shoppers, particularly families with children, who deserve a stress-free environment to browse and enjoy local produce.","1759532956394","0.838433","false"
"z0oy8lsmanmgbgemqv","Should Q Street be closed to traffic during the farmers market?","5u88eu12okcmgbghu12","Statement 4: A temporary closure of Q Street during the farmers market could serve as a pilot program to test the potential for more permanent pedestrian-friendly initiatives in the neighborhood.","1759532956414","m09pxz6o0omgbghq7e","Statement 1: Q Street should be closed to traffic during farmers market hours to ensure the safety and comfort of shoppers, particularly families with children, who deserve a stress-free environment to browse and enjoy local produce.","1759532956394","0.827676","false"
"z0oy8lsmanmgbgemqv","Should Q Street be closed to traffic during the farmers market?","zu5rj0n6v2omgbghu71","Statement 1: Q Street should be closed to traffic during the farmers market to enhance pedestrian safety and improve the overall experience for market-goers.","1759532956415","m09pxz6o0omgbghq7e","Statement 1: Q Street should be closed to traffic during farmers market hours to ensure the safety and comfort of shoppers, particularly families with children, who deserve a stress-free environment to browse and enjoy local produce.","1759532956394","0.943535","false"
"z0oy8lsmanmgbgemqv","Should Q Street be closed to traffic during the farmers market?","nk68y0utnrmgbghue3","Statement 2: The minimal traffic observed during market hours indicates that closing Q Street would not significantly disrupt transportation, making it a reasonable decision for community well-being.","1759532956416","m09pxz6o0omgbghq7e","Statement 1: Q Street should be closed to traffic during farmers market hours to ensure the safety and comfort of shoppers, particularly families with children, who deserve a stress-free environment to browse and enjoy local produce.","1759532956394","0.848816","false"
"z0oy8lsmanmgbgemqv","Should Q Street be closed to traffic during the farmers market?","5c76mx3ghgamgbghukh","Statement 3: Allowing cars to pass through Q Street during the farmers market creates unnecessary conflicts between drivers and pedestrians, detracting from the market's atmosphere and safety.","1759532956417","m09pxz6o0omgbghq7e","Statement 1: Q Street should be closed to traffic during farmers market hours to ensure the safety and comfort of shoppers, particularly families with children, who deserve a stress-free environment to browse and enjoy local produce.","1759532956394","0.871981","false"
"z0oy8lsmanmgbgemqv","Should Q Street be closed to traffic during the farmers market?","6nus2y14pjrmgbghupz","Statement 4: While some may argue that keeping Q Street open maintains traffic flow, the benefits of a pedestrian-only environment during the market far outweigh the inconvenience of a few cars being rerouted.","1759532956418","m09pxz6o0omgbghq7e","Statement 1: Q Street should be closed to traffic during farmers market hours to ensure the safety and comfort of shoppers, particularly families with children, who deserve a stress-free environment to browse and enjoy local produce.","1759532956394","0.842976","false"
"0fgxpp5ylcnmgbeaqn1","Should Q Street be closed to traffic during the farmers market?","9fim6exbrwemgbedoba","Q Street residents should have a say in whether the street is closed during the market.","1759529407906","dngie1w2ushmgbedo6a","Closing Q Street during market hours would improve shopper safety.","1759529407905","0.874488","false"
"0fgxpp5ylcnmgbeaqn1","Should Q Street be closed to traffic during the farmers market?","v5wo9wubh38mgbedogt","Closing Q Street to traffic would transform the market into a proper community gathering space.","1759529407907","dngie1w2ushmgbedo6a","Closing Q Street during market hours would improve shopper safety.","1759529407905","0.88988","false"
"0fgxpp5ylcnmgbeaqn1","Should Q Street be closed to traffic during the farmers market?","3kof25strs5mgbedp5h","Alternative parking options for residents during market hours should be provided if the street is closed.","1759529407912","7kz9kp6dgeomgbedoqs","The farmers market can find another location instead of taking over a residential street.","1759529407909","0.833684","false"
"0fgxpp5ylcnmgbeaqn1","Should Q Street be closed to traffic during the farmers market?","izf39b0vyn9mgbedpa3","Businesses near Q Street could benefit from increased foot traffic due to the market.","1759529407913","dngie1w2ushmgbedo6a","Closing Q Street during market hours would improve shopper safety.","1759529407905","0.836789","false"
"0fgxpp5ylcnmgbeaqn1","Should Q Street be closed to traffic during the farmers market?","9zvpn7cdpvomgbedpxq","Closing Q Street to traffic would disrupt the usual flow and accessibility for the residents.","1759529407918","5387bwcemtumgbedolw","Closing Q Street would inconvenience residents who need vehicle access.","1759529407908","0.898936","false"
"0fgxpp5ylcnmgbeaqn1","Should Q Street be closed to traffic during the farmers market?","xv43ug8qckmgbedq23","Closing Q Street to traffic would create a more pleasant and uninterrupted shopping experience.","1759529407919","dngie1w2ushmgbedo6a","Closing Q Street during market hours would improve shopper safety.","1759529407905","0.899011","false"
"0fgxpp5ylcnmgbeaqn1","Should Q Street be closed to traffic during the farmers market?","yaako2xz7edmgbedq76","The farmers market is too large and creates chaos for Q Street residents.","1759529407920","dngie1w2ushmgbedo6a","Closing Q Street during market hours would improve shopper safety.","1759529407905","0.857798","false"
"0fgxpp5ylcnmgbeaqn1","Should Q Street be closed to traffic during the farmers market?","dc0vf8sn0lsmgbedqbr","The occasional inconvenience caused by street closure is worth the benefits of a thriving farmers market.","1759529407921","7kz9kp6dgeomgbedoqs","The farmers market can find another location instead of taking over a residential street.","1759529407909","0.812115","false"
"0fgxpp5ylcnmgbeaqn1","Should Q Street be closed to traffic during the farmers market?","magdl6tuepmgbedqlf","The closure of Q Street could potentially boost local businesses.","1759529407923","5387bwcemtumgbedolw","Closing Q Street would inconvenience residents who need vehicle access.","1759529407908","0.804558","false"
"0fgxpp5ylcnmgbeaqn1","Should Q Street be closed to traffic during the farmers market?","zcnz6h003gnmgbedqpy","The closure of Q Street could lead to increased parking and traffic problems for local businesses.","1759529407924","ex4xakls7qlmgbedpet","The street closure could create logistical problems for local businesses.","1759529407914","0.843551","false"
"dpxnhk8dq7mgb3i16f","Should Q Street be closed to traffic during the farmers market?","4szeamdok0emgb3k6uf","Emergency vehicles must have guaranteed access through the market area at all times.","1759511235429","2e1uqi2owjcmgb3k6iy","Residents should be able to park and access their buildings during market hours, even if some market access is limited.","1759511235427","0.812762","false"
"dpxnhk8dq7mgb3i16f","Should Q Street be closed to traffic during the farmers market?","ulmvju8spgdmgb3k6zi","Moving the market to a park would better serve residents and avoid street disruption.","1759511235430","2e1uqi2owjcmgb3k6iy","Residents should be able to park and access their buildings during market hours, even if some market access is limited.","1759511235427","0.84119","false"
"dpxnhk8dq7mgb3i16f","Should Q Street be closed to traffic during the farmers market?","w06djvxof79mgb3k7fs","Market hours and layout should be adjusted to reduce disruption to residents.","1759511235433","2e1uqi2owjcmgb3k6iy","Residents should be able to park and access their buildings during market hours, even if some market access is limited.","1759511235427","0.852485","false"
"dpxnhk8dq7mgb3i16f","Should Q Street be closed to traffic during the farmers market?","c15y1onv5pumgb3k82t","The market activation on Q Street contributes to healthier, more connected communities.","1759511235437","i5sc0z5fqhpmgb3k675","Closing Q Street during the farmers market makes it safer for kids and families.","1759511235425","0.808048","false"
"dpxnhk8dq7mgb3i16f","Should Q Street be closed to traffic during the farmers market?","vs9ijgxz8o9mgb3k8ji","The city should designate a single transportation plan for market days and stick to it.","1759511235440","2e1uqi2owjcmgb3k6iy","Residents should be able to park and access their buildings during market hours, even if some market access is limited.","1759511235427","0.804407","false"
"dpxnhk8dq7mgb3i16f","Should Q Street be closed to traffic during the farmers market?","tisghyvxmgb3k908","The decision on closure should be made via a formal pilot with measurable metrics.","1759511235443","wb93kuxq23hmgb3k751","A temporary pilot closure on a few Saturdays is a sensible way to evaluate impacts before committing.","1759511235431","0.849284","false"
"dpxnhk8dq7mgb3i16f","Should Q Street be closed to traffic during the farmers market?","sdm612brr8mgb3k96o","Residents’ accessibility concerns should be addressed with better mobility options rather than denying market access.","1759511235444","2e1uqi2owjcmgb3k6iy","Residents should be able to park and access their buildings during market hours, even if some market access is limited.","1759511235427","0.825595","false"
"dpxnhk8dq7mgb3i16f","Should Q Street be closed to traffic during the farmers market?","svq56urpmkmgb3k9c8","The market can be scaled up with better layouts to reduce crowding without closing the street.","1759511235445","dhlk736yk1mgb3k6dv","A full street closure is necessary to maximize market vitality and vendor profits.","1759511235426","0.802348","false"
"cw6t3wpouztmgb3d5ng","Should Q Street be closed to traffic during the farmers market?","nqt9jf7injgmgb3ekmc","Redesign Q Street to be multimodal and car-dominant-free during market hours rather than relying on full street closure.","1759510973037","fme2f0rkmwmgb3ejqh","Fully closing Q Street to traffic on market days is necessary to protect pedestrians and boost market vitality.","1759510973033","0.887713","false"
"cw6t3wpouztmgb3d5ng","Should Q Street be closed to traffic during the farmers market?","3jx71evq12omgb3eksm","A temporary, time-limited closure during market hours is sufficient to achieve safety without harming residents.","1759510973038","p8nlsi4gs4imgb3ejzm","Implement a partial closure with loading zones and designated car-free segments to balance safety and resident access.","1759510973034","0.807481","false"
"cw6t3wpouztmgb3d5ng","Should Q Street be closed to traffic during the farmers market?","yl7f6x0l5jmgb3elc8","The market's economic and social benefits justify the level of disruption to street access.","1759510973041","wvqpi2n69zmgb3ekeo","The street closure primarily benefits the community's health and social cohesion, justifying the disruption to drivers.","1759510973036","0.836727","false"
"cw6t3wpouztmgb3d5ng","Should Q Street be closed to traffic during the farmers market?","gtkbscs22o4mgb3em48","Clear, obstacle-free routes for emergency vehicles must be guaranteed during market hours.","1759510973042","3yw5za9ok4mgb3ek6n","Emergency services must have unimpeded access during market hours.","1759510973035","0.939564","false"
"cw6t3wpouztmgb3d5ng","Should Q Street be closed to traffic during the farmers market?","c4v5v5o03p9mgb3eo90","Rescheduling or repositioning the market to a different day could minimize conflicts.","1759510973051","2wfu1urxc6fmgb3el5k","Relocating the market to a nearby park would prevent street disruption and still serve the community.","1759510973040","0.814496","false"
"cw6t3wpouztmgb3d5ng","Should Q Street be closed to traffic during the farmers market?","o3o1ecqc7amgb3eozv","On market days, only pedestrians and local traffic are allowed on Q Street, with other through traffic diverted.","1759510973054","fme2f0rkmwmgb3ejqh","Fully closing Q Street to traffic on market days is necessary to protect pedestrians and boost market vitality.","1759510973033","0.839167","false"
"12a5dpi26bpmgb2puqh","Should Q Street be closed to traffic during the farmers market?","2lw39v62dirmgb2swr8","Residents on Q Street should have priority access and parking despite market closures.","1759509962900","6jlqqyhu22cmgb2swj2","Closing Q Street benefits vendors and shoppers by increasing safety and sales.","1759509962899","0.801202","false"
"12a5dpi26bpmgb2puqh","Should Q Street be closed to traffic during the farmers market?","x8cbu55aramgb2sxr3","Vendors’ sales increase when the street is closed, according to market experience.","1759509962905","6jlqqyhu22cmgb2swj2","Closing Q Street benefits vendors and shoppers by increasing safety and sales.","1759509962899","0.849105","false"
"12a5dpi26bpmgb2puqh","Should Q Street be closed to traffic during the farmers market?","eh4zne27vlimgb2syq8","A mixed-use approach (partially closed street, dedicated loading zones) can balance goals.","1759509962910","q9t1wv8tnqmgb2swy9","The market closure plan should include a scalable compromise, such as half-street closures or loading zones.","1759509962901","0.824102","false"
"12a5dpi26bpmgb2puqh","Should Q Street be closed to traffic during the farmers market?","60s7ekyaefnmgb2szcc","The market should be relocated entirely to a nearby park to avoid street disruptions.","1759509962913","lnu116791imgb2sxk4","The market could operate in a nearby park if the street remains open, preserving resident access.","1759509962904","0.851367","false"
"12a5dpi26bpmgb2puqh","Should Q Street be closed to traffic during the farmers market?","dxlag73g9hamgb2szm0","The current closure plan inadequately accounts for emergency vehicle routes.","1759509962914","si09fijtj88mgb2sx5g","Emergency services should be prioritized; if closures hinder emergency access, alternatives must be found.","1759509962902","0.847938","false"
"12a5dpi26bpmgb2puqh","Should Q Street be closed to traffic during the farmers market?","cpjsju0l85kmgb2t01x","The presence of the market on Q Street has positive effects on local economies beyond vendors.","1759509962916","6jlqqyhu22cmgb2swj2","Closing Q Street benefits vendors and shoppers by increasing safety and sales.","1759509962899","0.832502","false"
"7h4jkv3uybomgb29f0p","Should Q Street be closed to traffic during the farmers market?","xhutcb57ujmgb2bhty","The street closure during the farmers market poses significant inconvenience to the residents of Q Street, particularly the elderly and those with mobility issues.","1759509150759","8lhwbdkazyumgb2bhnq","The closure of Q Street for the farmers market increases vendor sales and fosters community engagement.","1759509150758","0.81383","false"
"7h4jkv3uybomgb29f0p","Should Q Street be closed to traffic during the farmers market?","rax4tax80tjmgb2binw","The street closure for the farmers market potentially boosts foot traffic for local businesses.","1759509150764","hov9yhmqx4lmgb2bi5s","The street closure enhances safety for families and children visiting the farmers market.","1759509150761","0.842642","false"
"7h4jkv3uybomgb29f0p","Should Q Street be closed to traffic during the farmers market?","3n5mt930idmmgb2bj1f","Better signage and reserved parking for local businesses could alleviate some of the challenges caused by the street closure.","1759509150766","j0ha7n0525amgb2biuj","The street closure affects operational efficiency of local businesses due to delivery and parking issues.","1759509150765","0.831953","false"
"7h4jkv3uybomgb29f0p","Should Q Street be closed to traffic during the farmers market?","07stx962a4nmgb2bj6w","Exploring compromises like partial street closures or dedicated loading zones could balance the needs of both residents and the farmers market.","1759509150767","t85tp8ghuumgb2bi03","The farmers market should consider alternative locations, like nearby parks, to avoid disrupting traffic and resident accessibility.","1759509150760","0.842182","false"
"7h4jkv3uybomgb29f0p","Should Q Street be closed to traffic during the farmers market?","esfgzj44r06mgb2bjcn","Better public transit and pedestrian infrastructure could alleviate the need for car access during the farmers market.","1759509150768","t85tp8ghuumgb2bi03","The farmers market should consider alternative locations, like nearby parks, to avoid disrupting traffic and resident accessibility.","1759509150760","0.824508","false"
"7h4jkv3uybomgb29f0p","Should Q Street be closed to traffic during the farmers market?","m9m6xma9p7mgb2bji0","The farmers market transforms Q Street into a vibrant public space that builds social capital.","1759509150769","8lhwbdkazyumgb2bhnq","The closure of Q Street for the farmers market increases vendor sales and fosters community engagement.","1759509150758","0.860945","false"
"7h4jkv3uybomgb29f0p","Should Q Street be closed to traffic during the farmers market?","a990xbtz1ibmgb2bjtm","The current street closure system for the farmers market was not effectively designed considering the operational challenges of local businesses.","1759509150771","j0ha7n0525amgb2biuj","The street closure affects operational efficiency of local businesses due to delivery and parking issues.","1759509150765","0.845363","false"
"7h4jkv3uybomgb29f0p","Should Q Street be closed to traffic during the farmers market?","kwy2z9bfio9mgb2bk0x","The farmers market does not significantly disrupt traffic as there are limited cars passing through during its operation hours.","1759509150772","t85tp8ghuumgb2bi03","The farmers market should consider alternative locations, like nearby parks, to avoid disrupting traffic and resident accessibility.","1759509150760","0.818319","false"
"pvnv548gi6fmgb1paoe","Should Q Street be closed to traffic during the farmers market?","5fu2tacs9i7mgb1sqsl","Closing Q Street for the farmers market poses a serious inconvenience for the elderly and disabled residents.","1759508276134","l499zt2s3nqmgb1sqsl","Closing Q Street during the farmers market increases vendor sales and community engagement.","1759508276133","0.815838","false"
"pvnv548gi6fmgb1paoe","Should Q Street be closed to traffic during the farmers market?","d65chigln0umgb1sqsm","Closing Q Street for the farmers market is a form of gentrification pushing out long-term residents.","1759508276137","l499zt2s3nqmgb1sqsl","Closing Q Street during the farmers market increases vendor sales and community engagement.","1759508276133","0.8188","false"
"pvnv548gi6fmgb1paoe","Should Q Street be closed to traffic during the farmers market?","1xasaqfgxa5mgb1sqsm","The street closure could be managed better to accommodate both the farmers market and the needs of local residents.","1759508276138","814t8tq36ynmgb1sqsm","The farmers market should be relocated to a nearby park to ease the inconveniences caused by street closure.","1759508276136","0.839174","false"
"pvnv548gi6fmgb1paoe","Should Q Street be closed to traffic during the farmers market?","tdkwpqfel5rmgb1sqsn","The street closure during the farmers market creates a vibrant public space in the neighborhood.","1759508276143","l499zt2s3nqmgb1sqsl","Closing Q Street during the farmers market increases vendor sales and community engagement.","1759508276133","0.826227","false"
"pvnv548gi6fmgb1paoe","Should Q Street be closed to traffic during the farmers market?","yzifl0ihcdamgb1sqsn","The farmers market on Q Street enhances social interactions and builds social capital.","1759508276145","l499zt2s3nqmgb1sqsl","Closing Q Street during the farmers market increases vendor sales and community engagement.","1759508276133","0.833993","false"
"pvnv548gi6fmgb1paoe","Should Q Street be closed to traffic during the farmers market?","riggolreudmmgb1sqso","Street closures for community events like the farmers market improve public health and local economies.","1759508276147","l499zt2s3nqmgb1sqsl","Closing Q Street during the farmers market increases vendor sales and community engagement.","1759508276133","0.829644","false"
"pvnv548gi6fmgb1paoe","Should Q Street be closed to traffic during the farmers market?","qwq1hk4kx9mgb1sqso","Closing Q Street for the farmers market isolates and inconveniences the residents.","1759508276150","l499zt2s3nqmgb1sqsl","Closing Q Street during the farmers market increases vendor sales and community engagement.","1759508276133","0.846937","false"
"pvnv548gi6fmgb1paoe","Should Q Street be closed to traffic during the farmers market?","7diuygi0vgdmgb1sqso","The current street closure system for the farmers market was not designed with local businesses in mind.","1759508276152","v8km3vxe6emgb1sqsm","The farmers market brings beneficial foot traffic for local businesses.","1759508276139","0.837208","false"
"pvnv548gi6fmgb1paoe","Should Q Street be closed to traffic during the farmers market?","kugkylg9b2lmgb1sqso","Street closure for the farmers market enhances walkability and livability of the neighborhood.","1759508276153","l499zt2s3nqmgb1sqsl","Closing Q Street during the farmers market increases vendor sales and community engagement.","1759508276133","0.824491","false"
"pvnv548gi6fmgb1paoe","Should Q Street be closed to traffic during the farmers market?","8c766u220jjmgb1sqsp","Closing Q Street for the farmers market results in conflicts between pedestrians and the occasional car.","1759508276156","l499zt2s3nqmgb1sqsl","Closing Q Street during the farmers market increases vendor sales and community engagement.","1759508276133","0.855669","false"
"tpgm9gdhe6mmg9mo7qa","Should Q Street be closed to traffic during the farmers market?","oc44br62kmg9mpav1","The farmers market boosts vendor sales by 40% when Q Street is closed.","1759422455102","3v2swyg4dv1mg9mpav0","Closing Q Street for the farmers market increases safety for families and children.","1759422455100","0.832848","false"
"tpgm9gdhe6mmg9mo7qa","Should Q Street be closed to traffic during the farmers market?","vqqh4iinkhfmg9mpav1","Street closure during the farmers market fosters community interaction and connection.","1759422455103","3v2swyg4dv1mg9mpav0","Closing Q Street for the farmers market increases safety for families and children.","1759422455100","0.800503","false"
"tpgm9gdhe6mmg9mo7qa","Should Q Street be closed to traffic during the farmers market?","jvjp3e1zuamg9mpav1","Closing Q Street for the market inconveniences drivers.","1759422455104","3v2swyg4dv1mg9mpav0","Closing Q Street for the farmers market increases safety for families and children.","1759422455100","0.81773","false"
"tpgm9gdhe6mmg9mo7qa","Should Q Street be closed to traffic during the farmers market?","uq9d0tx1heqmg9mpav1","The closure of Q Street for the farmers market enhances the vibrancy of the public space.","1759422455105","3v2swyg4dv1mg9mpav0","Closing Q Street for the farmers market increases safety for families and children.","1759422455100","0.865576","false"
"tpgm9gdhe6mmg9mo7qa","Should Q Street be closed to traffic during the farmers market?","gmuusicnzflmg9mpav1","The farmers market penalizes Q Street residents who rely on car access.","1759422455106","3v2swyg4dv1mg9mpav0","Closing Q Street for the farmers market increases safety for families and children.","1759422455100","0.831281","false"
"tpgm9gdhe6mmg9mo7qa","Should Q Street be closed to traffic during the farmers market?","tz12e47a75pmg9mpav2","Emergency vehicle access may be hindered by the street closure during the market.","1759422455109","fnm1i7y3cbnmg9mpav1","Street closure during the market disrupts work commute for some residents.","1759422455107","0.814267","false"
"tpgm9gdhe6mmg9mo7qa","Should Q Street be closed to traffic during the farmers market?","1ifxuwyv65fmg9mpav2","Closing Q Street for the farmers market could be seen as gentrification.","1759422455111","3v2swyg4dv1mg9mpav0","Closing Q Street for the farmers market increases safety for families and children.","1759422455100","0.826922","false"
"tpgm9gdhe6mmg9mo7qa","Should Q Street be closed to traffic during the farmers market?","iv9vcrv7iphmg9mpav2","Closing Q Street to traffic for the farmers market is a disregard for the elderly and those with limited mobility.","1759422455112","3v2swyg4dv1mg9mpav0","Closing Q Street for the farmers market increases safety for families and children.","1759422455100","0.84727","false"
"tpgm9gdhe6mmg9mo7qa","Should Q Street be closed to traffic during the farmers market?","pxe32c4c2umg9mpav3","Setting up and closing down the market disrupts delivery schedules for local businesses.","1759422455117","fnm1i7y3cbnmg9mpav1","Street closure during the market disrupts work commute for some residents.","1759422455107","0.827352","false"
"tpgm9gdhe6mmg9mo7qa","Should Q Street be closed to traffic during the farmers market?","n0buzvr8mubmg9mpav3","Customers of local businesses struggle to find parking during the market.","1759422455118","fnm1i7y3cbnmg9mpav1","Street closure during the market disrupts work commute for some residents.","1759422455107","0.827398","false"
"tpgm9gdhe6mmg9mo7qa","Should Q Street be closed to traffic during the farmers market?","qkub8vdb6ogmg9mpav3","Closing Q Street for the market creates a walkable, livable neighborhood.","1759422455123","3v2swyg4dv1mg9mpav0","Closing Q Street for the farmers market increases safety for families and children.","1759422455100","0.867786","false"
"vdpuajk1swmg9k4oh5","Should Q Street be closed to traffic during the farmers market?","bi6m9jmxbmmg9k53fy","The parking restrictions place an unfair burden on residents who live on Q Street","1759418153134","k0lw7quatf9mg9k52x6","The parking restrictions place an unfair burden on residents who live on Q Street","1759418152458","1","false"
"vdpuajk1swmg9k4oh5","Should Q Street be closed to traffic during the farmers market?","0hwv9wkwp5omg9k53ql","Closing Q Street during farmers market creates a vibrant community space that brings neighbors together","1759418153517","etj6wrtffwnmg9k53gq","Closing Q Street during farmers market creates a vibrant community space that brings neighbors together","1759418153162","1","false"
"vdpuajk1swmg9k4oh5","Should Q Street be closed to traffic during the farmers market?","b0vf5gujsmrmg9k53s2","Closing Q Street during farmers market creates a vibrant community space that brings neighbors together","1759418153570","etj6wrtffwnmg9k53gq","Closing Q Street during farmers market creates a vibrant community space that brings neighbors together","1759418153162","1","false"
"vdpuajk1swmg9k4oh5","Should Q Street be closed to traffic during the farmers market?","em47blaj6vbmg9k53tt","The parking restrictions place an unfair burden on residents who live on Q Street","1759418153633","k0lw7quatf9mg9k52x6","The parking restrictions place an unfair burden on residents who live on Q Street","1759418152458","1","false"
"vdpuajk1swmg9k4oh5","Should Q Street be closed to traffic during the farmers market?","1w3ukechvskimg9k53uo","Traffic diversions hurt local businesses on surrounding streets - we need better solutions","1759418153664","28lsrvnranjmg9k53rw","Traffic diversions hurt local businesses on surrounding streets - we need better solutions","1759418153564","1","false"
"vdpuajk1swmg9k4oh5","Should Q Street be closed to traffic during the farmers market?","xhkgi087rhjmg9k53x7","The parking restrictions place an unfair burden on residents who live on Q Street","1759418153755","k0lw7quatf9mg9k52x6","The parking restrictions place an unfair burden on residents who live on Q Street","1759418152458","1","false"
"vdpuajk1swmg9k4oh5","Should Q Street be closed to traffic during the farmers market?","jo376yd6akmg9k548n","Small businesses along Q Street lose customers who can't easily drive and park","1759418154167","k0lw7quatf9mg9k52x6","The parking restrictions place an unfair burden on residents who live on Q Street","1759418152458","0.801184","false"
"vdpuajk1swmg9k4oh5","Should Q Street be closed to traffic during the farmers market?","fwpidmda7lqmg9k549j","The parking restrictions place an unfair burden on residents who live on Q Street","1759418154199","k0lw7quatf9mg9k52x6","The parking restrictions place an unfair burden on residents who live on Q Street","1759418152458","1","false"
"vdpuajk1swmg9k4oh5","Should Q Street be closed to traffic during the farmers market?","t6nsz34pygmg9k549s","Closing Q Street during farmers market creates a vibrant community space that brings neighbors together","1759418154208","etj6wrtffwnmg9k53gq","Closing Q Street during farmers market creates a vibrant community space that brings neighbors together","1759418153162","1","false"
"vdpuajk1swmg9k4oh5","Should Q Street be closed to traffic during the farmers market?","han427s83obmg9k54ab","Small businesses along Q Street lose customers who can't easily drive and park","1759418154227","k0lw7quatf9mg9k52x6","The parking restrictions place an unfair burden on residents who live on Q Street","1759418152458","0.801184","false"
"vdpuajk1swmg9k4oh5","Should Q Street be closed to traffic during the farmers market?","7d69tiz3gf4mg9k54ag","This is about creating a more livable neighborhood that values people over cars","1759418154232","es3ug0gfycjmg9k53f3","This is about creating a more livable neighborhood that values people over cars","1759418153103","1","false"
"vdpuajk1swmg9k4oh5","Should Q Street be closed to traffic during the farmers market?","uda9wizfe68mg9k54em","Small businesses along Q Street lose customers who can't easily drive and park","1759418154382","k0lw7quatf9mg9k52x6","The parking restrictions place an unfair burden on residents who live on Q Street","1759418152458","0.801184","false"
"vdpuajk1swmg9k4oh5","Should Q Street be closed to traffic during the farmers market?","3ifds84l772mg9k54j8","Small businesses along Q Street lose customers who can't easily drive and park","1759418154548","k0lw7quatf9mg9k52x6","The parking restrictions place an unfair burden on residents who live on Q Street","1759418152458","0.801184","false"
"vdpuajk1swmg9k4oh5","Should Q Street be closed to traffic during the farmers market?","n9i65xwcxttmg9k54ju","Closing Q Street during farmers market creates a vibrant community space that brings neighbors together","1759418154570","etj6wrtffwnmg9k53gq","Closing Q Street during farmers market creates a vibrant community space that brings neighbors together","1759418153162","1","false"
"vdpuajk1swmg9k4oh5","Should Q Street be closed to traffic during the farmers market?","z9kmlwdhzlsmg9k54jw","The current system discriminates against people who work weekends and need car access","1759418154572","y5eial152u9mg9k54jt","The current system discriminates against people who work weekends and need car access","1759418154569","1","false"
"vdpuajk1swmg9k4oh5","Should Q Street be closed to traffic during the farmers market?","zulmthp9m3mg9k54l2","Small businesses along Q Street lose customers who can't easily drive and park","1759418154614","k0lw7quatf9mg9k52x6","The parking restrictions place an unfair burden on residents who live on Q Street","1759418152458","0.801184","false"
"vdpuajk1swmg9k4oh5","Should Q Street be closed to traffic during the farmers market?","mj5dfs172immg9k54la","The current system discriminates against people who work weekends and need car access","1759418154622","y5eial152u9mg9k54jt","The current system discriminates against people who work weekends and need car access","1759418154569","1","false"
"vdpuajk1swmg9k4oh5","Should Q Street be closed to traffic during the farmers market?","tuo5quxta2fmg9k54me","Kids can safely play and families can enjoy the space without worrying about traffic","1759418154662","y634diqp48mg9k539l","Kids can safely play and families can enjoy the space without worrying about traffic","1759418152905","1","false"
"vdpuajk1swmg9k4oh5","Should Q Street be closed to traffic during the farmers market?","woy3311s7remg9k54p2","Local vendors and artisans benefit enormously from the foot traffic when cars are gone","1759418154758","6sanvkwqkyjmg9k52tt","Local vendors and artisans benefit enormously from the foot traffic when cars are gone","1759418152337","1","false"
"vdpuajk1swmg9k4oh5","Should Q Street be closed to traffic during the farmers market?","6ii9emn2b4lmg9k5eqv","Traffic diversions hurt local businesses on surrounding streets - we need better solutions","1759418167783","28lsrvnranjmg9k53rw","Traffic diversions hurt local businesses on surrounding streets - we need better solutions","1759418153564","1","false"
"vdpuajk1swmg9k4oh5","Should Q Street be closed to traffic during the farmers market?","t6wtjalv3hdmg9k5fn3","Closing Q Street during farmers market creates a vibrant community space that brings neighbors together","1759418168943","etj6wrtffwnmg9k53gq","Closing Q Street during farmers market creates a vibrant community space that brings neighbors together","1759418153162","1","false"
"vdpuajk1swmg9k4oh5","Should Q Street be closed to traffic during the farmers market?","w84gsg6gkkdmg9k5g2p","Air quality improves significantly when we prioritize pedestrians over vehicles","1759418169505","nsmb33wlkmg9k534m","Air quality improves significantly when we prioritize pedestrians over vehicles","1759418152727","1","false"
"vdpuajk1swmg9k4oh5","Should Q Street be closed to traffic during the farmers market?","scmkoe3mmnfmg9k5i9o","Closing Q Street during farmers market creates a vibrant community space that brings neighbors together","1759418172348","etj6wrtffwnmg9k53gq","Closing Q Street during farmers market creates a vibrant community space that brings neighbors together","1759418153162","1","false"
"vdpuajk1swmg9k4oh5","Should Q Street be closed to traffic during the farmers market?","vdxy4lniotdmg9k5izx","The farmers market is a weekly tradition that deserves priority over car convenience","1759418173293","6wsj0kccwu5mg9k54nx","The farmers market is a weekly tradition that deserves priority over car convenience","1759418154717","1","false"
"vdpuajk1swmg9k4oh5","Should Q Street be closed to traffic during the farmers market?","cu8guy41pbomg9k68ji","The parking restrictions place an unfair burden on residents who live on Q Street","1759418206398","k0lw7quatf9mg9k52x6","The parking restrictions place an unfair burden on residents who live on Q Street","1759418152458","1","false"
"t16e0ejaxhmg9jnhpf","Should Q Street be closed to traffic during the farmers market?","e66oleks5g8mg9jnsv8","Small businesses along Q Street lose customers who can't easily drive and park","1759417346276","ntrft67oqzmmg9jnsse","Small businesses along Q Street lose customers who can't easily drive and park","1759417346174","1","false"
"t16e0ejaxhmg9jnhpf","Should Q Street be closed to traffic during the farmers market?","ajzf85nys69mg9jnt90","Traffic diversions hurt local businesses on surrounding streets - we need better solutions","1759417346772","fx8i2k38x9smg9jnt8k","Traffic diversions hurt local businesses on surrounding streets - we need better solutions","1759417346756","1","false"
"t16e0ejaxhmg9jnhpf","Should Q Street be closed to traffic during the farmers market?","xxtpnn2tinhmg9jntin","The current system discriminates against people who work weekends and need car access","1759417347119","y0c1ny7nggmg9jnt6p","The current system discriminates against people who work weekends and need car access","1759417346689","1","false"
"t16e0ejaxhmg9jnhpf","Should Q Street be closed to traffic during the farmers market?","a22m9qm96x4mg9jntka","The parking restrictions place an unfair burden on residents who live on Q Street","1759417347178","ntrft67oqzmmg9jnsse","Small businesses along Q Street lose customers who can't easily drive and park","1759417346174","0.801184","false"
"t16e0ejaxhmg9jnhpf","Should Q Street be closed to traffic during the farmers market?","wbx06j4b0ipmg9jntm6","Local vendors and artisans benefit enormously from the foot traffic when cars are gone","1759417347246","6cbnxf7ppntmg9jnsvo","Local vendors and artisans benefit enormously from the foot traffic when cars are gone","1759417346292","1","false"
"t16e0ejaxhmg9jnhpf","Should Q Street be closed to traffic during the farmers market?","ayw3lxm9wfmg9jntmi","Air quality improves significantly when we prioritize pedestrians over vehicles","1759417347258","fxrx13z9re7mg9jnt7s","Air quality improves significantly when we prioritize pedestrians over vehicles","1759417346728","1","false"
"t16e0ejaxhmg9jnhpf","Should Q Street be closed to traffic during the farmers market?","w3fpd2rwq5amg9jntrg","The current system discriminates against people who work weekends and need car access","1759417347436","y0c1ny7nggmg9jnt6p","The current system discriminates against people who work weekends and need car access","1759417346689","1","false"
"t16e0ejaxhmg9jnhpf","Should Q Street be closed to traffic during the farmers market?","d7kycq135bjmg9jnttp","Emergency vehicles can't access residents quickly when Q Street is blocked","1759417347517","0cwccvm5arwmg9jntkf","Emergency vehicles can't access residents quickly when Q Street is blocked","1759417347183","1","false"
"t16e0ejaxhmg9jnhpf","Should Q Street be closed to traffic during the farmers market?","pwjqiag0rsjmg9jnttr","Kids can safely play and families can enjoy the space without worrying about traffic","1759417347519","fpnneea6fomg9jntb4","Kids can safely play and families can enjoy the space without worrying about traffic","1759417346848","1","false"
"t16e0ejaxhmg9jnhpf","Should Q Street be closed to traffic during the farmers market?","o4ckbpoinymg9jntuy","The current system discriminates against people who work weekends and need car access","1759417347562","y0c1ny7nggmg9jnt6p","The current system discriminates against people who work weekends and need car access","1759417346689","1","false"
"t16e0ejaxhmg9jnhpf","Should Q Street be closed to traffic during the farmers market?","8petb3rze65mg9jntvb","Local vendors and artisans benefit enormously from the foot traffic when cars are gone","1759417347575","6cbnxf7ppntmg9jnsvo","Local vendors and artisans benefit enormously from the foot traffic when cars are gone","1759417346292","1","false"
"t16e0ejaxhmg9jnhpf","Should Q Street be closed to traffic during the farmers market?","4l8xkx7nlztmg9jntvn","The farmers market is a weekly tradition that deserves priority over car convenience","1759417347587","xoouh7595qkmg9jnthu","The farmers market is a weekly tradition that deserves priority over car convenience","1759417347090","1","false"
"t16e0ejaxhmg9jnhpf","Should Q Street be closed to traffic during the farmers market?","gii5g30xn4mg9jnuc3","Small businesses along Q Street lose customers who can't easily drive and park","1759417348179","ntrft67oqzmmg9jnsse","Small businesses along Q Street lose customers who can't easily drive and park","1759417346174","1","false"
"t16e0ejaxhmg9jnhpf","Should Q Street be closed to traffic during the farmers market?","baqr5yb199kmg9jnud4","The parking restrictions place an unfair burden on residents who live on Q Street","1759417348216","ntrft67oqzmmg9jnsse","Small businesses along Q Street lose customers who can't easily drive and park","1759417346174","0.801184","false"
"t16e0ejaxhmg9jnhpf","Should Q Street be closed to traffic during the farmers market?","9w62y2t2xw5mg9jnud6","Air quality improves significantly when we prioritize pedestrians over vehicles","1759417348218","fxrx13z9re7mg9jnt7s","Air quality improves significantly when we prioritize pedestrians over vehicles","1759417346728","1","false"
"t16e0ejaxhmg9jnhpf","Should Q Street be closed to traffic during the farmers market?","azpc40vix3qmg9jo45v","This is about creating a more livable neighborhood that values people over cars","1759417360915","gjsi39dq3ckmg9jnsmr","This is about creating a more livable neighborhood that values people over cars","1759417345971","1","false"
"t16e0ejaxhmg9jnhpf","Should Q Street be closed to traffic during the farmers market?","lcivys9o5jfmg9jo45y","Air quality improves significantly when we prioritize pedestrians over vehicles","1759417360918","fxrx13z9re7mg9jnt7s","Air quality improves significantly when we prioritize pedestrians over vehicles","1759417346728","1","false"
"t16e0ejaxhmg9jnhpf","Should Q Street be closed to traffic during the farmers market?","19794ntmo5cmg9jo46s","The farmers market is a weekly tradition that deserves priority over car convenience","1759417360948","xoouh7595qkmg9jnthu","The farmers market is a weekly tradition that deserves priority over car convenience","1759417347090","1","false"
"t16e0ejaxhmg9jnhpf","Should Q Street be closed to traffic during the farmers market?","86xelhqdqhkmg9jo85h","Traffic diversions hurt local businesses on surrounding streets - we need better solutions","1759417366085","fx8i2k38x9smg9jnt8k","Traffic diversions hurt local businesses on surrounding streets - we need better solutions","1759417346756","1","false"
"t16e0ejaxhmg9jnhpf","Should Q Street be closed to traffic during the farmers market?","4m7nwha5gl9mg9jo8vz","Closing Q Street during farmers market creates a vibrant community space that brings neighbors together","1759417367039","gtxkp3t1umimg9jnucy","Closing Q Street during farmers market creates a vibrant community space that brings neighbors together","1759417348210","1","false"
"t16e0ejaxhmg9jnhpf","Should Q Street be closed to traffic during the farmers market?","sx6y9y3vevsmg9job7l","Emergency vehicles can't access residents quickly when Q Street is blocked","1759417370049","0cwccvm5arwmg9jntkf","Emergency vehicles can't access residents quickly when Q Street is blocked","1759417347183","1","false"
"t16e0ejaxhmg9jnhpf","Should Q Street be closed to traffic during the farmers market?","a4oaae5v3r6mg9jobb0","The current system discriminates against people who work weekends and need car access","1759417370172","y0c1ny7nggmg9jnt6p","The current system discriminates against people who work weekends and need car access","1759417346689","1","false"
"t16e0ejaxhmg9jnhpf","Should Q Street be closed to traffic during the farmers market?","tsmfjnm7jitmg9jofjj","Traffic diversions hurt local businesses on surrounding streets - we need better solutions","1759417375663","fx8i2k38x9smg9jnt8k","Traffic diversions hurt local businesses on surrounding streets - we need better solutions","1759417346756","1","false"
"uu2fcsi71xdmg9jmfvq","Metro escalator walking: should you always stand right, or is it okay to walk on the left side?","d0qqa98v90rmg9jmg7u","If you're not walking just take the elevator!! Escalators are for MOVING PEOPLE 🌶️","1759416783226","yrkvj029snmmg9jmg7u","The real issue is whether escalators are transportation or moving sidewalks - affects the whole etiquette 🌶️","1759416483226","0.827027","false"
"rhmi3sd6x2bmg9iulpg","Metro escalator walking: should you always stand right, or is it okay to walk on the left side?","d7gyr2dw8znmg9ium16","If you're not walking just take the elevator!! Escalators are for MOVING PEOPLE 🌶️","1759415484394","qif7sc5158mg9ium16","The real issue is whether escalators are transportation or moving sidewalks - affects the whole etiquette 🌶️","1759415184394","0.827027","false"
"rhmi3sd6x2bmg9iulpg","Metro escalator walking: should you always stand right, or is it okay to walk on the left side?","spry3tnwnzemg9ivqk6","Closing Q Street during farmers market creates a vibrant community space that brings neighbors together","1759416036918","gwxwgnlkffamg9iv5n7","Closing Q Street during farmers market creates a vibrant community space that brings neighbors together","1759416009811","1","false"
"rhmi3sd6x2bmg9iulpg","Metro escalator walking: should you always stand right, or is it okay to walk on the left side?","uojnytrcaljmg9ivwgk","Closing Q Street during farmers market creates a vibrant community space that brings neighbors together","1759416044564","gwxwgnlkffamg9iv5n7","Closing Q Street during farmers market creates a vibrant community space that brings neighbors together","1759416009811","1","false"
"rhmi3sd6x2bmg9iulpg","Metro escalator walking: should you always stand right, or is it okay to walk on the left side?","tfj8o6w9h5dmg9iwjgk","The parking restrictions place an unfair burden on residents who live on Q Street","1759416074372","ecjw7hxoyvvmg9iw51h","The parking restrictions place an unfair burden on residents who live on Q Street","1759416055685","1","false"
"rhmi3sd6x2bmg9iulpg","Metro escalator walking: should you always stand right, or is it okay to walk on the left side?","zj7qf5rupsdmg9ix8xi","The parking restrictions place an unfair burden on residents who live on Q Street","1759416107382","ecjw7hxoyvvmg9iw51h","The parking restrictions place an unfair burden on residents who live on Q Street","1759416055685","1","false"
"rhmi3sd6x2bmg9iulpg","Metro escalator walking: should you always stand right, or is it okay to walk on the left side?","okst55ta95mg9ixdor","Emergency vehicles can't access residents quickly when Q Street is blocked","1759416113547","jvzf9ece7xmg9iwrm8","Emergency vehicles can't access residents quickly when Q Street is blocked","1759416084944","1","false"
"rhmi3sd6x2bmg9iulpg","Metro escalator walking: should you always stand right, or is it okay to walk on the left side?","dndl1rzvdujmg9ixkdh","This is about creating a more livable neighborhood that values people over cars","1759416122213","jchb5jjaosdmg9ivchl","This is about creating a more livable neighborhood that values people over cars","1759416018681","1","false"
"uk5612nd7emg829f9n","Metro escalator walking: should you always stand right, or is it okay to walk on the left side?","kfd8frt8x1mmg829fnm","If you're not walking just take the elevator!! Escalators are for MOVING PEOPLE 🌶️","1759327156322","0lvcuzsnt2hlmg829fnm","The real issue is whether escalators are transportation or moving sidewalks - affects the whole etiquette 🌶️","1759326856322","0.827027","false"
"szjsg628kp9mg72wmjh","Metro escalator walking: should you always stand right, or is it okay to walk on the left side?","ehv0a4cd3zmg72wmsv","If you're not walking just take the elevator!! Escalators are for MOVING PEOPLE 🌶️","1759267772495","wlluesdg3zcmg72wmsv","The real issue is whether escalators are transportation or moving sidewalks - affects the whole etiquette 🌶️","1759267472495","0.827027","false"
"cxjowc6zadamg6r94hl","Metro escalator walking: should you always stand right, or is it okay to walk on the left side?","w3izlrruz1mg6r94rj","If you're not walking just take the elevator!! Escalators are for MOVING PEOPLE 🌶️","1759248200255","wsen3mqvfefmg6r94rj","The real issue is whether escalators are transportation or moving sidewalks - affects the whole etiquette 🌶️","1759247900255","0.827027","false"
"v8p6r11kzjmg6nkti0","Metro escalator walking: should you always stand right, or is it okay to walk on the left side?","vf1o4peu66mg6nktsp","If you're not walking just take the elevator!! Escalators are for MOVING PEOPLE 🌶️","1759242027449","8aaalsd5njamg6nktsp","The real issue is whether escalators are transportation or moving sidewalks - affects the whole etiquette 🌶️","1759241727449","0.827027","false"
"e5thuj6pvg7mg57q96p","Metro escalator walking: should you always stand right, or is it okay to walk on the left side?","0a40qlg6v2b4mg57q9er","If you're not walking just take the elevator!! Escalators are for MOVING PEOPLE 🌶️","1759154940931","izveacuqgymg57q9er","The real issue is whether escalators are transportation or moving sidewalks - affects the whole etiquette 🌶️","1759154640931","0.827027","false"
"e5thuj6pvg7mg57q96p","Metro escalator walking: should you always stand right, or is it okay to walk on the left side?","gwh8bsznnpimg57qlu7","wefwefwefwf","1759155457039","bfifmujbwatmg57qjdc","wdfwfefwefw","1759155453840","0.81528","false"
"e5thuj6pvg7mg57q96p","Metro escalator walking: should you always stand right, or is it okay to walk on the left side?","y42w10i26cemg57r5z3","sdfsdfsdfsdf","1759155483135","fmguqdehx3wmg57qg8x","sdfsdf","1759155449793","0.926067","false"
"e5thuj6pvg7mg57q96p","Metro escalator walking: should you always stand right, or is it okay to walk on the left side?","n7so5ta5vnmg57raza","wefwefwefwefw","1759155489622","bfifmujbwatmg57qjdc","wdfwfefwefw","1759155453840","0.832618","false"
"e5thuj6pvg7mg57q96p","Metro escalator walking: should you always stand right, or is it okay to walk on the left side?","9j24tbg7qc6mg57rf1y","wefwefwefwf","1759155494902","bfifmujbwatmg57qjdc","wdfwfefwefw","1759155453840","0.81528","false"
"e5thuj6pvg7mg57q96p","Metro escalator walking: should you always stand right, or is it okay to walk on the left side?","evqlw1seoirmg57rjio","sdfsdsfdsdf","1759155500688","fmguqdehx3wmg57qg8x","sdfsdf","1759155449793","0.908365","false"
"e5thuj6pvg7mg57q96p","Metro escalator walking: should you always stand right, or is it okay to walk on the left side?","vvhyz0zy63pmg57rlm1","asdasdqdqwdwd","1759155503401","z7xdhjl2tymg57r8o3","asdasdasdasd","1759155486627","0.829649","false"
"e5thuj6pvg7mg57q96p","Metro escalator walking: should you always stand right, or is it okay to walk on the left side?","p5lptucdh2mg57s1gj","sdsdf","1759155523939","fmguqdehx3wmg57qg8x","sdfsdf","1759155449793","0.877239","false"
"9hxyhjptz3vmg2znory","josh is too good at gremlins","iq6y12c3oo8mg2zxtt8","It's not that Josh is good, we're just terrible","1759021424684","1ltdw10xn9tmg2zw4yh","It's not that Josh is good, I'm just really bad","1759021345817","0.925942","false"
"9hxyhjptz3vmg2znory","josh is too good at gremlins","vxz5ylmpixmg302ssd","Josh wins because it's easier to let him win.","1759021656637","wbxjqzz92img2zv59e","josh wins a disproportionate number of games","1759021299554","0.82097","false"
"9hxyhjptz3vmg2znory","josh is too good at gremlins","cqqhc2kfmyvmg303kbx","People rather have an easy game and say they lost because it's typical for josh to win.","1759021692333","wbxjqzz92img2zv59e","josh wins a disproportionate number of games","1759021299554","0.800855","false"
"9hxyhjptz3vmg2znory","josh is too good at gremlins","z8u4o0ih3hmg304072","josh tends to win disproprortionately at every board game","1759021712894","wbxjqzz92img2zv59e","josh wins a disproportionate number of games","1759021299554","0.940843","false"
"9hxyhjptz3vmg2znory","josh is too good at gremlins","lco4tv29tkmg3048nu","josh tends to win disproprortionately at every board game","1759021723866","wbxjqzz92img2zv59e","josh wins a disproportionate number of games","1759021299554","0.940843","false"
"9hxyhjptz3vmg2znory","josh is too good at gremlins","4m3oax8zwqjmg305h9l","i think josh just has a knack for trying to figure out games and win","1759021781673","wbxjqzz92img2zv59e","josh wins a disproportionate number of games","1759021299554","0.826392","false"
"9hxyhjptz3vmg2znory","josh is too good at gremlins","x28rg4ovnzdmg30al9p","we should pick josh's character for him","1759022020141","oappz8i7apmg2zwrt8","i don't think it's josh's character selection","1759021375436","0.846123","false"
"9hxyhjptz3vmg2znory","josh is too good at gremlins","jlzxhphv3xqmg30b1nl","i'm fine with josh being the winner most of the time","1759022041377","wbxjqzz92img2zv59e","josh wins a disproportionate number of games","1759021299554","0.848787","false"
"9hxyhjptz3vmg2znory","josh is too good at gremlins","k55j1cb0yzmg30bs5e","in a neutral game script, where no one is intentionally going after one another, Josh is more likely to win.","1759022075714","wbxjqzz92img2zv59e","josh wins a disproportionate number of games","1759021299554","0.804413","false"
"9hxyhjptz3vmg2znory","josh is too good at gremlins","4sgencljnymg30buoe","i wish i could learn more about how josh wins so much","1759022078990","wbxjqzz92img2zv59e","josh wins a disproportionate number of games","1759021299554","0.805685","false"
"o7zor1k3vm8mg0xc86l","Metro escalator walking: should you always stand right, or is it okay to walk on the left side?","45v8l7jngqmg0xc8by","If you're not walking just take the elevator!! Escalators are for MOVING PEOPLE 🌶️","1758895625486","93y33po51phmg0xc8by","The real issue is whether escalators are transportation or moving sidewalks - affects the whole etiquette 🌶️","1758895325486","0.827027","false"
"fnk0ek7ksdhmg0wvqmq","Metro escalator walking: should you always stand right, or is it okay to walk on the left side?","b2pffi0uz0gmg0wvqw7","If you're not walking just take the elevator!! Escalators are for MOVING PEOPLE 🌶️","1758894856391","ez0l6y9mxdwmg0wvqw7","The real issue is whether escalators are transportation or moving sidewalks - affects the whole etiquette 🌶️","1758894556391","0.827027","false"
"46ht13ppnesmfzkyh8l","josh is too good at gremlins","2omaseqtovemfzl127r","sdfsdfsfsff","1758814982775","fj3gy5k24rkmfzl0y91","sdfsdfsdfsdf","1758814977637","0.862299","false"
"02zoh8iho7fmmfzkv011","Metro escalator walking: should you always stand right, or is it okay to walk on the left side?","6rhhf9do6brmfzkv0b3","If you're not walking just take the elevator!! Escalators are for MOVING PEOPLE 🌶️","1758814200367","2z7w9m54z8mfzkv0b3","The real issue is whether escalators are transportation or moving sidewalks - affects the whole etiquette 🌶️","1758813900367","0.827027","false"
"4z7u4bd0obamfzkiebf","Metro escalator walking: should you always stand right, or is it okay to walk on the left side?","koyzistt11mmfzkiejv","If you're not walking just take the elevator!! Escalators are for MOVING PEOPLE 🌶️","1758813612299","80ddgr9yslumfzkiejv","The real issue is whether escalators are transportation or moving sidewalks - affects the whole etiquette 🌶️","1758813312299","0.827027","false"
"q386n1txa9dmfzjsij4","Metro escalator walking: should you always stand right, or is it okay to walk on the left side?","pvmup1yv0lcmfzjsiqj","If you're not walking just take the elevator!! Escalators are for MOVING PEOPLE 🌶️","1758812404667","uu41xq4niamfzjsiqj","The real issue is whether escalators are transportation or moving sidewalks - affects the whole etiquette 🌶️","1758812104667","0.827027","false"
"grip50wr90gmfzjdh8o","Metro escalator walking: should you always stand right, or is it okay to walk on the left side?","87j6thpaknxmfzjdheh","If you're not walking just take the elevator!! Escalators are for MOVING PEOPLE 🌶️","1758811703097","ghwk55p81xcmfzjdheh","The real issue is whether escalators are transportation or moving sidewalks - affects the whole etiquette 🌶️","1758811403097","0.827027","false"
"e649dyemxjemfzj9mfo","Metro escalator walking: should you always stand right, or is it okay to walk on the left side?","09xzv5obfnzrmfzj9mkw","If you're not walking just take the elevator!! Escalators are for MOVING PEOPLE 🌶️","1758811523184","dvrjlxr0khomfzj9mkw","The real issue is whether escalators are transportation or moving sidewalks - affects the whole etiquette 🌶️","1758811223184","0.827027","false"
"nwqz8nvop6mfzj7q1v","Metro escalator walking: should you always stand right, or is it okay to walk on the left side?","pkpmyk6b7ramfzj7q6m","If you're not walking just take the elevator!! Escalators are for MOVING PEOPLE 🌶️","1758811434542","1tqybxgevyqmfzj7q6m","The real issue is whether escalators are transportation or moving sidewalks - affects the whole etiquette 🌶️","1758811134542","0.827027","false"
"1rvbjuzoa0qmfzj3ytp","Metro escalator walking: should you always stand right, or is it okay to walk on the left side?","k53o1eyimadmfzj3yyw","If you're not walking just take the elevator!! Escalators are for MOVING PEOPLE 🌶️","1758811259304","2n53enx3ceumfzj3yyw","The real issue is whether escalators are transportation or moving sidewalks - affects the whole etiquette 🌶️","1758810959304","0.827027","false"
"nam50ozx8womfziht84","Metro escalator walking: should you always stand right, or is it okay to walk on the left side?","g81ysum7p0emfzihtjg","If you're not walking just take the elevator!! Escalators are for MOVING PEOPLE 🌶️","1758810225836","qdsm2r83iemfzihtjg","The real issue is whether escalators are transportation or moving sidewalks - affects the whole etiquette 🌶️","1758809925836","0.827027","false"
"f2373xg7cnomfy57bmg","Metro escalator walking: should you always stand right, or is it okay to walk on the left side?","m04fjleup5jmfy57bqw","If you're not walking just take the elevator!! Escalators are for MOVING PEOPLE 🌶️","1758727435032","q6x8jdp9y9amfy57bqw","The real issue is whether escalators are transportation or moving sidewalks - affects the whole etiquette 🌶️","1758727135032","0.827027","false"
"vfq1ffynsimfy4q8m5","Metro escalator walking: should you always stand right, or is it okay to walk on the left side?","qgdt1n4s7kmmfy4q8rh","If you're not walking just take the elevator!! Escalators are for MOVING PEOPLE 🌶️","1758726638013","zs5dejravemfy4q8rh","The real issue is whether escalators are transportation or moving sidewalks - affects the whole etiquette 🌶️","1758726338013","0.827027","false"
"88n5np5ambdmfy31p52","Metro escalator walking: should you always stand right, or is it okay to walk on the left side?","sr15psa40dimfy31ped","If you're not walking just take the elevator!! Escalators are for MOVING PEOPLE 🌶️","1758723813557","ocxr8webwwmfy31ped","The real issue is whether escalators are transportation or moving sidewalks - affects the whole etiquette 🌶️","1758723513557","0.827027","false"
"6dtrgxg10flmfwovd0j","Metro escalator walking: should you always stand right, or is it okay to walk on the left side?","bynae8t8wqtmfwovd5e","If you're not walking just take the elevator!! Escalators are for MOVING PEOPLE 🌶️","1758639536946","tzxkplinazcmfwovd5e","The real issue is whether escalators are transportation or moving sidewalks - affects the whole etiquette 🌶️","1758639236946","0.827027","false"
"dgt06ukjvflmfwndvzu","Metro escalator walking: should you always stand right, or is it okay to walk on the left side?","m9t3caxcf2mfwndw59","If you're not walking just take the elevator!! Escalators are for MOVING PEOPLE 🌶️","1758637042141","911rdqwlcuimfwndw59","The real issue is whether escalators are transportation or moving sidewalks - affects the whole etiquette 🌶️","1758636742141","0.827027","false"
"thigtu6gj3nmfwmjsa6","Metro escalator walking: should you always stand right, or is it okay to walk on the left side?","n9jbtts8g6mfwmjsmc","If you're not walking just take the elevator!! Escalators are for MOVING PEOPLE 🌶️","1758635637892","6q7ves76kyxmfwmjsmc","The real issue is whether escalators are transportation or moving sidewalks - affects the whole etiquette 🌶️","1758635337892","0.827027","false"
"l4inmnsn43amfvldc96","Metro escalator walking: should you always stand right, or is it okay to walk on the left side?","phs2hhklxqmfvldcej","If you're not walking just take the elevator!! Escalators are for MOVING PEOPLE 🌶️","1758573191147","xxb3pxprx5omfvldcej","The real issue is whether escalators are transportation or moving sidewalks - affects the whole etiquette 🌶️","1758572891147","0.827027","false"
"4bdgpgy5ynymfvet9y1","Metro escalator walking: should you always stand right, or is it okay to walk on the left side?","4ktlfbxrsimfveta3c","If you're not walking just take the elevator!! Escalators are for MOVING PEOPLE 🌶️","1758562177336","wfr7tsfjlvmfveta3c","The real issue is whether escalators are transportation or moving sidewalks - affects the whole etiquette 🌶️","1758561877336","0.827027","false"
"olfpkz16eijmfv9l2ux","Remote work is better than in-person work","in4aj6ifm49mfv9mbva","test3","1758553954966","qa2i8f7751mfv9m99h","test2","1758553951589","0.800264","false"
"qnda3azt6jmfv93pvm","Metro escalator walking: should you always stand right, or is it okay to walk on the left side?","pv0tl1s168kmfv93q0y","If you're not walking just take the elevator!! Escalators are for MOVING PEOPLE 🌶️","1758552586850","0zajiw81n9mfv93q0y","The real issue is whether escalators are transportation or moving sidewalks - affects the whole etiquette 🌶️","1758552286850","0.827027","false"
"o9lbrsmxrodmfv7wq5f","Metro escalator walking: should you always stand right, or is it okay to walk on the left side?","mcj2vk7ohomfv7wqfc","If you're not walking just take the elevator!! Escalators are for MOVING PEOPLE 🌶️","1758550581160","jwsz1tk3vgamfv7wqfc","The real issue is whether escalators are transportation or moving sidewalks - affects the whole etiquette 🌶️","1758550281160","0.827027","false"