"room_id","topic","statement_id","statement_text","timestamp"
"hysyj6nckzpmoioub7g","What captivates you about historical discoveries","4morggdxj2omoioub9o","Too much money spent on old junk","1777384502412"
"hysyj6nckzpmoioub7g","What captivates you about historical discoveries","77rux2isuy2moioub9o","Love the mystery and connection to the past","1777384502412"
"hysyj6nckzpmoioub7g","What captivates you about historical discoveries","j0qsdteozwmoioub9o","Always amazing what we find underwater","1777384502412"
"q0xlo4d11amoio4ky5","What considerations matter most when picking a countertop surface","ith3q646vwmoio4l0u","Durability beats looks every time","1777383301998"
"q0xlo4d11amoio4ky5","What considerations matter most when picking a countertop surface","qmqfag6tbsmoio4l0u","Cleaning is a nightmare with textures","1777383301998"
"q0xlo4d11amoio4ky5","What considerations matter most when picking a countertop surface","x868fpsn9hmoio4l0u","Smooth is always superior for practicality","1777383301998"
"rm2r2m8t4fmohyjst1","What common word usage truly grates on you","8aqjk2s6f09mohyjsu8","Words evolve, usage changes naturally","1777340341952"
"rm2r2m8t4fmohyjst1","What common word usage truly grates on you","8cz1wtgsiy3mohyjsu8","Precision matters, use the right term","1777340341952"
"rm2r2m8t4fmohyjst1","What common word usage truly grates on you","wfa3e81vfgbmohyjsu8","Using ""literally"" incorrectly is a pet peeve","1777340341952"
"einwbc9536pmoht9ha2","What happens when authorities you trust betray that trust","128sqcy24v9moht9hc7","They just do what they want anyway","1777331462407"
"einwbc9536pmoht9ha2","What happens when authorities you trust betray that trust","8jd7tc23vvjmoht9hc7","Makes me wary of ever calling them","1777331462407"
"einwbc9536pmoht9ha2","What happens when authorities you trust betray that trust","xg1r25cl3xmoht9hc7","Trust is earned not given to anyone","1777331462407"
"n0qto45klcqmohsjqyh","What challenges do you face with financial transactions","mvjhkrcv11mohsjqzg","Some services just don't integrate well","1777330261852"
"n0qto45klcqmohsjqyh","What challenges do you face with financial transactions","rxhe9dw34dnmohsjqzg","Never had a problem, it's pretty smooth","1777330261852"
"n0qto45klcqmohsjqyh","What challenges do you face with financial transactions","zhzhdgap1lmohsjqzg","My bank always causes issues with payments","1777330261852"
"5qd1tm9bw4mohnmaau","what makes u decide to avoid a business","1f8im8fkhg3imohnmaby","i just care about good service and products","1777321982158"
"5qd1tm9bw4mohnmaau","what makes u decide to avoid a business","3q6r2awz8cemohnmaby","sometimes u just gotta give places a chance","1777321982158"
"5qd1tm9bw4mohnmaau","what makes u decide to avoid a business","x91s7r1eebmohnmaby","bad vibes from the owner rly turn me off","1777321982158"
"5qd1tm9bw4mohnmaau","what makes u decide to avoid a business","6diwi3aqnl4mohqh3l9","How clean the place is","1777326778989"
"9vmi6mps2vhmohlii2a","What do you think about smaller product sizes?","479ztx2tnammohlii3n","Smaller sizes help reduce my household waste","1777318446371"
"9vmi6mps2vhmohlii2a","What do you think about smaller product sizes?","g0wr5o5bjfpmohlii3n","Shrinkflation often feels like a dishonest price hike","1777318446371"
"9vmi6mps2vhmohlii2a","What do you think about smaller product sizes?","danbb25e0d7mohlii3o","It's frustrating when you get less for same price","1777318446372"
"2glso1ga8ivmohd81vq","What kinds of story tropes detract from your enjoyment","uxm6k9znm1dmohd81x2","I find them predictable and unoriginal in most cases","1777304521910"
"2glso1ga8ivmohd81vq","What kinds of story tropes detract from your enjoyment","wc5y8rrt7qnmohd81x2","Love triangles often create unnecessary, frustrating drama","1777304521910"
"2glso1ga8ivmohd81vq","What kinds of story tropes detract from your enjoyment","wx9okbw03kmmohd81x2","They can add exciting tension and character development","1777304521910"
"0m6j3109310hmoh5z041","What do you consider when thinking about immigration policy","jtt4ptdxinhmoh5z05o","Fairness means helping those truly in need","1777292342412"
"0m6j3109310hmoh5z041","What do you consider when thinking about immigration policy","ju0b9s03drrmoh5z05o","It's about controlling who comes in","1777292342412"
"0m6j3109310hmoh5z041","What do you consider when thinking about immigration policy","4vhpkfirssdmoh5z05p","Economic benefits are the main priority","1777292342413"
"n78og4puptrmoh3v4bl","What shapes your view on international tech company mergers","e8y73oarzy5moh3v4cr","Innovation suffers when market access is restricted","1777288801995"
"n78og4puptrmoh3v4bl","What shapes your view on international tech company mergers","iutuk3xrafmoh3v4cr","National security absolutely takes precedence over business deals","1777288801995"
"n78og4puptrmoh3v4bl","What shapes your view on international tech company mergers","vu764l1hie9moh3v4cr","Competition is stifled when governments intervene like this","1777288801995"
"6rtjla0dyl7mognojvo","What are your habits for keeping things clean","4b3vd57zs6amognojwr","Never even considered cleaning them","1777261621707"
"6rtjla0dyl7mognojvo","What are your habits for keeping things clean","rz0msw7ptr9mognojwr","Always clean them with alcohol wipes","1777261621707"
"6rtjla0dyl7mognojvo","What are your habits for keeping things clean","wdx42ufz04mognojwr","Too much trouble not worth the effort","1777261621707"
"0wffgknd5gnrmogkytvu","What are your favorite make-ahead frozen food items","5jgfz4b2jqmogkytwo","Pre-portioned smoothies are a game changer","1777257062376"
"0wffgknd5gnrmogkytvu","What are your favorite make-ahead frozen food items","e0eus7trkqmogkytwo","Always have frozen cookie dough ready","1777257062376"
"0wffgknd5gnrmogkytvu","What are your favorite make-ahead frozen food items","d50z2fjg54omogkytwp","Freezing leftovers saves so much time","1777257062377"
"5f8fxz0j1mjmog8cvfp","What do you make of jealousy in relationships","ui417wozonjmog8cvgt","It reveals insecurity, not love or care","1777235882573"
"5f8fxz0j1mjmog8cvfp","What do you make of jealousy in relationships","kcyoitekpf9mog8cvgu","It's a natural emotion, can be managed","1777235882574"
"5f8fxz0j1mjmog8cvfp","What do you make of jealousy in relationships","qezslvagi9mog8cvgu","Jealousy shows passion and how much one cares","1777235882574"
"jynv907mnxpmog2zz0n","What makes a fishing spot feel special to you","3hpmekzs7m6mog2zz1y","Love the challenge of a heavily fished spot","1777226882614"
"jynv907mnxpmog2zz0n","What makes a fishing spot feel special to you","p5mcw8cr51rmog2zz1y","Hidden gems are best, keeps them pristine","1777226882614"
"jynv907mnxpmog2zz0n","What makes a fishing spot feel special to you","u03uj7k3uxkmog2zz1z","Accessibility and peaceful surroundings are key","1777226882615"
"8o25ru63xb9mog018bg","What do you do about nuisance wildlife?","qhhqby6cb9hmog018cd","Call professionals, they handle it humanely","1777221902461"
"8o25ru63xb9mog018bg","What do you do about nuisance wildlife?","rahn4qcytrmog018cd","Leave them alone, they'll move on naturally","1777221902461"
"8o25ru63xb9mog018bg","What do you do about nuisance wildlife?","gvbchdwfsbmog018ce","Nature finds a way without interference","1777221902462"
"xfb22bhwwimofzj97v","What do you think about preserving old public transit systems","uv3z7zw4dkmofzj992","New tech offers better, faster, more efficient solutions","1777221063830"
"xfb22bhwwimofzj97v","What do you think about preserving old public transit systems","jf3psppzdkmofzj993","Modernization is key for growth and accessibility","1777221063831"
"xfb22bhwwimofzj97v","What do you think about preserving old public transit systems","maxeq0xroqmofzj993","History and charm are important for community identity","1777221063831"
"uwqvo2pngmimofw51ub","What surprising animal behaviors have you learned about","jd5gqxpcbv9mofw51vd","Animals can be just as brutal as humans","1777215362233"
"uwqvo2pngmimofw51ub","What surprising animal behaviors have you learned about","rbztr6scvlmofw51vd","It's shocking how complex animal societies are","1777215362233"
"uwqvo2pngmimofw51ub","What surprising animal behaviors have you learned about","7y8txkrsebkmofw51ve","Always wonder what drives their conflicts","1777215362234"
"8u1f5r2amt4moff2bsi","What makes a meal feel convenient and satisfying","vzjty5y2m2moff2bud","sometimes you just need to grab and go","1777186681717"
"8u1f5r2amt4moff2bsi","What makes a meal feel convenient and satisfying","a47c6yb31cwmoff2bue","flexibility is key for my chaotic life","1777186681718"
"8u1f5r2amt4moff2bsi","What makes a meal feel convenient and satisfying","sidmso7g3agmoff2bue","i like a little ceremony with my food","1777186681718"
"ldzbkbodjomofegkoc","How do you find ways to make money","djj54e48oekmofegkpl","Work hard for everything I get","1777185666777"
"ldzbkbodjomofegkoc","How do you find ways to make money","yaa76687y2omofegkpl","Always look for opportunities, stay ready","1777185666777"
"ldzbkbodjomofegkoc","How do you find ways to make money","yhgf1zgnexbmofegkpl","Online stuff easy money, no real effort","1777185666777"
"c1bq22rvy4pmof5x41i","How do you view sex work and its regulation","dipp689su8imof5x43b","Full decriminalization protects workers better","1777171321847"
"c1bq22rvy4pmof5x41i","How do you view sex work and its regulation","0z85ru4iq22mof5x43c","Regulation is crucial for safety and dignity","1777171321848"
"c1bq22rvy4pmof5x41i","How do you view sex work and its regulation","ucc8zbc2xtmof5x43c","It creates unsafe environments and exploitation","1777171321848"
"sv6swsdwx3amoevt6cf","What do you think about art with a hidden agenda","srgnz4wascmoevt6e2","Subtle messaging makes it more impactful","1777154342042"
"sv6swsdwx3amoevt6cf","What do you think about art with a hidden agenda","h7n0nuek07qmoevt6e3","It's manipulative, not truly artistic","1777154342043"
"sv6swsdwx3amoevt6cf","What do you think about art with a hidden agenda","tkjfdletkomoevt6e3","Art should simply be enjoyed for what it is","1777154342043"
"jj0s2v5wyxgmoes3g1q","What hygiene habits do you find difficult to maintain consistently","el9x9s49pl9moes3g42","My routine changes with my schedule","1777148102738"
"jj0s2v5wyxgmoes3g1q","What hygiene habits do you find difficult to maintain consistently","1hdsy05r63zmoes3g43","Consistency is key for good hygiene","1777148102739"
"jj0s2v5wyxgmoes3g1q","What hygiene habits do you find difficult to maintain consistently","ea03isaaogmoes3g43","Flossing is a habit I always skip","1777148102739"
"j3f1tioda7cmoemzh8y","Should our city invest more in public transportation?","n5hx8dwi78moemzha0","Investing in bike lanes would be more cost-effective than buses or trains","1777139519544"
"j3f1tioda7cmoemzh8y","Should our city invest more in public transportation?","szr7mrp12pnmoemzha0","The cost of expanding public transit is too high for our city's budget","1777139519544"
"j3f1tioda7cmoemzh8y","Should our city invest more in public transportation?","vi4nayh55ilmoen8ytu","test2","1777139962194"
"vbc0y7rhayimoem4ok7","What's something you've learned from a behind-the-scenes fact","jn7argiqz1moem4olj","It's cool how much effort goes into details","1777138082695"
"vbc0y7rhayimoem4ok7","What's something you've learned from a behind-the-scenes fact","i842e6en5m9moem4olk","Love seeing the creative solutions they come up with","1777138082696"
"vbc0y7rhayimoem4ok7","What's something you've learned from a behind-the-scenes fact","xo9wu7hgz4smoem4olk","Learning the tricks makes everything less magical","1777138082696"
"bb0aw45paomoeldo5i","what makes a gaming peripheral feel innovative or groundbreaking","4oeq0d4cszmoeldo7c","sometimes weird ideas spark future innovation","1777136822472"
"bb0aw45paomoeldo5i","what makes a gaming peripheral feel innovative or groundbreaking","8zbh71hdi9tmoeldo7c","i prefer classic, reliable controllers","1777136822472"
"bb0aw45paomoeldo5i","what makes a gaming peripheral feel innovative or groundbreaking","r6koab8bvxmoeldo7c","gimmicky designs often fail quickly lol","1777136822472"
"xyofrnq393moec4ld4","What factors influence your energy consumption choices for technology","505re9iqk8moec4lem","Convenience often outweighs minor energy savings","1777121282398"
"xyofrnq393moec4ld4","What factors influence your energy consumption choices for technology","94u1gihihtnmoec4lem","Prioritize efficiency, less power needed is always better","1777121282398"
"xyofrnq393moec4ld4","What factors influence your energy consumption choices for technology","dv3im0emfymoec4len","Sustainability matters most, even small differences add up","1777121282399"
"xiczymqoz6kmodr4g0c","What shapes your experience of online content?","r7s4m1vzrzgmodr4g2d","I prefer seeing what everyone talks about","1777086003541"
"xiczymqoz6kmodr4g0c","What shapes your experience of online content?","jtzecytakimmodr4g2e","Curated feeds help me discover new things","1777086003542"
"xiczymqoz6kmodr4g0c","What shapes your experience of online content?","l07sd6m9jormodr4g2e","Too much noise without some filtering","1777086003542"
"loj5fvq9o9cmodoeog7","what's your take on big tech deals with government","0hgkpx2razcmodoeonb","totally fine if it actually helps people","1777081442375"
"loj5fvq9o9cmodoeog7","what's your take on big tech deals with government","zushx0ur5j8modoeonb","cool cool cool probably fine right","1777081442375"
"loj5fvq9o9cmodoeog7","what's your take on big tech deals with government","lxo2op5y839modoeonc","just another way to track everything","1777081442376"
"7o84qvka67fmod8uwla","What are some hidden gem lunch spots in Rosslyn?","43n5i0qo7ynmod8uwmq","Upside on Moore (1700 N Moore)","1777055325362"
"7o84qvka67fmod8uwla","What are some hidden gem lunch spots in Rosslyn?","itukqs6l8hdmod8uwmq","Open Kitchen is delicious and spacious (Arlington Tower)","1777055325362"
"7o84qvka67fmod8uwla","What are some hidden gem lunch spots in Rosslyn?","yn1c8shfudmod8uwmq","Locket (1900 Ft Meyer)","1777055325362"
"pc6dvb3iwbmod51ngg","How often do you clean your bathroom","6n7lca97wl2mod51njt","When it looks dirty, it gets cleaned","1777048921721"
"pc6dvb3iwbmod51ngg","How often do you clean your bathroom","4g4xn00bcnpmod51nju","Only when company is coming over","1777048921722"
"pc6dvb3iwbmod51ngg","How often do you clean your bathroom","n6har0rd2ibmod51nju","Every other week, usually deep clean","1777048921722"
"pc6dvb3iwbmod51ngg","How often do you clean your bathroom","g0vlzmk9d4emod9r4b9","Probably once a month at best","1777056828309"
"wtgywzbelnmod4id6j","What do you appreciate about local wildlife?","7gk31368h8jmod4id8n","Love seeing birds thrive in their natural habitat","1777048021895"
"wtgywzbelnmod4id6j","What do you appreciate about local wildlife?","0946v0c9tv3kmod4id8o","Important to protect these beautiful creatures","1777048021896"
"wtgywzbelnmod4id6j","What do you appreciate about local wildlife?","qlp7wz19g4mod4id8o","Never really notice them, too busy","1777048021896"
"fksripew6vimocyncyw","Scalability test room","hrmyaoizjhpmocyndpg","Noise ordinances should be stricter in residential zones","1777038185569"
"fksripew6vimocyncyw","Scalability test room","ymwt7s753yemocyndph","Affordable housing quotas should apply to all new developments","1777038191245"
"fksripew6vimocyncyw","Scalability test room","n9wbepumm7smocyndph","Solar panels should be required on all new construction","1777038196508"
"fksripew6vimocyncyw","Scalability test room","tj7a37m5clmmocyndph","Solar panels should be required on all new construction","1777038200042"
"fksripew6vimocyncyw","Scalability test room","ou1m2ysw7rmocyndpg","Trees on residential streets should be protected by law","1777038208005"
"fksripew6vimocyncyw","Scalability test room","i8t7rph3eabmocyndph","Local businesses deserve priority over national chains","1777038211631"
"fksripew6vimocyncyw","Scalability test room","f3jrnyn5ljimocyndph","Mixed-use zoning makes neighborhoods more livable","1777038212394"
"fksripew6vimocyncyw","Scalability test room","0m2x18tokdfmocyndpg","Rent control protects long-term residents from displacement","1777038214129"
"fksripew6vimocyncyw","Scalability test room","53zoz9ljx38mocyndph","Street parking fees should fund public transportation","1777038214655"
"fksripew6vimocyncyw","Scalability test room","4et2f6n7jgtmocyndpg","Green spaces improve mental health in urban environments","1777038223040"
"fksripew6vimocyncyw","Scalability test room","vijo8zfil3mocyndph","Urban density reduces per-capita carbon footprint","1777038231228"
"fksripew6vimocyncyw","Scalability test room","0iahd8bgt0nnmocyndph","Electric vehicle charging should be publicly funded","1777038233357"
"fksripew6vimocyncyw","Scalability test room","5fx96vbqd5gmocyndpg","Electric vehicle charging should be publicly funded","1777038233820"
"fksripew6vimocyncyw","Scalability test room","2l12sa9n8k8mocyndph","Remote work has permanently changed how we use office space","1777038235211"
"fksripew6vimocyncyw","Scalability test room","8u0wdnxmnzvmocyndpg","Solar panels should be required on all new construction","1777038236504"
"fksripew6vimocyncyw","Scalability test room","xm86cdcmyxmocyndph","Rent control protects long-term residents from displacement","1777038237508"
"fksripew6vimocyncyw","Scalability test room","nm6lyi2gmmpmocyndph","Food trucks add vibrancy to urban commercial corridors","1777038259457"
"fksripew6vimocyncyw","Scalability test room","e99t3qy00ukmocyndph","Affordable housing quotas should apply to all new developments","1777038268226"
"fksripew6vimocyncyw","Scalability test room","38jtdv5c7lfmocyndph","Pedestrian-first street design reduces traffic accidents","1777038277030"
"fksripew6vimocyncyw","Scalability test room","j0fin24dngjmocyndph","Pedestrian-first street design reduces traffic accidents","1777038290891"
"fksripew6vimocyncyw","Scalability test room","7i7mz09octmocyndpg","Farmers markets support local food systems","1777038297563"
"fksripew6vimocyncyw","Scalability test room","a8un82hevjmocyndph","Public libraries are essential community infrastructure","1777038298788"
"fksripew6vimocyncyw","Scalability test room","5yuaglu5wu9mocyndph","The city should invest more in public transit infrastructure","1777038303085"
"fksripew6vimocyncyw","Scalability test room","l35xxnustzmocyndpg","Mixed-use zoning makes neighborhoods more livable","1777038307556"
"fksripew6vimocyncyw","Scalability test room","huo3gevmc6mocyndph","Street parking fees should fund public transportation","1777038314293"
"fksripew6vimocyncyw","Scalability test room","acq9fg6v3ppmocyndpg","Rent control protects long-term residents from displacement","1777038314689"
"fksripew6vimocyncyw","Scalability test room","nbob2cecc2mocyndpg","Urban density reduces per-capita carbon footprint","1777038315224"
"fksripew6vimocyncyw","Scalability test room","hviikz11x0imocyndph","Trees on residential streets should be protected by law","1777038316104"
"fksripew6vimocyncyw","Scalability test room","e0y45jaxumocyndpg","Local businesses deserve priority over national chains","1777038323054"
"fksripew6vimocyncyw","Scalability test room","9lohmtyxcdlmocyndpg","Historic preservation limits necessary urban growth","1777038333348"
"fksripew6vimocyncyw","Scalability test room","3mvm2g1k5okmocyndpg","Green spaces improve mental health in urban environments","1777038335412"
"fksripew6vimocyncyw","Scalability test room","bw771p32aw8mocyndpg","Food trucks add vibrancy to urban commercial corridors","1777038340744"
"fksripew6vimocyncyw","Scalability test room","sl9o6abqwhmocyndph","The city should invest more in public transit infrastructure","1777038347125"
"fksripew6vimocyncyw","Scalability test room","7a9ia7ldf1tmocyndph","Farmers markets support local food systems","1777038350316"
"fksripew6vimocyncyw","Scalability test room","5uzonbernmomocyndph","Electric vehicle charging should be publicly funded","1777038356630"
"fksripew6vimocyncyw","Scalability test room","n90c91hc2dfmocyndpg","Public libraries are essential community infrastructure","1777038363245"
"fksripew6vimocyncyw","Scalability test room","mfmngq5udlmocyndpg","Affordable housing quotas should apply to all new developments","1777038365877"
"fksripew6vimocyncyw","Scalability test room","qvcwhneu3bmocyndph","Solar panels should be required on all new construction","1777038366281"
"fksripew6vimocyncyw","Scalability test room","vqzvyj112rmmocyndpg","The city should invest more in public transit infrastructure","1777038367745"
"fksripew6vimocyncyw","Scalability test room","59ksd4ucflhmocyndph","Electric vehicle charging should be publicly funded","1777038368381"
"fksripew6vimocyncyw","Scalability test room","s3ysaoy5ndmmocyndph","Local businesses deserve priority over national chains","1777038377576"
"fksripew6vimocyncyw","Scalability test room","m054t7my0qgmocyndpg","Historic preservation limits necessary urban growth","1777038389152"
"fksripew6vimocyncyw","Scalability test room","g8qhdr2thuomocyndpg","The city should invest more in public transit infrastructure","1777038392107"
"fksripew6vimocyncyw","Scalability test room","smzmwbwpr1lmocyndph","The city should invest more in public transit infrastructure","1777038395571"
"fksripew6vimocyncyw","Scalability test room","32dgvizayhjmocyndph","Trees on residential streets should be protected by law","1777038395620"
"fksripew6vimocyncyw","Scalability test room","dshp5z0dircmocyndpg","Pedestrian-first street design reduces traffic accidents","1777038397099"
"fksripew6vimocyncyw","Scalability test room","6d9qx88fhplmocyndph","Trees on residential streets should be protected by law","1777038404574"
"fksripew6vimocyncyw","Scalability test room","xmnamj7vhkmocyndpg","Rent control protects long-term residents from displacement","1777038408044"
"fksripew6vimocyncyw","Scalability test room","iv047hb3anmocyndph","Mixed-use zoning makes neighborhoods more livable","1777038416010"
"fksripew6vimocyncyw","Scalability test room","hpeokgz9daomocyndph","Mixed-use zoning makes neighborhoods more livable","1777038421747"
"fksripew6vimocyncyw","Scalability test room","qncjedxsx6mmocyndpg","Street parking fees should fund public transportation","1777038425314"
"fksripew6vimocyncyw","Scalability test room","sjn272sictmocyndpg","Community gardens strengthen neighborhood social bonds","1777038428865"
"fksripew6vimocyncyw","Scalability test room","46wrowdelyxmocyndpg","Mixed-use zoning makes neighborhoods more livable","1777038436442"
"fksripew6vimocyncyw","Scalability test room","unn6ylu3f9nmocyndpg","Pedestrian-first street design reduces traffic accidents","1777038437372"
"fksripew6vimocyncyw","Scalability test room","yernfq03zapmocyndpg","Community gardens strengthen neighborhood social bonds","1777038438058"
"fksripew6vimocyncyw","Scalability test room","iau0bk6k3rmocyndph","Farmers markets support local food systems","1777038440970"
"fksripew6vimocyncyw","Scalability test room","ig93212f4kmocyndph","Public libraries are essential community infrastructure","1777038441507"
"fksripew6vimocyncyw","Scalability test room","8zc3id1hzmamocyndph","Historic preservation limits necessary urban growth","1777038448954"
"fksripew6vimocyncyw","Scalability test room","nvcy20igwlmocyndpg","Food trucks add vibrancy to urban commercial corridors","1777038449381"
"fksripew6vimocyncyw","Scalability test room","hy9sizi5fplmocyndpg","Mixed-use zoning makes neighborhoods more livable","1777038451744"
"fksripew6vimocyncyw","Scalability test room","xrybtlu92zbmocyndpg","Remote work has permanently changed how we use office space","1777038452124"
"fksripew6vimocyncyw","Scalability test room","om9qcemipafmocyndph","Rent control protects long-term residents from displacement","1777038453358"
"fksripew6vimocyncyw","Scalability test room","c66dc5se4l8mocyndph","Farmers markets support local food systems","1777038453868"
"fksripew6vimocyncyw","Scalability test room","xvqk2gnrdapmocyndpg","Local businesses deserve priority over national chains","1777038455063"
"fksripew6vimocyncyw","Scalability test room","0i1es6z3728nmocyndph","Trees on residential streets should be protected by law","1777038457947"
"fksripew6vimocyncyw","Scalability test room","f1bj6de8uf7mocyndpg","Green spaces improve mental health in urban environments","1777038458376"
"fksripew6vimocyncyw","Scalability test room","3ux9tkjtfsymocyndpg","Urban density reduces per-capita carbon footprint","1777038459271"
"fksripew6vimocyncyw","Scalability test room","ygvo9pbzygjmocyndph","Green spaces improve mental health in urban environments","1777038463602"
"fksripew6vimocyncyw","Scalability test room","yjgg5he3ghmocyndpg","Mixed-use zoning makes neighborhoods more livable","1777038463655"
"fksripew6vimocyncyw","Scalability test room","gymovfqq44imocyndph","Noise ordinances should be stricter in residential zones","1777038473384"
"fksripew6vimocyncyw","Scalability test room","fdiffyz3mnfmocyndpg","Food trucks add vibrancy to urban commercial corridors","1777038474751"
"fksripew6vimocyncyw","Scalability test room","ktvy17do6ommocyndpg","Bike lanes should replace parking on main streets","1777038488482"
"fksripew6vimocyncyw","Scalability test room","ulnwo0d2qhcmocyndpg","Affordable housing quotas should apply to all new developments","1777038488827"
"fksripew6vimocyncyw","Scalability test room","zys014j5qtmocyndpg","Electric vehicle charging should be publicly funded","1777038489655"
"fksripew6vimocyncyw","Scalability test room","p15zqv4g3agmocyndpg","Remote work has permanently changed how we use office space","1777038492140"
"fksripew6vimocyncyw","Scalability test room","p7eyjlh63xrmocyndph","Street parking fees should fund public transportation","1777038496746"
"fksripew6vimocyncyw","Scalability test room","dtnqzh6ze5mocyndph","Trees on residential streets should be protected by law","1777038498720"
"fksripew6vimocyncyw","Scalability test room","l6pbh1lnqomocyndpg","Mixed-use zoning makes neighborhoods more livable","1777038499439"
"fksripew6vimocyncyw","Scalability test room","5ym8zxkw4twmocyndpg","Mixed-use zoning makes neighborhoods more livable","1777038505254"
"fksripew6vimocyncyw","Scalability test room","kttumpugbdemocyndpg","Rent control protects long-term residents from displacement","1777038509349"
"fksripew6vimocyncyw","Scalability test room","ddktxvfo8ztmocyndpg","Street parking fees should fund public transportation","1777038510203"
"fksripew6vimocyncyw","Scalability test room","isio0z3mitimocyndpg","Local businesses deserve priority over national chains","1777038511628"
"fksripew6vimocyncyw","Scalability test room","zmz8wf1zqdmocyndph","The city should invest more in public transit infrastructure","1777038511930"
"fksripew6vimocyncyw","Scalability test room","6e5dd68jx36mocyndph","Food trucks add vibrancy to urban commercial corridors","1777038512752"
"fksripew6vimocyncyw","Scalability test room","91vkogqfu8mocyndph","Pedestrian-first street design reduces traffic accidents","1777038513232"
"fksripew6vimocyncyw","Scalability test room","5g4m7a4g81smocyndpg","Solar panels should be required on all new construction","1777038520963"
"fksripew6vimocyncyw","Scalability test room","6ufogwwvjxemocyndpg","Bike lanes should replace parking on main streets","1777038551977"
"fksripew6vimocyncyw","Scalability test room","8bu4p494g3fmocyndph","Electric vehicle charging should be publicly funded","1777038552364"
"fksripew6vimocyncyw","Scalability test room","2kfkvv5g8hlmocyndpg","Green spaces improve mental health in urban environments","1777038552658"
"fksripew6vimocyncyw","Scalability test room","26k33bfrf7pmocyndph","Historic preservation limits necessary urban growth","1777038552970"
"fksripew6vimocyncyw","Scalability test room","0iu9er353g1mmocyndph","Urban density reduces per-capita carbon footprint","1777038553847"
"fksripew6vimocyncyw","Scalability test room","nebk6u23uvmocyndpg","Noise ordinances should be stricter in residential zones","1777038554029"
"fksripew6vimocyncyw","Scalability test room","mnrzda16338mocyndph","Rent control protects long-term residents from displacement","1777038554328"
"fksripew6vimocyncyw","Scalability test room","as23gngkfkmocyndph","Historic preservation limits necessary urban growth","1777038555660"
"fksripew6vimocyncyw","Scalability test room","smc9bfd94pomocyndpg","Pedestrian-first street design reduces traffic accidents","1777038560307"
"fksripew6vimocyncyw","Scalability test room","4r8s5tkrc5imocyndpg","Food trucks add vibrancy to urban commercial corridors","1777038561084"
"fksripew6vimocyncyw","Scalability test room","1nompq51t4zmocyndph","Green spaces improve mental health in urban environments","1777038563014"
"fksripew6vimocyncyw","Scalability test room","11rkvayvczqbmocyndpg","Public libraries are essential community infrastructure","1777038568877"
"fksripew6vimocyncyw","Scalability test room","bojkr2j4t17mocyndpg","Remote work has permanently changed how we use office space","1777038572361"
"fksripew6vimocyncyw","Scalability test room","puashwm8t7smocyndpg","Mixed-use zoning makes neighborhoods more livable","1777038574606"
"fksripew6vimocyncyw","Scalability test room","uutlq1c7tghmocyndpg","Food trucks add vibrancy to urban commercial corridors","1777038580991"
"fksripew6vimocyncyw","Scalability test room","n8fswd4lpommocyndpg","Public libraries are essential community infrastructure","1777038581668"
"fksripew6vimocyncyw","Scalability test room","ijpjd2vpz1mmocyndph","Pedestrian-first street design reduces traffic accidents","1777038582955"
"fksripew6vimocyncyw","Scalability test room","2mlas1gw6l4mocyndph","Bike lanes should replace parking on main streets","1777038586362"
"fksripew6vimocyncyw","Scalability test room","5jwgudyeua3mocyndpg","Solar panels should be required on all new construction","1777038586770"
"fksripew6vimocyncyw","Scalability test room","660czaphhhbmocyndph","Noise ordinances should be stricter in residential zones","1777038590755"
"fksripew6vimocyncyw","Scalability test room","fs3plwvg67qmocyndph","Solar panels should be required on all new construction","1777038591570"
"fksripew6vimocyncyw","Scalability test room","0tjssi1k6f9rmocyndpg","Community gardens strengthen neighborhood social bonds","1777038596121"
"fksripew6vimocyncyw","Scalability test room","1svkabzy9qmocyndph","Public libraries are essential community infrastructure","1777038597000"
"fksripew6vimocyncyw","Scalability test room","1adk47k1ltiimocyndph","Green spaces improve mental health in urban environments","1777038600658"
"fksripew6vimocyncyw","Scalability test room","r8ohfwgfr4mocyndpg","Urban density reduces per-capita carbon footprint","1777038607293"
"fksripew6vimocyncyw","Scalability test room","w4oiezqk5kimocyndph","Green spaces improve mental health in urban environments","1777038609541"
"fksripew6vimocyncyw","Scalability test room","q688nqpd6kmocyndph","Farmers markets support local food systems","1777038611663"
"fksripew6vimocyncyw","Scalability test room","82dxn0kfyv6mocyndph","Green spaces improve mental health in urban environments","1777038614089"
"fksripew6vimocyncyw","Scalability test room","61hc1jbgmfvmocyndph","Rent control protects long-term residents from displacement","1777038615332"
"fksripew6vimocyncyw","Scalability test room","24vntufn64amocyndph","The city should invest more in public transit infrastructure","1777038620180"
"fksripew6vimocyncyw","Scalability test room","6wgxctdt37mocyndph","Rent control protects long-term residents from displacement","1777038621011"
"fksripew6vimocyncyw","Scalability test room","2wzvrdoll13mocyndpi","Food trucks add vibrancy to urban commercial corridors","1777038621579"
"fksripew6vimocyncyw","Scalability test room","ge8nme91w7mocyndph","Historic preservation limits necessary urban growth","1777038625109"
"fksripew6vimocyncyw","Scalability test room","d7yeoyh4snamocyndph","Noise ordinances should be stricter in residential zones","1777038629839"
"fksripew6vimocyncyw","Scalability test room","qc80znue8n8mocyndpg","Historic preservation limits necessary urban growth","1777038636091"
"fksripew6vimocyncyw","Scalability test room","006h46cyhlvxgmocyndpg","Remote work has permanently changed how we use office space","1777038636720"
"fksripew6vimocyncyw","Scalability test room","xwyjtxtdsfsmocyndph","Mixed-use zoning makes neighborhoods more livable","1777038636977"
"fksripew6vimocyncyw","Scalability test room","ux0fd7dl8kmocyndpg","Historic preservation limits necessary urban growth","1777038637168"
"fksripew6vimocyncyw","Scalability test room","ly9pysnj2ybmocyndph","Trees on residential streets should be protected by law","1777038638301"
"fksripew6vimocyncyw","Scalability test room","5ieh3e8c1ajmocyndpg","Noise ordinances should be stricter in residential zones","1777038647512"
"fksripew6vimocyncyw","Scalability test room","mm0vli9vfxrmocyndph","Street parking fees should fund public transportation","1777038650564"
"fksripew6vimocyncyw","Scalability test room","2v0vhiwgeqrmocyndph","Rent control protects long-term residents from displacement","1777038652208"
"fksripew6vimocyncyw","Scalability test room","5kied2uzxikmocyndph","Affordable housing quotas should apply to all new developments","1777038655768"
"fksripew6vimocyncyw","Scalability test room","pt0xlzcyaqlmocyndph","Affordable housing quotas should apply to all new developments","1777038656812"
"fksripew6vimocyncyw","Scalability test room","75xpe94akommocyndpg","Mixed-use zoning makes neighborhoods more livable","1777038657517"
"fksripew6vimocyncyw","Scalability test room","5ea7k9gffi6mocyndph","Affordable housing quotas should apply to all new developments","1777038657559"
"fksripew6vimocyncyw","Scalability test room","gnsi1fkffx4mocyndpg","Trees on residential streets should be protected by law","1777038659007"
"fksripew6vimocyncyw","Scalability test room","9gz86m8d2lkmocyndph","Green spaces improve mental health in urban environments","1777038661205"
"fksripew6vimocyncyw","Scalability test room","88r965s62bgmocyndpg","Solar panels should be required on all new construction","1777038668150"
"fksripew6vimocyncyw","Scalability test room","m8oz69p8lipmocyndpg","Community gardens strengthen neighborhood social bonds","1777038672130"
"fksripew6vimocyncyw","Scalability test room","bwby18a4aqcmocyndpg","Affordable housing quotas should apply to all new developments","1777038682123"
"fksripew6vimocyncyw","Scalability test room","598bj2x7jffmocyndph","Solar panels should be required on all new construction","1777038682269"
"fksripew6vimocyncyw","Scalability test room","o2vcj91qb3bmocyndph","Affordable housing quotas should apply to all new developments","1777038683481"
"fksripew6vimocyncyw","Scalability test room","pkx87yip14lmocyndpg","Green spaces improve mental health in urban environments","1777038685082"
"fksripew6vimocyncyw","Scalability test room","vkq8l1tqsabmocyndpg","Solar panels should be required on all new construction","1777038693422"
"fksripew6vimocyncyw","Scalability test room","yyb8ncwnwumocyndpg","Local businesses deserve priority over national chains","1777038696260"
"fksripew6vimocyncyw","Scalability test room","cn1hrru9yumocyndph","Mixed-use zoning makes neighborhoods more livable","1777038696484"
"fksripew6vimocyncyw","Scalability test room","7nul0078facmocyndph","Local businesses deserve priority over national chains","1777038708203"
"fksripew6vimocyncyw","Scalability test room","0d53fdoimmg7mocyndph","Rent control protects long-term residents from displacement","1777038712895"
"fksripew6vimocyncyw","Scalability test room","kleb0k4cxzmocyndpg","Food trucks add vibrancy to urban commercial corridors","1777038715319"
"fksripew6vimocyncyw","Scalability test room","gn0vx5cl1xmocyndpg","Noise ordinances should be stricter in residential zones","1777038719455"
"fksripew6vimocyncyw","Scalability test room","v0xuj2r3izmocyndph","The city should invest more in public transit infrastructure","1777038724908"
"fksripew6vimocyncyw","Scalability test room","mmurkn5x6ppmocyndpg","Noise ordinances should be stricter in residential zones","1777038730559"
"fksripew6vimocyncyw","Scalability test room","rkvbpz9w9jimocyndph","Remote work has permanently changed how we use office space","1777038737265"
"fksripew6vimocyncyw","Scalability test room","glo4twtuprlmocyndpg","Remote work has permanently changed how we use office space","1777038739287"
"fksripew6vimocyncyw","Scalability test room","h7nys5v8ivsmocyndpg","Affordable housing quotas should apply to all new developments","1777038739383"
"fksripew6vimocyncyw","Scalability test room","ccyberqewvhmocyndpg","Electric vehicle charging should be publicly funded","1777038739433"
"fksripew6vimocyncyw","Scalability test room","69bxs9i295amocyndph","Electric vehicle charging should be publicly funded","1777038741728"
"fksripew6vimocyncyw","Scalability test room","rulut9qnhpmocyndph","Street parking fees should fund public transportation","1777038747476"
"fksripew6vimocyncyw","Scalability test room","cbgnkoe5myomocyndph","Urban density reduces per-capita carbon footprint","1777038750236"
"fksripew6vimocyncyw","Scalability test room","fm74jbj0s27mocyndpg","Green spaces improve mental health in urban environments","1777038752997"
"fksripew6vimocyncyw","Scalability test room","rlchrknie2mocyndpg","Electric vehicle charging should be publicly funded","1777038758049"
"fksripew6vimocyncyw","Scalability test room","lwzub9pd9qgmocyndpg","Community gardens strengthen neighborhood social bonds","1777038767412"
"fksripew6vimocyncyw","Scalability test room","pemlgmysgcmocyndph","Solar panels should be required on all new construction","1777038769120"
"fksripew6vimocyncyw","Scalability test room","3xalv4q7kdtmocyndph","Street parking fees should fund public transportation","1777038770600"
"fksripew6vimocyncyw","Scalability test room","u15r3qi38mmocyndph","Urban density reduces per-capita carbon footprint","1777038771988"
"fksripew6vimocyncyw","Scalability test room","v6rdrqqkr4rmocyndpg","Local businesses deserve priority over national chains","1777038773850"
"fksripew6vimocyncyw","Scalability test room","zqk7oue76ljmocyndph","Street parking fees should fund public transportation","1777038776584"
"fksripew6vimocyncyw","Scalability test room","7wb3bdqbhgnmocyndpg","Rent control protects long-term residents from displacement","1777038776858"
"fksripew6vimocyncyw","Scalability test room","japjj1j21lmocyndpg","Pedestrian-first street design reduces traffic accidents","1777038780295"
"fksripew6vimocyncyw","Scalability test room","ia0r3suvl1mocyndpg","Historic preservation limits necessary urban growth","1777038784375"
"fksripew6vimocyncyw","Scalability test room","8n41a5fdeskmocyndpg","Food trucks add vibrancy to urban commercial corridors","1777038788667"
"fksripew6vimocyncyw","Scalability test room","saxlmq4w0yqmocyndpg","Solar panels should be required on all new construction","1777038794722"
"fksripew6vimocyncyw","Scalability test room","ymt1y625dyrmocyndpg","Rent control protects long-term residents from displacement","1777038800237"
"fksripew6vimocyncyw","Scalability test room","i7svdn1tu8mocyndpg","Urban density reduces per-capita carbon footprint","1777038806321"
"fksripew6vimocyncyw","Scalability test room","ms2bsoa7jaqmocyndpg","Solar panels should be required on all new construction","1777038807858"
"fksripew6vimocyncyw","Scalability test room","qzheqffgb8mocyndpg","Affordable housing quotas should apply to all new developments","1777038817591"
"fksripew6vimocyncyw","Scalability test room","c2wvkzam5eemocyndph","Community gardens strengthen neighborhood social bonds","1777038821497"
"fksripew6vimocyncyw","Scalability test room","xrkqn6yhm89mocyndph","Solar panels should be required on all new construction","1777038826913"
"fksripew6vimocyncyw","Scalability test room","aoaord472jdmocyndpg","Community gardens strengthen neighborhood social bonds","1777038836281"
"fksripew6vimocyncyw","Scalability test room","bod7ilfx2xgmocyndpg","Green spaces improve mental health in urban environments","1777038840411"
"fksripew6vimocyncyw","Scalability test room","zpid1mpgopjmocyndph","Remote work has permanently changed how we use office space","1777038841808"
"fksripew6vimocyncyw","Scalability test room","6ysaa10gr5jmocyndph","Community gardens strengthen neighborhood social bonds","1777038843045"
"fksripew6vimocyncyw","Scalability test room","99cx7n75i1gmocyndpg","Mixed-use zoning makes neighborhoods more livable","1777038848327"
"fksripew6vimocyncyw","Scalability test room","gaq5igx8b9lmocyndph","Electric vehicle charging should be publicly funded","1777038857070"
"fksripew6vimocyncyw","Scalability test room","2resfvqyw07mocyndpg","Food trucks add vibrancy to urban commercial corridors","1777038857366"
"fksripew6vimocyncyw","Scalability test room","aj9wf44jaaamocyndph","Street parking fees should fund public transportation","1777038859359"
"fksripew6vimocyncyw","Scalability test room","2levd914q3emocyndph","The city should invest more in public transit infrastructure","1777038861585"
"fksripew6vimocyncyw","Scalability test room","i34je8060jhmocyndpg","Remote work has permanently changed how we use office space","1777038863621"
"fksripew6vimocyncyw","Scalability test room","asyc5suwpqdmocyndph","Local businesses deserve priority over national chains","1777038866239"
"fksripew6vimocyncyw","Scalability test room","gv3rx2zgl6vmocyndph","Mixed-use zoning makes neighborhoods more livable","1777038872471"
"fksripew6vimocyncyw","Scalability test room","7dkjgsgchgpmocyndph","Street parking fees should fund public transportation","1777038874544"
"fksripew6vimocyncyw","Scalability test room","3uzmcncud3mocyndpg","Local businesses deserve priority over national chains","1777038880983"
"fksripew6vimocyncyw","Scalability test room","n3cyx65gzemocyndpg","Electric vehicle charging should be publicly funded","1777038885784"
"fksripew6vimocyncyw","Scalability test room","nkb1olyg5xmocyndpg","Local businesses deserve priority over national chains","1777038887048"
"fksripew6vimocyncyw","Scalability test room","q9p3k40lj1smocyndph","Street parking fees should fund public transportation","1777038889293"
"fksripew6vimocyncyw","Scalability test room","skrpa3ftsafmocyndpg","Food trucks add vibrancy to urban commercial corridors","1777038896639"
"fksripew6vimocyncyw","Scalability test room","p7tm6arsyrmocyndph","Rent control protects long-term residents from displacement","1777038897152"
"fksripew6vimocyncyw","Scalability test room","vwulqidfwgimocyndpg","Green spaces improve mental health in urban environments","1777038897898"
"fksripew6vimocyncyw","Scalability test room","rrshyyd0ddmocyndpg","Affordable housing quotas should apply to all new developments","1777038906844"
"fksripew6vimocyncyw","Scalability test room","x2t8oeaiteamocyndph","Affordable housing quotas should apply to all new developments","1777038907932"
"fksripew6vimocyncyw","Scalability test room","rn32eiyyuwamocyndpg","Local businesses deserve priority over national chains","1777038920895"
"fksripew6vimocyncyw","Scalability test room","touvf7tbatimocyndpg","Local businesses deserve priority over national chains","1777038922691"
"fksripew6vimocyncyw","Scalability test room","ys145lr2j8mocyndpg","Street parking fees should fund public transportation","1777038922903"
"fksripew6vimocyncyw","Scalability test room","vq392ghi68dmocyndpg","The city should invest more in public transit infrastructure","1777038931980"
"fksripew6vimocyncyw","Scalability test room","hh3lix4hxd7mocyndph","Local businesses deserve priority over national chains","1777038934872"
"fksripew6vimocyncyw","Scalability test room","ugya3sgml9kmocyndph","Solar panels should be required on all new construction","1777038940690"
"fksripew6vimocyncyw","Scalability test room","lay018iidcmocyndpg","Green spaces improve mental health in urban environments","1777038942395"
"fksripew6vimocyncyw","Scalability test room","5jdpm11yho4mocyndpg","Trees on residential streets should be protected by law","1777038946862"
"fksripew6vimocyncyw","Scalability test room","44sytkclrplmocyndpg","Historic preservation limits necessary urban growth","1777038949710"
"fksripew6vimocyncyw","Scalability test room","6m9t7mpaqswmocyndpg","Solar panels should be required on all new construction","1777038959354"
"fksripew6vimocyncyw","Scalability test room","jtpgsvzh17qmocyndph","Bike lanes should replace parking on main streets","1777038960992"
"fksripew6vimocyncyw","Scalability test room","jabmbtodnagmocyndpg","Mixed-use zoning makes neighborhoods more livable","1777038961079"
"fksripew6vimocyncyw","Scalability test room","b38a34bweimmocyndph","Community gardens strengthen neighborhood social bonds","1777038961690"
"fksripew6vimocyncyw","Scalability test room","pn72np92p6nmocyndph","Green spaces improve mental health in urban environments","1777038972830"
"fksripew6vimocyncyw","Scalability test room","3oxjuitof24mocyndpg","Community gardens strengthen neighborhood social bonds","1777038981114"
"fksripew6vimocyncyw","Scalability test room","s4xz9v8ut4cmocyndpg","Historic preservation limits necessary urban growth","1777038983463"
"fksripew6vimocyncyw","Scalability test room","thldipxg4mmmocyndpg","Affordable housing quotas should apply to all new developments","1777038983691"
"fksripew6vimocyncyw","Scalability test room","mz7gxhr5rnmocyndpg","Food trucks add vibrancy to urban commercial corridors","1777038984212"
"fksripew6vimocyncyw","Scalability test room","2iq0fwx0anamocyndpg","Bike lanes should replace parking on main streets","1777038984639"
"fksripew6vimocyncyw","Scalability test room","16te7ww2r9wmocyndpg","Trees on residential streets should be protected by law","1777038987436"
"fksripew6vimocyncyw","Scalability test room","peofq00ubsmocyndph","Food trucks add vibrancy to urban commercial corridors","1777038992017"
"fksripew6vimocyncyw","Scalability test room","iy9o2zwypr8mocyndpg","Local businesses deserve priority over national chains","1777038992972"
"fksripew6vimocyncyw","Scalability test room","zsdccckd36mocyndpg","Solar panels should be required on all new construction","1777038993954"
"fksripew6vimocyncyw","Scalability test room","bf8sx8ojatdmocyndph","Solar panels should be required on all new construction","1777038996402"
"fksripew6vimocyncyw","Scalability test room","m8q9767i9dkmocyndph","Electric vehicle charging should be publicly funded","1777038998030"
"fksripew6vimocyncyw","Scalability test room","c64dnymziomocyndpg","Rent control protects long-term residents from displacement","1777039005576"
"fksripew6vimocyncyw","Scalability test room","hu7k2ycf24umocyndpg","Noise ordinances should be stricter in residential zones","1777039006070"
"fksripew6vimocyncyw","Scalability test room","9o9voq4mfyjmocyndpg","Local businesses deserve priority over national chains","1777039008326"
"fksripew6vimocyncyw","Scalability test room","w1r6e5p0xrmocyndph","Pedestrian-first street design reduces traffic accidents","1777039010162"
"fksripew6vimocyncyw","Scalability test room","qc5hm2fi2lqmocyndpg","Bike lanes should replace parking on main streets","1777039011217"
"fksripew6vimocyncyw","Scalability test room","zux1gddp2amocyndph","Food trucks add vibrancy to urban commercial corridors","1777039019140"
"fksripew6vimocyncyw","Scalability test room","5pw6zd2izr4mocyndph","Electric vehicle charging should be publicly funded","1777039029567"
"fksripew6vimocyncyw","Scalability test room","wleytf4g91mocyndph","Farmers markets support local food systems","1777039030355"
"fksripew6vimocyncyw","Scalability test room","7cziokgtux4mocyndpg","Remote work has permanently changed how we use office space","1777039031212"
"fksripew6vimocyncyw","Scalability test room","28lm5u90mxemocyndph","Bike lanes should replace parking on main streets","1777039032300"
"fksripew6vimocyncyw","Scalability test room","sj42kyecv5emocyndpg","Pedestrian-first street design reduces traffic accidents","1777039034214"
"fksripew6vimocyncyw","Scalability test room","ir0fhyv649smocyndph","Street parking fees should fund public transportation","1777039042168"
"fksripew6vimocyncyw","Scalability test room","pjm39gjdhmfmocyndpg","Mixed-use zoning makes neighborhoods more livable","1777039042377"
"fksripew6vimocyncyw","Scalability test room","4s2qo537cgsmocyndph","Green spaces improve mental health in urban environments","1777039043324"
"fksripew6vimocyncyw","Scalability test room","zjh9mndj6zmmocyndpg","Green spaces improve mental health in urban environments","1777039045856"
"fksripew6vimocyncyw","Scalability test room","g2lcbkw3jfkmocyndph","Public libraries are essential community infrastructure","1777039051404"
"fksripew6vimocyncyw","Scalability test room","z919n44yrzmocyndpg","Green spaces improve mental health in urban environments","1777039055009"
"fksripew6vimocyncyw","Scalability test room","2l2g28bkytemocyndpg","Solar panels should be required on all new construction","1777039057011"
"fksripew6vimocyncyw","Scalability test room","n6p2dsh7jspmocyndpg","Urban density reduces per-capita carbon footprint","1777039057177"
"fksripew6vimocyncyw","Scalability test room","k5k7vnylyalmocyndpg","Food trucks add vibrancy to urban commercial corridors","1777039057603"
"fksripew6vimocyncyw","Scalability test room","eswuw32mfggmocyndph","Remote work has permanently changed how we use office space","1777039060658"
"fksripew6vimocyncyw","Scalability test room","jnyocmfdnegmocyndpg","Affordable housing quotas should apply to all new developments","1777039063176"
"fksripew6vimocyncyw","Scalability test room","9s33o65st1cmocyndpg","Farmers markets support local food systems","1777039064742"
"fksripew6vimocyncyw","Scalability test room","aups66272fnmocyndpg","Affordable housing quotas should apply to all new developments","1777039072200"
"fksripew6vimocyncyw","Scalability test room","tdw89vxoi3mocyndph","The city should invest more in public transit infrastructure","1777039091489"
"fksripew6vimocyncyw","Scalability test room","p2o5fs23a8mocyndph","Farmers markets support local food systems","1777039093317"
"fksripew6vimocyncyw","Scalability test room","uar60y9q84pmocyndpg","Rent control protects long-term residents from displacement","1777039094900"
"fksripew6vimocyncyw","Scalability test room","4w3x3aw8jbwmocyndph","Historic preservation limits necessary urban growth","1777039096984"
"fksripew6vimocyncyw","Scalability test room","wqcsgb80kgmocyndpg","Urban density reduces per-capita carbon footprint","1777039099874"
"fksripew6vimocyncyw","Scalability test room","9r37lubbp0fmocyndpg","Historic preservation limits necessary urban growth","1777039104185"
"fksripew6vimocyncyw","Scalability test room","xcc9akrdagfmocyndph","Green spaces improve mental health in urban environments","1777039106832"
"fksripew6vimocyncyw","Scalability test room","lzqnh88mccmocyndpg","Local businesses deserve priority over national chains","1777039108373"
"fksripew6vimocyncyw","Scalability test room","ivk3b8k0fcqmocyndpg","Mixed-use zoning makes neighborhoods more livable","1777039114756"
"fksripew6vimocyncyw","Scalability test room","ff31zferw7amocyndpg","Bike lanes should replace parking on main streets","1777039124019"
"fksripew6vimocyncyw","Scalability test room","8yzqvdk00znmocyndph","Community gardens strengthen neighborhood social bonds","1777039125183"
"fksripew6vimocyncyw","Scalability test room","aw3xd471vhamocyndph","Local businesses deserve priority over national chains","1777039128333"
"fksripew6vimocyncyw","Scalability test room","aqh171bshncmocyndph","Community gardens strengthen neighborhood social bonds","1777039137864"
"fksripew6vimocyncyw","Scalability test room","ezwbqq8vcl6mocyndph","Noise ordinances should be stricter in residential zones","1777039141126"
"fksripew6vimocyncyw","Scalability test room","qesud5cn90kmocyndpg","Street parking fees should fund public transportation","1777039143407"
"fksripew6vimocyncyw","Scalability test room","796rce5r31mocyndpg","Community gardens strengthen neighborhood social bonds","1777039144764"
"fksripew6vimocyncyw","Scalability test room","qm38q40h7gmocyndph","Rent control protects long-term residents from displacement","1777039150664"
"fksripew6vimocyncyw","Scalability test room","367vsbau6usmocyndpg","Bike lanes should replace parking on main streets","1777039151725"
"fksripew6vimocyncyw","Scalability test room","j7aryyhxydfmocyndpg","Urban density reduces per-capita carbon footprint","1777039159495"
"fksripew6vimocyncyw","Scalability test room","jzkm4zd7vhamocyndpg","Remote work has permanently changed how we use office space","1777039161811"
"fksripew6vimocyncyw","Scalability test room","9awkbcinza5mocyndph","Mixed-use zoning makes neighborhoods more livable","1777039162780"
"fksripew6vimocyncyw","Scalability test room","ulg3zo1hs1mocyndph","Farmers markets support local food systems","1777039164741"
"fksripew6vimocyncyw","Scalability test room","yg9m7hj9aymocyndpg","Historic preservation limits necessary urban growth","1777039166299"
"fksripew6vimocyncyw","Scalability test room","ver80fgn33bmocyndph","Farmers markets support local food systems","1777039168851"
"fksripew6vimocyncyw","Scalability test room","j8cjnhabk4mocyndph","Public libraries are essential community infrastructure","1777039173176"
"fksripew6vimocyncyw","Scalability test room","u7czbhjbckmocyndpg","Electric vehicle charging should be publicly funded","1777039174482"
"fksripew6vimocyncyw","Scalability test room","dlcbvh5fwqmocyndpg","Rent control protects long-term residents from displacement","1777039175555"
"fksripew6vimocyncyw","Scalability test room","165z67yebqhmocyndph","Rent control protects long-term residents from displacement","1777039186654"
"fksripew6vimocyncyw","Scalability test room","g6uarg9he3mocyndpg","Solar panels should be required on all new construction","1777039187763"
"fksripew6vimocyncyw","Scalability test room","8t9625v4ti4mocyndph","Farmers markets support local food systems","1777039193951"
"fksripew6vimocyncyw","Scalability test room","krjyd1wnxnmocyndpg","Electric vehicle charging should be publicly funded","1777039197296"
"fksripew6vimocyncyw","Scalability test room","8dr3xqbjr95mocyndpg","Local businesses deserve priority over national chains","1777039201220"
"fksripew6vimocyncyw","Scalability test room","cy4cv73tvximocyndpg","Food trucks add vibrancy to urban commercial corridors","1777039201443"
"fksripew6vimocyncyw","Scalability test room","kldkupmqwrmocyndpg","Bike lanes should replace parking on main streets","1777039204647"
"fksripew6vimocyncyw","Scalability test room","omq3e3oeh7smocyndph","Rent control protects long-term residents from displacement","1777039208963"
"fksripew6vimocyncyw","Scalability test room","xc05v9rtgh9mocyndpg","Mixed-use zoning makes neighborhoods more livable","1777039209834"
"fksripew6vimocyncyw","Scalability test room","7u373i4mqymmocyndph","Historic preservation limits necessary urban growth","1777039216039"
"fksripew6vimocyncyw","Scalability test room","xuq0xf9utkrmocyndpg","Street parking fees should fund public transportation","1777039216598"
"fksripew6vimocyncyw","Scalability test room","iq8w9bsrxbmocyndpg","Rent control protects long-term residents from displacement","1777039217978"
"fksripew6vimocyncyw","Scalability test room","v4rh7sv3onamocyndph","Affordable housing quotas should apply to all new developments","1777039218566"
"fksripew6vimocyncyw","Scalability test room","uqf7zdr1wxcmocyndpi","Bike lanes should replace parking on main streets","1777039226017"
"fksripew6vimocyncyw","Scalability test room","gkyn8g70wf6mocyndph","Bike lanes should replace parking on main streets","1777039228786"
"fksripew6vimocyncyw","Scalability test room","n7ea0ntr2emocyndpg","Urban density reduces per-capita carbon footprint","1777039229062"
"fksripew6vimocyncyw","Scalability test room","wuf1p9vd92mocyndpg","Rent control protects long-term residents from displacement","1777039230452"
"fksripew6vimocyncyw","Scalability test room","unuopdzu7zsmocyndpg","Food trucks add vibrancy to urban commercial corridors","1777039232436"
"fksripew6vimocyncyw","Scalability test room","chfga4himekmocyndpg","Local businesses deserve priority over national chains","1777039232468"
"fksripew6vimocyncyw","Scalability test room","enxwrkhg7namocyndph","Bike lanes should replace parking on main streets","1777039236497"
"fksripew6vimocyncyw","Scalability test room","4hyd3uzvg3jmocyndpg","Trees on residential streets should be protected by law","1777039240403"
"fksripew6vimocyncyw","Scalability test room","0lx8ilqfrkmmocyndpg","Trees on residential streets should be protected by law","1777039244514"
"fksripew6vimocyncyw","Scalability test room","2jg17fadjjdmocyndpg","Public libraries are essential community infrastructure","1777039244982"
"fksripew6vimocyncyw","Scalability test room","ux47hj5bvesmocyndpg","The city should invest more in public transit infrastructure","1777039253188"
"fksripew6vimocyncyw","Scalability test room","rdb7xr402njmocyndph","The city should invest more in public transit infrastructure","1777039256797"
"fksripew6vimocyncyw","Scalability test room","f6c792meelpmocyndph","Mixed-use zoning makes neighborhoods more livable","1777039261212"
"fksripew6vimocyncyw","Scalability test room","c19f5479bknmocyndph","Trees on residential streets should be protected by law","1777039270661"
"fksripew6vimocyncyw","Scalability test room","t9t1mx12b4emocyndpg","Historic preservation limits necessary urban growth","1777039281451"
"fksripew6vimocyncyw","Scalability test room","p5gcas5b5nnmocyndpg","Electric vehicle charging should be publicly funded","1777039284223"
"fksripew6vimocyncyw","Scalability test room","malwtzhdr4cmocyndph","Rent control protects long-term residents from displacement","1777039285915"
"fksripew6vimocyncyw","Scalability test room","zvrl38lcpjrmocyndph","Public libraries are essential community infrastructure","1777039290162"
"fksripew6vimocyncyw","Scalability test room","zf33l5vg1nmocyndpg","Remote work has permanently changed how we use office space","1777039294397"
"fksripew6vimocyncyw","Scalability test room","30eszsv0w7dmocyndph","Food trucks add vibrancy to urban commercial corridors","1777039294817"
"fksripew6vimocyncyw","Scalability test room","vt3o2viig4nmocyndph","Noise ordinances should be stricter in residential zones","1777039295099"
"fksripew6vimocyncyw","Scalability test room","0pzl7mpc249mocyndph","Solar panels should be required on all new construction","1777039300032"
"fksripew6vimocyncyw","Scalability test room","46jul1u37m1mocyndph","Mixed-use zoning makes neighborhoods more livable","1777039301234"
"fksripew6vimocyncyw","Scalability test room","56orphivl94mocyndpg","Urban density reduces per-capita carbon footprint","1777039310350"
"fksripew6vimocyncyw","Scalability test room","w85smh1apcmocyndpg","Noise ordinances should be stricter in residential zones","1777039310739"
"fksripew6vimocyncyw","Scalability test room","oitxldzwuwamocyndpg","Urban density reduces per-capita carbon footprint","1777039313494"
"fksripew6vimocyncyw","Scalability test room","t8uwwddse3mocyndpg","Pedestrian-first street design reduces traffic accidents","1777039313559"
"fksripew6vimocyncyw","Scalability test room","a258pqdezomocyndpg","Street parking fees should fund public transportation","1777039315738"
"fksripew6vimocyncyw","Scalability test room","s0i145ojmfdmocyndph","Affordable housing quotas should apply to all new developments","1777039324009"
"fksripew6vimocyncyw","Scalability test room","v85xng8rirhmocyndpi","Rent control protects long-term residents from displacement","1777039328508"
"fksripew6vimocyncyw","Scalability test room","a9442kxfnz9mocyndph","Solar panels should be required on all new construction","1777039329863"
"fksripew6vimocyncyw","Scalability test room","aflexyj6aaomocyndpg","Public libraries are essential community infrastructure","1777039331889"
"fksripew6vimocyncyw","Scalability test room","98q27bu51amocyndph","Farmers markets support local food systems","1777039333858"
"fksripew6vimocyncyw","Scalability test room","ikyu30s545omocyndph","Local businesses deserve priority over national chains","1777039340902"
"fksripew6vimocyncyw","Scalability test room","74zo3z5revnmocyndph","Solar panels should be required on all new construction","1777039342459"
"fksripew6vimocyncyw","Scalability test room","jq1c08oo0gmocyndpg","Farmers markets support local food systems","1777039344252"
"fksripew6vimocyncyw","Scalability test room","e82mpwjyi4qmocyndph","Electric vehicle charging should be publicly funded","1777039344839"
"fksripew6vimocyncyw","Scalability test room","wdwjm94g7dmocyndph","Historic preservation limits necessary urban growth","1777039346007"
"fksripew6vimocyncyw","Scalability test room","4a9puzsm6lmmocyndpg","Electric vehicle charging should be publicly funded","1777039350411"
"fksripew6vimocyncyw","Scalability test room","wtbixf2hnnmocyndpg","Bike lanes should replace parking on main streets","1777039351479"
"fksripew6vimocyncyw","Scalability test room","oaq9d9vapujmocyndph","Farmers markets support local food systems","1777039357141"
"fksripew6vimocyncyw","Scalability test room","x9ayqck9vemocyndpg","Urban density reduces per-capita carbon footprint","1777039363346"
"fksripew6vimocyncyw","Scalability test room","jkvx2dhiddfmocyndph","Rent control protects long-term residents from displacement","1777039365433"
"fksripew6vimocyncyw","Scalability test room","ar46jyswwqmmocyndph","Remote work has permanently changed how we use office space","1777039366283"
"fksripew6vimocyncyw","Scalability test room","clmp28kq4vomocyndph","Street parking fees should fund public transportation","1777039372314"
"fksripew6vimocyncyw","Scalability test room","jbcy4d8ppmmocyndph","Bike lanes should replace parking on main streets","1777039373601"
"fksripew6vimocyncyw","Scalability test room","axl1m0ld7rmocyndpg","Noise ordinances should be stricter in residential zones","1777039377894"
"fksripew6vimocyncyw","Scalability test room","h0824def5vcmocyndph","Trees on residential streets should be protected by law","1777039378084"
"fksripew6vimocyncyw","Scalability test room","7398faquukemocyndpi","Solar panels should be required on all new construction","1777039381524"
"fksripew6vimocyncyw","Scalability test room","jlhvmkb75qcmocyndpg","Rent control protects long-term residents from displacement","1777039391180"
"fksripew6vimocyncyw","Scalability test room","hn3e5qupet7mocyndpg","Public libraries are essential community infrastructure","1777039392880"
"fksripew6vimocyncyw","Scalability test room","93f7v42fz14mocyndpg","Street parking fees should fund public transportation","1777039393104"
"fksripew6vimocyncyw","Scalability test room","y8f5g3cw2nmocyndpg","Remote work has permanently changed how we use office space","1777039396774"
"fksripew6vimocyncyw","Scalability test room","yh5r892kuxkmocyndpg","Street parking fees should fund public transportation","1777039398093"
"fksripew6vimocyncyw","Scalability test room","ajc0i88vnwmocyndpg","Historic preservation limits necessary urban growth","1777039399611"
"fksripew6vimocyncyw","Scalability test room","v1d2ofm0kymocyndph","Local businesses deserve priority over national chains","1777039400490"
"fksripew6vimocyncyw","Scalability test room","9nk0ti7xssmocyndph","Mixed-use zoning makes neighborhoods more livable","1777039400942"
"fksripew6vimocyncyw","Scalability test room","nosrtlnauomocyndpg","Mixed-use zoning makes neighborhoods more livable","1777039404039"
"fksripew6vimocyncyw","Scalability test room","mf9m18ilffmocyndpg","Mixed-use zoning makes neighborhoods more livable","1777039404113"
"fksripew6vimocyncyw","Scalability test room","fnqnvz5jb2nmocyndph","Trees on residential streets should be protected by law","1777039408121"
"fksripew6vimocyncyw","Scalability test room","age71rp4aotmocyndpg","Affordable housing quotas should apply to all new developments","1777039416665"
"fksripew6vimocyncyw","Scalability test room","xj9mcufccsmocyndph","Pedestrian-first street design reduces traffic accidents","1777039419097"
"fksripew6vimocyncyw","Scalability test room","iyn7x28qmygmocyndph","Noise ordinances should be stricter in residential zones","1777039423187"
"fksripew6vimocyncyw","Scalability test room","tgqel7qzjbemocyndph","Affordable housing quotas should apply to all new developments","1777039425466"
"fksripew6vimocyncyw","Scalability test room","itijtj1977mocyndph","Farmers markets support local food systems","1777039427448"
"fksripew6vimocyncyw","Scalability test room","ykyv6v5r1lrmocyndpg","Solar panels should be required on all new construction","1777039428906"
"fksripew6vimocyncyw","Scalability test room","x0kz0bnd9rqmocyndpg","Noise ordinances should be stricter in residential zones","1777039428991"
"fksripew6vimocyncyw","Scalability test room","6v4d5u9yod7mocyndpg","The city should invest more in public transit infrastructure","1777039435055"
"fksripew6vimocyncyw","Scalability test room","zy1l3lel7fmocyndpg","Affordable housing quotas should apply to all new developments","1777039439773"
"fksripew6vimocyncyw","Scalability test room","miqo0u746lmocyndph","Farmers markets support local food systems","1777039442135"
"fksripew6vimocyncyw","Scalability test room","y4uubkxxf38mocyndpg","Street parking fees should fund public transportation","1777039442207"
"fksripew6vimocyncyw","Scalability test room","ho8xysoaz49mocyndpg","The city should invest more in public transit infrastructure","1777039448814"
"fksripew6vimocyncyw","Scalability test room","1ijpdd51ee2mocyndph","Street parking fees should fund public transportation","1777039449484"
"fksripew6vimocyncyw","Scalability test room","zii8yums9vlmocyndpi","Farmers markets support local food systems","1777039453975"
"fksripew6vimocyncyw","Scalability test room","vejev1fx24rmocyndpg","Food trucks add vibrancy to urban commercial corridors","1777039466255"
"fksripew6vimocyncyw","Scalability test room","4n8huoxlgohmocyndpg","Farmers markets support local food systems","1777039467538"
"fksripew6vimocyncyw","Scalability test room","tmba7uh135mocyndpg","Trees on residential streets should be protected by law","1777039469230"
"fksripew6vimocyncyw","Scalability test room","8djgo42if2kmocyndph","Community gardens strengthen neighborhood social bonds","1777039471646"
"fksripew6vimocyncyw","Scalability test room","3f4i29xcj0qmocyndpg","Farmers markets support local food systems","1777039488004"
"fksripew6vimocyncyw","Scalability test room","oliwzp31xnmocyndpg","Community gardens strengthen neighborhood social bonds","1777039494888"
"fksripew6vimocyncyw","Scalability test room","ea8b2hgy2nmocyndph","Electric vehicle charging should be publicly funded","1777039495297"
"fksripew6vimocyncyw","Scalability test room","wekhmk0i4vmocyndpg","Bike lanes should replace parking on main streets","1777039497563"
"fksripew6vimocyncyw","Scalability test room","4o2iyf47lbbmocyndpg","Electric vehicle charging should be publicly funded","1777039501469"
"fksripew6vimocyncyw","Scalability test room","g2crp838c9omocyndpg","Remote work has permanently changed how we use office space","1777039501773"
"fksripew6vimocyncyw","Scalability test room","eo9fr1n3y1mocyndph","Farmers markets support local food systems","1777039507688"
"fksripew6vimocyncyw","Scalability test room","p6qsje77w2mocyndph","Urban density reduces per-capita carbon footprint","1777039515061"
"fksripew6vimocyncyw","Scalability test room","tco2jmrujlcmocyndpg","Rent control protects long-term residents from displacement","1777039521374"
"fksripew6vimocyncyw","Scalability test room","fi208t15qkdmocyndpg","Mixed-use zoning makes neighborhoods more livable","1777039529278"
"fksripew6vimocyncyw","Scalability test room","6v7q4198qghmocyndph","Rent control protects long-term residents from displacement","1777039535430"
"fksripew6vimocyncyw","Scalability test room","un5hzrs5pqmocyndpg","Remote work has permanently changed how we use office space","1777039537328"
"fksripew6vimocyncyw","Scalability test room","d293sb2kdmmocyndpg","Public libraries are essential community infrastructure","1777039540922"
"fksripew6vimocyncyw","Scalability test room","lnp2pve7timocyndpg","Solar panels should be required on all new construction","1777039544511"
"fksripew6vimocyncyw","Scalability test room","mbth89loa08mocyndph","Remote work has permanently changed how we use office space","1777039546182"
"fksripew6vimocyncyw","Scalability test room","rowy0qedzehmocyndph","Trees on residential streets should be protected by law","1777039556077"
"fksripew6vimocyncyw","Scalability test room","p9pdkij22vfmocyndph","Affordable housing quotas should apply to all new developments","1777039559560"
"fksripew6vimocyncyw","Scalability test room","1v32q7kwaermocyndph","Bike lanes should replace parking on main streets","1777039560119"
"fksripew6vimocyncyw","Scalability test room","28i7pvwq3rfmocyndpg","Street parking fees should fund public transportation","1777039560503"
"fksripew6vimocyncyw","Scalability test room","jubjsrel0rqmocyndpg","Historic preservation limits necessary urban growth","1777039561261"
"fksripew6vimocyncyw","Scalability test room","qp1cezhky5smocyndph","Community gardens strengthen neighborhood social bonds","1777039566120"
"fksripew6vimocyncyw","Scalability test room","i17r85bmsgamocyndpg","Public libraries are essential community infrastructure","1777039566454"
"fksripew6vimocyncyw","Scalability test room","kvm3h534kcimocyndpg","Local businesses deserve priority over national chains","1777039569251"
"fksripew6vimocyncyw","Scalability test room","ygdkycqn2gqmocyndph","Green spaces improve mental health in urban environments","1777039569436"
"fksripew6vimocyncyw","Scalability test room","g48qb1aiiefmocyndph","Street parking fees should fund public transportation","1777039573358"
"fksripew6vimocyncyw","Scalability test room","a7jvgdapousmocyndph","Urban density reduces per-capita carbon footprint","1777039581702"
"fksripew6vimocyncyw","Scalability test room","8h1039msywnmocyndph","Local businesses deserve priority over national chains","1777039588238"
"fksripew6vimocyncyw","Scalability test room","hjt2lshyfjimocyndph","Historic preservation limits necessary urban growth","1777039590649"
"fksripew6vimocyncyw","Scalability test room","m2bb9hk0geemocyndph","Bike lanes should replace parking on main streets","1777039593305"
"fksripew6vimocyncyw","Scalability test room","0u6z7xo8b229mocyndpg","Trees on residential streets should be protected by law","1777039599834"
"fksripew6vimocyncyw","Scalability test room","own0s9g1otemocyndph","Food trucks add vibrancy to urban commercial corridors","1777039607969"
"fksripew6vimocyncyw","Scalability test room","eepy6dyac4emocyndpg","Local businesses deserve priority over national chains","1777039617896"
"fksripew6vimocyncyw","Scalability test room","xotf9mz0qxtmocyndpg","Street parking fees should fund public transportation","1777039624158"
"fksripew6vimocyncyw","Scalability test room","942v4gk16kmocyndpg","Street parking fees should fund public transportation","1777039625797"
"fksripew6vimocyncyw","Scalability test room","1tw0m0l8d5ymocyndpg","Rent control protects long-term residents from displacement","1777039626210"
"fksripew6vimocyncyw","Scalability test room","wn5t7juau4qmocyndph","Street parking fees should fund public transportation","1777039629031"
"fksripew6vimocyncyw","Scalability test room","8glkr91e9stmocyndph","Noise ordinances should be stricter in residential zones","1777039629549"
"fksripew6vimocyncyw","Scalability test room","21zhjwzlgormocyndph","Urban density reduces per-capita carbon footprint","1777039635917"
"fksripew6vimocyncyw","Scalability test room","r387ups2venmocyndpg","Community gardens strengthen neighborhood social bonds","1777039641656"
"fksripew6vimocyncyw","Scalability test room","bpemdwh2pasmocyndpg","Community gardens strengthen neighborhood social bonds","1777039642205"
"fksripew6vimocyncyw","Scalability test room","nm7c3whyivhmocyndph","Pedestrian-first street design reduces traffic accidents","1777039651059"
"fksripew6vimocyncyw","Scalability test room","bs0k6lxymwbmocyndpg","Remote work has permanently changed how we use office space","1777039653651"
"fksripew6vimocyncyw","Scalability test room","yfh6b9nqbomocyndpg","Community gardens strengthen neighborhood social bonds","1777039660338"
"fksripew6vimocyncyw","Scalability test room","7dcyjv8f9y5mocyndpg","Farmers markets support local food systems","1777039666157"
"fksripew6vimocyncyw","Scalability test room","wwzm8dan5qhmocyndpg","Public libraries are essential community infrastructure","1777039668733"
"fksripew6vimocyncyw","Scalability test room","pu2t2fcdrummocyndpg","Farmers markets support local food systems","1777039673084"
"fksripew6vimocyncyw","Scalability test room","q39zx3gby3jmocyndpg","Mixed-use zoning makes neighborhoods more livable","1777039673429"
"fksripew6vimocyncyw","Scalability test room","dt7zhpzsrstmocyndph","Urban density reduces per-capita carbon footprint","1777039677051"
"fksripew6vimocyncyw","Scalability test room","62bb1o9jee7mocyndph","Local businesses deserve priority over national chains","1777039686838"
"fksripew6vimocyncyw","Scalability test room","cxpuy0k2l3fmocyndpg","Solar panels should be required on all new construction","1777039691510"
"fksripew6vimocyncyw","Scalability test room","0vmg46u2lsrmocyndph","Local businesses deserve priority over national chains","1777039700558"
"fksripew6vimocyncyw","Scalability test room","8jtc3lvf99mocyndph","Bike lanes should replace parking on main streets","1777039703817"
"fksripew6vimocyncyw","Scalability test room","vbal69zthi9mocyndph","Rent control protects long-term residents from displacement","1777039707146"
"fksripew6vimocyncyw","Scalability test room","aufqukiue5emocyndpg","Electric vehicle charging should be publicly funded","1777039707252"
"fksripew6vimocyncyw","Scalability test room","uzzu8srxyrfmocyndph","Affordable housing quotas should apply to all new developments","1777039717734"
"fksripew6vimocyncyw","Scalability test room","hdu4c2yc1rumocyndph","Remote work has permanently changed how we use office space","1777039718846"
"fksripew6vimocyncyw","Scalability test room","2t22jnrn8s6mocyndpg","Pedestrian-first street design reduces traffic accidents","1777039721895"
"fksripew6vimocyncyw","Scalability test room","ewq31vk2z9gmocyndpg","Local businesses deserve priority over national chains","1777039722246"
"fksripew6vimocyncyw","Scalability test room","3ma4aljj371mocyndpg","Street parking fees should fund public transportation","1777039725166"
"fksripew6vimocyncyw","Scalability test room","ld3rfvev1xmocyndpg","Solar panels should be required on all new construction","1777039725187"
"fksripew6vimocyncyw","Scalability test room","jajr45iaarbmocyndpg","Solar panels should be required on all new construction","1777039728306"
"fksripew6vimocyncyw","Scalability test room","rxlqykamq8smocyndpg","Pedestrian-first street design reduces traffic accidents","1777039731564"
"fksripew6vimocyncyw","Scalability test room","nw0pwx9a20imocyndpg","Pedestrian-first street design reduces traffic accidents","1777039732052"
"fksripew6vimocyncyw","Scalability test room","2pcwkutam7qmocyndpg","Rent control protects long-term residents from displacement","1777039734986"
"fksripew6vimocyncyw","Scalability test room","u257mvmsl7mocyndph","Remote work has permanently changed how we use office space","1777039750492"
"fksripew6vimocyncyw","Scalability test room","dgsdtpwxzamocyndpg","Pedestrian-first street design reduces traffic accidents","1777039753732"
"fksripew6vimocyncyw","Scalability test room","h9u81scv3jrmocyndph","Urban density reduces per-capita carbon footprint","1777039754199"
"fksripew6vimocyncyw","Scalability test room","sgb3srm9wmmocyndph","Green spaces improve mental health in urban environments","1777039758313"
"fksripew6vimocyncyw","Scalability test room","5v1s3umdxm3mocyndpg","Electric vehicle charging should be publicly funded","1777039758465"
"fksripew6vimocyncyw","Scalability test room","vj77g0dlpomocyndpg","Farmers markets support local food systems","1777039759188"
"fksripew6vimocyncyw","Scalability test room","pwy8yf5wvjmocyndpg","The city should invest more in public transit infrastructure","1777039761331"
"fksripew6vimocyncyw","Scalability test room","pfoxlosgc4hmocyndpg","Pedestrian-first street design reduces traffic accidents","1777039766271"
"fksripew6vimocyncyw","Scalability test room","6dk7faomjvfmocyndph","Urban density reduces per-capita carbon footprint","1777039767718"
"fksripew6vimocyncyw","Scalability test room","md07ozu2insmocyndpg","Mixed-use zoning makes neighborhoods more livable","1777039768313"
"fksripew6vimocyncyw","Scalability test room","dar4qy1e0t8mocyndph","Farmers markets support local food systems","1777039773762"
"fksripew6vimocyncyw","Scalability test room","7fbxhds7at4mocyndpg","Mixed-use zoning makes neighborhoods more livable","1777039796043"
"fksripew6vimocyncyw","Scalability test room","tcfkyjko5lbmocyndph","Mixed-use zoning makes neighborhoods more livable","1777039804633"
"fksripew6vimocyncyw","Scalability test room","167yklvgvqfmocyndph","Green spaces improve mental health in urban environments","1777039806017"
"fksripew6vimocyncyw","Scalability test room","c7se1bhxpffmocyndpg","Historic preservation limits necessary urban growth","1777039812284"
"fksripew6vimocyncyw","Scalability test room","63wyz0810axmocyndph","Street parking fees should fund public transportation","1777039813456"
"fksripew6vimocyncyw","Scalability test room","xys5v4s1crsmocyndpg","Bike lanes should replace parking on main streets","1777039815184"
"fksripew6vimocyncyw","Scalability test room","8ps1apui98cmocyndph","Trees on residential streets should be protected by law","1777039820898"
"fksripew6vimocyncyw","Scalability test room","0t9mgn6vh1imocyndph","Solar panels should be required on all new construction","1777039822370"
"fksripew6vimocyncyw","Scalability test room","36cx3gcnvvqmocyndph","The city should invest more in public transit infrastructure","1777039826468"
"fksripew6vimocyncyw","Scalability test room","xlaf5116t0cmocyndph","Pedestrian-first street design reduces traffic accidents","1777039827715"
"fksripew6vimocyncyw","Scalability test room","x1vmf4u0bdomocyndph","Public libraries are essential community infrastructure","1777039832241"
"fksripew6vimocyncyw","Scalability test room","hfuhrajga1wmocyndpg","Affordable housing quotas should apply to all new developments","1777039837921"
"fksripew6vimocyncyw","Scalability test room","vvze9kg94zomocyndph","Farmers markets support local food systems","1777039841522"
"fksripew6vimocyncyw","Scalability test room","liq4vej26xmocyndpg","Public libraries are essential community infrastructure","1777039850024"
"fksripew6vimocyncyw","Scalability test room","7n3h7pyrl94mocyndph","Farmers markets support local food systems","1777039851554"
"fksripew6vimocyncyw","Scalability test room","9sgxls5i4cpmocyndpg","Street parking fees should fund public transportation","1777039852375"
"fksripew6vimocyncyw","Scalability test room","x2km7bi69wmocyndpg","Noise ordinances should be stricter in residential zones","1777039857316"
"fksripew6vimocyncyw","Scalability test room","ts1zhfrpypqmocyndph","Green spaces improve mental health in urban environments","1777039857805"
"fksripew6vimocyncyw","Scalability test room","dvllsha1wkkmocyndpg","Public libraries are essential community infrastructure","1777039858336"
"fksripew6vimocyncyw","Scalability test room","rjdq16pamwimocyndph","The city should invest more in public transit infrastructure","1777039858422"
"fksripew6vimocyncyw","Scalability test room","sf5wpuyc9imocyndph","Noise ordinances should be stricter in residential zones","1777039860095"
"fksripew6vimocyncyw","Scalability test room","6juu2w9nih2mocyndpi","The city should invest more in public transit infrastructure","1777039861233"
"fksripew6vimocyncyw","Scalability test room","yzl18z1jbicmocyndph","Food trucks add vibrancy to urban commercial corridors","1777039873981"
"fksripew6vimocyncyw","Scalability test room","6vrgb84ejofmocyndpg","Urban density reduces per-capita carbon footprint","1777039875861"
"fksripew6vimocyncyw","Scalability test room","b8u7rpw7fwwmocyndph","Pedestrian-first street design reduces traffic accidents","1777039876889"
"fksripew6vimocyncyw","Scalability test room","ftgrp3epjgmocyndpg","Noise ordinances should be stricter in residential zones","1777039886061"
"fksripew6vimocyncyw","Scalability test room","d1qfnuuzfcmmocyndph","Food trucks add vibrancy to urban commercial corridors","1777039886715"
"fksripew6vimocyncyw","Scalability test room","tey0rx7mc2mocyndph","Remote work has permanently changed how we use office space","1777039887655"
"fksripew6vimocyncyw","Scalability test room","iz2bwzkfoymocyndpg","Pedestrian-first street design reduces traffic accidents","1777039888482"
"fksripew6vimocyncyw","Scalability test room","62ia7a551lrmocyndpg","Trees on residential streets should be protected by law","1777039890969"
"fksripew6vimocyncyw","Scalability test room","gqkupkh76clmocyndph","Public libraries are essential community infrastructure","1777039897997"
"fksripew6vimocyncyw","Scalability test room","fuzo5sg01cmocyndph","Urban density reduces per-capita carbon footprint","1777039907969"
"fksripew6vimocyncyw","Scalability test room","juor2raeyfimocyndpi","Green spaces improve mental health in urban environments","1777039912704"
"fksripew6vimocyncyw","Scalability test room","jzjo6gp6mmocyndph","Local businesses deserve priority over national chains","1777039915444"
"fksripew6vimocyncyw","Scalability test room","p0yzydzfcymocyndpg","Mixed-use zoning makes neighborhoods more livable","1777039918494"
"fksripew6vimocyncyw","Scalability test room","dz3kw79r5yjmocyndph","Mixed-use zoning makes neighborhoods more livable","1777039924951"
"fksripew6vimocyncyw","Scalability test room","v5f5c3d2d9fmocyndph","Urban density reduces per-capita carbon footprint","1777039925045"
"fksripew6vimocyncyw","Scalability test room","p95mk5vsgqomocyndpg","The city should invest more in public transit infrastructure","1777039937729"
"fksripew6vimocyncyw","Scalability test room","49alams8mpmocyndph","Food trucks add vibrancy to urban commercial corridors","1777039938074"
"fksripew6vimocyncyw","Scalability test room","bowji6yf5lpmocyndph","Bike lanes should replace parking on main streets","1777039941175"
"fksripew6vimocyncyw","Scalability test room","tkfowvsplvmocyndpg","Bike lanes should replace parking on main streets","1777039944358"
"fksripew6vimocyncyw","Scalability test room","tlvzz5sjwgmocyndph","Affordable housing quotas should apply to all new developments","1777039949641"
"fksripew6vimocyncyw","Scalability test room","zmme5iongrsmocyndph","Rent control protects long-term residents from displacement","1777039952058"
"fksripew6vimocyncyw","Scalability test room","8b0hdlrl52cmocyndpg","Trees on residential streets should be protected by law","1777039952148"
"fksripew6vimocyncyw","Scalability test room","ypx3uukn03amocyndph","Solar panels should be required on all new construction","1777039952819"
"fksripew6vimocyncyw","Scalability test room","9uaubkmfugtmocyndph","Trees on residential streets should be protected by law","1777039956012"
"fksripew6vimocyncyw","Scalability test room","b9e98up3e3fmocyndph","Solar panels should be required on all new construction","1777039957802"
"fksripew6vimocyncyw","Scalability test room","yb6qqk9xxtmocyndpg","Rent control protects long-term residents from displacement","1777039959351"
"fksripew6vimocyncyw","Scalability test room","xc2drnmgbermocyndph","Community gardens strengthen neighborhood social bonds","1777039964680"
"fksripew6vimocyncyw","Scalability test room","hr5zkxreewjmocyndpg","Rent control protects long-term residents from displacement","1777039967255"
"fksripew6vimocyncyw","Scalability test room","j0zza32zu4smocyndph","Farmers markets support local food systems","1777039971178"
"fksripew6vimocyncyw","Scalability test room","p5c1by9zfj9mocyndpg","Trees on residential streets should be protected by law","1777039975035"
"fksripew6vimocyncyw","Scalability test room","w7x8djv74comocyndph","The city should invest more in public transit infrastructure","1777039978434"
"fksripew6vimocyncyw","Scalability test room","180u5e0u53fhmocyndph","Affordable housing quotas should apply to all new developments","1777039984414"
"fksripew6vimocyncyw","Scalability test room","0qlxebmuyhcemocyndpg","Bike lanes should replace parking on main streets","1777039987263"
"fksripew6vimocyncyw","Scalability test room","j2q7bcfku0pmocyndph","Local businesses deserve priority over national chains","1777039991454"
"fksripew6vimocyncyw","Scalability test room","xxs8p5odjthmocyndpg","Public libraries are essential community infrastructure","1777039994139"
"fksripew6vimocyncyw","Scalability test room","ry2zjuv18gmocyndpg","Local businesses deserve priority over national chains","1777039995658"
"fksripew6vimocyncyw","Scalability test room","ut6dcb10p7hmocyndph","Street parking fees should fund public transportation","1777039996850"
"fksripew6vimocyncyw","Scalability test room","d07gwq1h1gsmocyndpg","Green spaces improve mental health in urban environments","1777040004463"
"fksripew6vimocyncyw","Scalability test room","mkegq2evjymocyndph","Electric vehicle charging should be publicly funded","1777040024647"
"fksripew6vimocyncyw","Scalability test room","42hx2t2ng61mocyndpg","Street parking fees should fund public transportation","1777040029431"
"fksripew6vimocyncyw","Scalability test room","rnqbcgfrl39mocyndpg","Pedestrian-first street design reduces traffic accidents","1777040031485"
"fksripew6vimocyncyw","Scalability test room","tl50ngmxmumocyndpg","Community gardens strengthen neighborhood social bonds","1777040035754"
"fksripew6vimocyncyw","Scalability test room","5satby6s3jmocyndph","Local businesses deserve priority over national chains","1777040043260"
"fksripew6vimocyncyw","Scalability test room","pyrwiur08tnmocyndph","Pedestrian-first street design reduces traffic accidents","1777040045844"
"fksripew6vimocyncyw","Scalability test room","pkzjcjwnp9mocyndpg","Historic preservation limits necessary urban growth","1777040054268"
"fksripew6vimocyncyw","Scalability test room","6y2ifvvrarmocyndph","Mixed-use zoning makes neighborhoods more livable","1777040054886"
"fksripew6vimocyncyw","Scalability test room","ao39jrgp99imocyndpg","Street parking fees should fund public transportation","1777040062092"
"fksripew6vimocyncyw","Scalability test room","fdx60vvzmm5mocyndph","Mixed-use zoning makes neighborhoods more livable","1777040062565"
"fksripew6vimocyncyw","Scalability test room","nn9tnwqibvnmocyndpg","Farmers markets support local food systems","1777040063729"
"fksripew6vimocyncyw","Scalability test room","azmqzopaztamocyndph","Food trucks add vibrancy to urban commercial corridors","1777040064362"
"fksripew6vimocyncyw","Scalability test room","0c997k0bzj78mocyndph","Street parking fees should fund public transportation","1777040070132"
"fksripew6vimocyncyw","Scalability test room","4i4cj64cvrymocyndpg","Street parking fees should fund public transportation","1777040072457"
"fksripew6vimocyncyw","Scalability test room","crfw0to42eamocyndph","Trees on residential streets should be protected by law","1777040075816"
"fksripew6vimocyncyw","Scalability test room","tnfj0q5va6gmocyndpg","Trees on residential streets should be protected by law","1777040079421"
"fksripew6vimocyncyw","Scalability test room","tfl6ylng0fmocyndpg","Street parking fees should fund public transportation","1777040083157"
"fksripew6vimocyncyw","Scalability test room","t22rlicex3mocyndpg","Community gardens strengthen neighborhood social bonds","1777040084831"
"fksripew6vimocyncyw","Scalability test room","1tfbaz5f55djmocyndph","Green spaces improve mental health in urban environments","1777040087516"
"fksripew6vimocyncyw","Scalability test room","4ab4wgqnap1mocyndph","Community gardens strengthen neighborhood social bonds","1777040088752"
"fksripew6vimocyncyw","Scalability test room","pjqculz1ezmocyndpg","Electric vehicle charging should be publicly funded","1777040089851"
"fksripew6vimocyncyw","Scalability test room","qsucmcs92b9mocyndpg","Solar panels should be required on all new construction","1777040093969"
"fksripew6vimocyncyw","Scalability test room","azx3tuupjcqmocyndpg","Trees on residential streets should be protected by law","1777040100349"
"fksripew6vimocyncyw","Scalability test room","0wdyltbgu7fnmocyndpg","Affordable housing quotas should apply to all new developments","1777040102406"
"fksripew6vimocyncyw","Scalability test room","r4zs3y0mwepmocyndpg","Noise ordinances should be stricter in residential zones","1777040103934"
"fksripew6vimocyncyw","Scalability test room","lvus8uuorokmocyndpg","Noise ordinances should be stricter in residential zones","1777040107368"
"fksripew6vimocyncyw","Scalability test room","4cougma9nibmocyndph","Community gardens strengthen neighborhood social bonds","1777040111405"
"fksripew6vimocyncyw","Scalability test room","d70ptu6u96dmocyndph","Pedestrian-first street design reduces traffic accidents","1777040115092"
"fksripew6vimocyncyw","Scalability test room","blxw24d8wv8mocyndph","Local businesses deserve priority over national chains","1777040115152"
"fksripew6vimocyncyw","Scalability test room","yzon02rnhaqmocyndpg","The city should invest more in public transit infrastructure","1777040118842"
"fksripew6vimocyncyw","Scalability test room","39ocm51p4rzmocyndpg","Rent control protects long-term residents from displacement","1777040120667"
"fksripew6vimocyncyw","Scalability test room","jqyhrgv5fbcmocyndpg","Historic preservation limits necessary urban growth","1777040122456"
"fksripew6vimocyncyw","Scalability test room","v381a76dbymocyndpg","Farmers markets support local food systems","1777040124295"
"fksripew6vimocyncyw","Scalability test room","mls4yohi86mmocyndpg","Bike lanes should replace parking on main streets","1777040125192"
"fksripew6vimocyncyw","Scalability test room","37mvx377qamocyndpg","Noise ordinances should be stricter in residential zones","1777040128373"
"fksripew6vimocyncyw","Scalability test room","gz2dup5ut7tmocyndpg","Mixed-use zoning makes neighborhoods more livable","1777040128421"
"fksripew6vimocyncyw","Scalability test room","qrdjvkepb8mmocyndpg","Remote work has permanently changed how we use office space","1777040135897"
"fksripew6vimocyncyw","Scalability test room","ibde8hllumpmocyndph","Food trucks add vibrancy to urban commercial corridors","1777040139419"
"fksripew6vimocyncyw","Scalability test room","8lcp49hdt6mmocyndph","The city should invest more in public transit infrastructure","1777040141603"
"fksripew6vimocyncyw","Scalability test room","bowo9wu2ai8mocyndpg","Community gardens strengthen neighborhood social bonds","1777040143045"
"fksripew6vimocyncyw","Scalability test room","fu2792io9rgmocyndpg","Pedestrian-first street design reduces traffic accidents","1777040143520"
"fksripew6vimocyncyw","Scalability test room","4gy98t2owrjmocyndph","Noise ordinances should be stricter in residential zones","1777040148558"
"fksripew6vimocyncyw","Scalability test room","riqvtbmjtn9mocyndpg","Community gardens strengthen neighborhood social bonds","1777040153561"
"fksripew6vimocyncyw","Scalability test room","a7le3gok8inmocyndph","Electric vehicle charging should be publicly funded","1777040154107"
"fksripew6vimocyncyw","Scalability test room","psneimdqemocyndph","Noise ordinances should be stricter in residential zones","1777040154141"
"fksripew6vimocyncyw","Scalability test room","76oh4z0wbi3mocyndph","Historic preservation limits necessary urban growth","1777040155644"
"fksripew6vimocyncyw","Scalability test room","ptameqnvoqmocyndpg","Farmers markets support local food systems","1777040163984"
"fksripew6vimocyncyw","Scalability test room","yqpcmsyotmcmocyndph","Affordable housing quotas should apply to all new developments","1777040169620"
"fksripew6vimocyncyw","Scalability test room","efalo432qsmocyndpg","Community gardens strengthen neighborhood social bonds","1777040171192"
"fksripew6vimocyncyw","Scalability test room","edf00ji7vjkmocyndpg","Farmers markets support local food systems","1777040174374"
"fksripew6vimocyncyw","Scalability test room","s2i4f9zrmnrmocyndph","Historic preservation limits necessary urban growth","1777040176588"
"fksripew6vimocyncyw","Scalability test room","7vc6tfdrughmocyndph","Food trucks add vibrancy to urban commercial corridors","1777040179869"
"fksripew6vimocyncyw","Scalability test room","5zy9q3xbocymocyndph","Solar panels should be required on all new construction","1777040182794"
"fksripew6vimocyncyw","Scalability test room","m6loatahhmocyndph","Historic preservation limits necessary urban growth","1777040184574"
"fksripew6vimocyncyw","Scalability test room","6n6rlst797mocyndpg","Farmers markets support local food systems","1777040186576"
"fksripew6vimocyncyw","Scalability test room","ye2ry3uzbjhmocyndpg","Public libraries are essential community infrastructure","1777040191244"
"fksripew6vimocyncyw","Scalability test room","pqut6hnhqnmocyndph","Electric vehicle charging should be publicly funded","1777040192145"
"fksripew6vimocyncyw","Scalability test room","utpdh55277mocyndph","Food trucks add vibrancy to urban commercial corridors","1777040196739"
"fksripew6vimocyncyw","Scalability test room","pa6sqwb6vimocyndph","Urban density reduces per-capita carbon footprint","1777040198131"
"fksripew6vimocyncyw","Scalability test room","0yl37p1s9iacmocyndph","Street parking fees should fund public transportation","1777040199353"
"fksripew6vimocyncyw","Scalability test room","ia6p7wp5comocyndph","Remote work has permanently changed how we use office space","1777040203923"
"fksripew6vimocyncyw","Scalability test room","ivqav46nnumocyndph","Public libraries are essential community infrastructure","1777040204309"
"fksripew6vimocyncyw","Scalability test room","12l9bjpnvlwmocyndph","Bike lanes should replace parking on main streets","1777040207648"
"fksripew6vimocyncyw","Scalability test room","edelkg37r1emocyndph","Local businesses deserve priority over national chains","1777040215038"
"fksripew6vimocyncyw","Scalability test room","ex7dk464m1mocyndph","Food trucks add vibrancy to urban commercial corridors","1777040216702"
"fksripew6vimocyncyw","Scalability test room","zlz2fk58zgjmocyndpg","Urban density reduces per-capita carbon footprint","1777040220064"
"fksripew6vimocyncyw","Scalability test room","52qmdkzcawhmocyndpg","The city should invest more in public transit infrastructure","1777040226306"
"fksripew6vimocyncyw","Scalability test room","0af0xyh6p5ptmocyndpg","The city should invest more in public transit infrastructure","1777040228543"
"fksripew6vimocyncyw","Scalability test room","2no9xin9184mocyndpg","Remote work has permanently changed how we use office space","1777040235636"
"fksripew6vimocyncyw","Scalability test room","7q0axqc728fmocyndpg","Electric vehicle charging should be publicly funded","1777040235650"
"fksripew6vimocyncyw","Scalability test room","ko5cv44z99gmocyndph","Solar panels should be required on all new construction","1777040236389"
"fksripew6vimocyncyw","Scalability test room","gkm6snjj4ppmocyndpg","Food trucks add vibrancy to urban commercial corridors","1777040247218"
"fksripew6vimocyncyw","Scalability test room","nn5wf33yo3rmocyndph","Historic preservation limits necessary urban growth","1777040252033"
"fksripew6vimocyncyw","Scalability test room","5s52jtawdt9mocyndpg","Mixed-use zoning makes neighborhoods more livable","1777040253234"
"fksripew6vimocyncyw","Scalability test room","ps1a7vn5tbpmocyndph","Bike lanes should replace parking on main streets","1777040253961"
"fksripew6vimocyncyw","Scalability test room","6lj0rxlwm2jmocyndpg","Urban density reduces per-capita carbon footprint","1777040254536"
"fksripew6vimocyncyw","Scalability test room","ias1vsqswagmocyndpg","Remote work has permanently changed how we use office space","1777040255246"
"fksripew6vimocyncyw","Scalability test room","wp3mf9rg1ubmocyndph","Food trucks add vibrancy to urban commercial corridors","1777040256345"
"fksripew6vimocyncyw","Scalability test room","x3q1wz1rp4lmocyndpg","Solar panels should be required on all new construction","1777040256856"
"fksripew6vimocyncyw","Scalability test room","7fkkbepn6fqmocyndph","Street parking fees should fund public transportation","1777040263230"
"fksripew6vimocyncyw","Scalability test room","q9z1kjat5hmocyndpg","Green spaces improve mental health in urban environments","1777040263833"
"fksripew6vimocyncyw","Scalability test room","rxnuw9ugkcpmocyndph","Public libraries are essential community infrastructure","1777040266370"
"fksripew6vimocyncyw","Scalability test room","bi530bc16rwmocyndpg","Remote work has permanently changed how we use office space","1777040276474"
"fksripew6vimocyncyw","Scalability test room","p4gzxzeq2frmocyndpg","Rent control protects long-term residents from displacement","1777040278852"
"fksripew6vimocyncyw","Scalability test room","p53cg8zazpmocyndph","Remote work has permanently changed how we use office space","1777040281551"
"fksripew6vimocyncyw","Scalability test room","jufs9wiztpomocyndph","The city should invest more in public transit infrastructure","1777040285876"
"fksripew6vimocyncyw","Scalability test room","h3f6vo3lxz8mocyndpg","Solar panels should be required on all new construction","1777040290897"
"fksripew6vimocyncyw","Scalability test room","kols2xxy0lomocyndpg","Street parking fees should fund public transportation","1777040291022"
"fksripew6vimocyncyw","Scalability test room","pnb05z3fctmocyndpg","Affordable housing quotas should apply to all new developments","1777040292044"
"fksripew6vimocyncyw","Scalability test room","nyme10xwigmocyndpg","Rent control protects long-term residents from displacement","1777040294091"
"fksripew6vimocyncyw","Scalability test room","vp9pcc8ksdnmocyndph","Local businesses deserve priority over national chains","1777040296821"
"fksripew6vimocyncyw","Scalability test room","gp9m4k4jxj9mocyndph","Historic preservation limits necessary urban growth","1777040297920"
"fksripew6vimocyncyw","Scalability test room","vhz9rglk8kemocyndpg","Affordable housing quotas should apply to all new developments","1777040297991"
"fksripew6vimocyncyw","Scalability test room","xefjsma4mhmocyndph","Electric vehicle charging should be publicly funded","1777040300036"
"fksripew6vimocyncyw","Scalability test room","sk6wuomvq8pmocyndph","Street parking fees should fund public transportation","1777040301710"
"fksripew6vimocyncyw","Scalability test room","pskjmp0pscmocyndpg","Bike lanes should replace parking on main streets","1777040314023"
"fksripew6vimocyncyw","Scalability test room","ors2p82fkkmocyndpg","Green spaces improve mental health in urban environments","1777040314354"
"fksripew6vimocyncyw","Scalability test room","wiglzcz6jxmocyndph","Public libraries are essential community infrastructure","1777040314706"
"fksripew6vimocyncyw","Scalability test room","p5dlld5uwvmocyndph","Farmers markets support local food systems","1777040319122"
"fksripew6vimocyncyw","Scalability test room","95vx5lmv7amocyndpg","The city should invest more in public transit infrastructure","1777040319178"
"fksripew6vimocyncyw","Scalability test room","qio1nfl5fmmocyndph","Public libraries are essential community infrastructure","1777040324052"
"fksripew6vimocyncyw","Scalability test room","bux9dls9beamocyndph","Solar panels should be required on all new construction","1777040327351"
"fksripew6vimocyncyw","Scalability test room","ufds8vj6elomocyndpg","Affordable housing quotas should apply to all new developments","1777040329753"
"fksripew6vimocyncyw","Scalability test room","4fwdpgbcwc7mocyndph","Remote work has permanently changed how we use office space","1777040330784"
"fksripew6vimocyncyw","Scalability test room","ise6d0v6z6pmocyndph","Trees on residential streets should be protected by law","1777040331351"
"fksripew6vimocyncyw","Scalability test room","d3ovtj3xlyjmocyndpi","Historic preservation limits necessary urban growth","1777040334661"
"fksripew6vimocyncyw","Scalability test room","xu7684qygcpmocyndph","Trees on residential streets should be protected by law","1777040336850"
"fksripew6vimocyncyw","Scalability test room","vs19v09jpxhmocyndpg","Noise ordinances should be stricter in residential zones","1777040339501"
"fksripew6vimocyncyw","Scalability test room","bfbmtcl9nzimocyndph","Street parking fees should fund public transportation","1777040340314"
"fksripew6vimocyncyw","Scalability test room","e1u5veppt6kmocyndph","Farmers markets support local food systems","1777040346510"
"fksripew6vimocyncyw","Scalability test room","6or9myc07dgmocyndph","Street parking fees should fund public transportation","1777040348050"
"fksripew6vimocyncyw","Scalability test room","e9fydjygu8umocyndph","Pedestrian-first street design reduces traffic accidents","1777040348502"
"fksripew6vimocyncyw","Scalability test room","ut0xecxwm2mocyndph","Bike lanes should replace parking on main streets","1777040356298"
"fksripew6vimocyncyw","Scalability test room","wpu8yz09ljkmocyndpg","Mixed-use zoning makes neighborhoods more livable","1777040356372"
"fksripew6vimocyncyw","Scalability test room","3g550d4qdt5mocyndpg","Public libraries are essential community infrastructure","1777040357807"
"fksripew6vimocyncyw","Scalability test room","qzgumcnbljmocyndpg","Electric vehicle charging should be publicly funded","1777040359137"
"fksripew6vimocyncyw","Scalability test room","opw6hti5c6omocyndph","Mixed-use zoning makes neighborhoods more livable","1777040360934"
"fksripew6vimocyncyw","Scalability test room","8vc2q8qu8ermocyndph","Affordable housing quotas should apply to all new developments","1777040366576"
"fksripew6vimocyncyw","Scalability test room","30bon1anq3ymocyndpg","The city should invest more in public transit infrastructure","1777040370002"
"fksripew6vimocyncyw","Scalability test room","64ct6fqiagomocyndpg","Community gardens strengthen neighborhood social bonds","1777040376020"
"fksripew6vimocyncyw","Scalability test room","l1abkhinhcmocyndpg","Bike lanes should replace parking on main streets","1777040382461"
"fksripew6vimocyncyw","Scalability test room","tq67w642zermocyndpg","Food trucks add vibrancy to urban commercial corridors","1777040386611"
"fksripew6vimocyncyw","Scalability test room","6w6p8w9c1qumocyndph","Mixed-use zoning makes neighborhoods more livable","1777040390258"
"fksripew6vimocyncyw","Scalability test room","dryklhdq18mocyndph","Pedestrian-first street design reduces traffic accidents","1777040390756"
"fksripew6vimocyncyw","Scalability test room","tqg9h50au68mocyndpg","Affordable housing quotas should apply to all new developments","1777040392293"
"fksripew6vimocyncyw","Scalability test room","7yrofj1b6hbmocyndpg","Remote work has permanently changed how we use office space","1777040394237"
"fksripew6vimocyncyw","Scalability test room","tzeok4pzhgmocyndph","Bike lanes should replace parking on main streets","1777040394573"
"fksripew6vimocyncyw","Scalability test room","rw4nyn8kp6emocyndph","Trees on residential streets should be protected by law","1777040396332"
"fksripew6vimocyncyw","Scalability test room","5tmla8obnefmocyndph","Public libraries are essential community infrastructure","1777040397580"
"fksripew6vimocyncyw","Scalability test room","9oswtyposimocyndph","Urban density reduces per-capita carbon footprint","1777040401060"
"fksripew6vimocyncyw","Scalability test room","z7e70z6xloimocyndpg","Green spaces improve mental health in urban environments","1777040407702"
"fksripew6vimocyncyw","Scalability test room","zbnxcgc53imocyndpg","Farmers markets support local food systems","1777040411244"
"fksripew6vimocyncyw","Scalability test room","vr75c8ycbymocyndpg","Public libraries are essential community infrastructure","1777040414794"
"fksripew6vimocyncyw","Scalability test room","rfcmc2b6w7mocyndpg","Food trucks add vibrancy to urban commercial corridors","1777040418900"
"fksripew6vimocyncyw","Scalability test room","noo1n4aknd7mocyndph","Rent control protects long-term residents from displacement","1777040419209"
"fksripew6vimocyncyw","Scalability test room","xopsiz9miygmocyndph","Bike lanes should replace parking on main streets","1777040427470"
"fksripew6vimocyncyw","Scalability test room","csdllk6eptcmocyndph","Rent control protects long-term residents from displacement","1777040436633"
"fksripew6vimocyncyw","Scalability test room","cwl5d0rxt5amocyndpg","Historic preservation limits necessary urban growth","1777040437398"
"fksripew6vimocyncyw","Scalability test room","k0w5nprokygmocyndph","Historic preservation limits necessary urban growth","1777040440746"
"fksripew6vimocyncyw","Scalability test room","pqfyb7kciecmocyndpg","Affordable housing quotas should apply to all new developments","1777040441771"
"fksripew6vimocyncyw","Scalability test room","bdpxf3g6vo4mocyndph","Affordable housing quotas should apply to all new developments","1777040443529"
"fksripew6vimocyncyw","Scalability test room","bk7nh7ly3pwmocyndph","Community gardens strengthen neighborhood social bonds","1777040444624"
"fksripew6vimocyncyw","Scalability test room","6ew8dk4nr3mocyndpg","Historic preservation limits necessary urban growth","1777040448306"
"fksripew6vimocyncyw","Scalability test room","goeuhlq5hgmmocyndph","Solar panels should be required on all new construction","1777040450354"
"fksripew6vimocyncyw","Scalability test room","dyy1we9eqymocyndpg","Remote work has permanently changed how we use office space","1777040453242"
"fksripew6vimocyncyw","Scalability test room","1fiifgcumxlmocyndph","Trees on residential streets should be protected by law","1777040455353"
"fksripew6vimocyncyw","Scalability test room","yplv74ovd8mocyndpg","Noise ordinances should be stricter in residential zones","1777040456638"
"fksripew6vimocyncyw","Scalability test room","vmn0nj3cstmocyndpg","Urban density reduces per-capita carbon footprint","1777040462430"
"fksripew6vimocyncyw","Scalability test room","iioshq3yc6hmocyndpg","Pedestrian-first street design reduces traffic accidents","1777040464021"
"fksripew6vimocyncyw","Scalability test room","r0dfbtmhoqcmocyndph","Noise ordinances should be stricter in residential zones","1777040467890"
"fksripew6vimocyncyw","Scalability test room","iqxzi432z3qmocyndph","Bike lanes should replace parking on main streets","1777040468508"
"fksripew6vimocyncyw","Scalability test room","pwgazq1j1smocyndph","Street parking fees should fund public transportation","1777040469002"
"fksripew6vimocyncyw","Scalability test room","u182y8zvlhmocyndpg","Historic preservation limits necessary urban growth","1777040471020"
"fksripew6vimocyncyw","Scalability test room","46h1x3hu1j7mocyndpg","Historic preservation limits necessary urban growth","1777040476718"
"fksripew6vimocyncyw","Scalability test room","gldnbjgu7apmocyndph","Green spaces improve mental health in urban environments","1777040476852"
"fksripew6vimocyncyw","Scalability test room","k1dx49x80zmocyndph","Remote work has permanently changed how we use office space","1777040496547"
"fksripew6vimocyncyw","Scalability test room","9b50j8x2ezrmocyndpg","Food trucks add vibrancy to urban commercial corridors","1777040505578"
"fksripew6vimocyncyw","Scalability test room","5k8165k1mcmocyndpg","Local businesses deserve priority over national chains","1777040507649"
"fksripew6vimocyncyw","Scalability test room","2s1buv68behmocyndpg","Farmers markets support local food systems","1777040512655"
"fksripew6vimocyncyw","Scalability test room","copfjt2s90umocyndph","Local businesses deserve priority over national chains","1777040513702"
"fksripew6vimocyncyw","Scalability test room","j1dds2ukscmocyndph","Public libraries are essential community infrastructure","1777040517683"
"fksripew6vimocyncyw","Scalability test room","zar46eqstbmocyndpg","Affordable housing quotas should apply to all new developments","1777040522854"
"fksripew6vimocyncyw","Scalability test room","u86inqn59ksmocyndpg","Mixed-use zoning makes neighborhoods more livable","1777040531280"
"fksripew6vimocyncyw","Scalability test room","yqufexudgmcmocyndph","The city should invest more in public transit infrastructure","1777040539005"
"fksripew6vimocyncyw","Scalability test room","ph6xytuh5nnmocyndph","Noise ordinances should be stricter in residential zones","1777040545050"
"fksripew6vimocyncyw","Scalability test room","dkkhqzgknqumocyndpg","Bike lanes should replace parking on main streets","1777040546008"
"fksripew6vimocyncyw","Scalability test room","qnmp7jacxjmocyndpg","Farmers markets support local food systems","1777040547033"
"fksripew6vimocyncyw","Scalability test room","9flgpoobyximocyndpg","Mixed-use zoning makes neighborhoods more livable","1777040548716"
"fksripew6vimocyncyw","Scalability test room","jck7pprqabhmocyndph","Community gardens strengthen neighborhood social bonds","1777040551958"
"fksripew6vimocyncyw","Scalability test room","5ahf2xjiy0gmocyndpi","Solar panels should be required on all new construction","1777040554023"
"fksripew6vimocyncyw","Scalability test room","9m39nzkjgremocyndph","Historic preservation limits necessary urban growth","1777040554066"
"fksripew6vimocyncyw","Scalability test room","5lywjngmv42mocyndpg","Remote work has permanently changed how we use office space","1777040557784"
"fksripew6vimocyncyw","Scalability test room","h20ncyvzrqmocyndpg","Food trucks add vibrancy to urban commercial corridors","1777040563771"
"fksripew6vimocyncyw","Scalability test room","9tstumoz9wmocyndph","Solar panels should be required on all new construction","1777040572336"
"fksripew6vimocyncyw","Scalability test room","61w7tzmedmocyndpg","Trees on residential streets should be protected by law","1777040577452"
"fksripew6vimocyncyw","Scalability test room","ylk83bul5kamocyndph","Local businesses deserve priority over national chains","1777040584903"
"fksripew6vimocyncyw","Scalability test room","u9p5jcy1afmocyndph","Green spaces improve mental health in urban environments","1777040595065"
"fksripew6vimocyncyw","Scalability test room","70n309ehhxmocyndph","Trees on residential streets should be protected by law","1777040595572"
"fksripew6vimocyncyw","Scalability test room","dds07vsh269mocyndpg","Farmers markets support local food systems","1777040613281"
"fksripew6vimocyncyw","Scalability test room","dhclt6ld17mocyndph","Affordable housing quotas should apply to all new developments","1777040614154"
"fksripew6vimocyncyw","Scalability test room","w6hbmrpksnmocyndph","Trees on residential streets should be protected by law","1777040615279"
"fksripew6vimocyncyw","Scalability test room","d32y2dg5g4vmocyndph","Trees on residential streets should be protected by law","1777040622204"
"fksripew6vimocyncyw","Scalability test room","h9e48vg0oomocyndpg","Local businesses deserve priority over national chains","1777040623325"
"fksripew6vimocyncyw","Scalability test room","24jdwcmh35kmocyndpg","Community gardens strengthen neighborhood social bonds","1777040625715"
"fksripew6vimocyncyw","Scalability test room","yd29f7241r8mocyndpg","The city should invest more in public transit infrastructure","1777040626100"
"fksripew6vimocyncyw","Scalability test room","1yz0in7khk7mocyndph","Affordable housing quotas should apply to all new developments","1777040631060"
"fksripew6vimocyncyw","Scalability test room","w9hqdm9mcg8mocyndph","The city should invest more in public transit infrastructure","1777040636082"
"fksripew6vimocyncyw","Scalability test room","fuentuyk5ifmocyndpg","Bike lanes should replace parking on main streets","1777040643680"
"fksripew6vimocyncyw","Scalability test room","1q6hgqhlwvwimocyndpg","Food trucks add vibrancy to urban commercial corridors","1777040646504"
"fksripew6vimocyncyw","Scalability test room","rd5vty5gsqmmocyndpg","Historic preservation limits necessary urban growth","1777040655208"
"fksripew6vimocyncyw","Scalability test room","ci052d8dhutmocyndph","The city should invest more in public transit infrastructure","1777040656806"
"fksripew6vimocyncyw","Scalability test room","1ipumvuiohlmocyndpg","Historic preservation limits necessary urban growth","1777040659821"
"fksripew6vimocyncyw","Scalability test room","r1q3mm71dimocyndpg","Pedestrian-first street design reduces traffic accidents","1777040660208"
"fksripew6vimocyncyw","Scalability test room","dfdqnycjkddmocyndph","Local businesses deserve priority over national chains","1777040661695"
"fksripew6vimocyncyw","Scalability test room","nl997r011emocyndpg","Mixed-use zoning makes neighborhoods more livable","1777040661826"
"fksripew6vimocyncyw","Scalability test room","acx957ez5dbmocyndpg","Local businesses deserve priority over national chains","1777040672625"
"fksripew6vimocyncyw","Scalability test room","wzfxbw3jpadmocyndpg","Local businesses deserve priority over national chains","1777040674768"
"fksripew6vimocyncyw","Scalability test room","goo4zpjai8mmocyndph","Noise ordinances should be stricter in residential zones","1777040675559"
"fksripew6vimocyncyw","Scalability test room","20xqcj8nl8pmocyndpg","Green spaces improve mental health in urban environments","1777040683408"
"fksripew6vimocyncyw","Scalability test room","8h2lu4xjmnmocyndpg","Green spaces improve mental health in urban environments","1777040685407"
"fksripew6vimocyncyw","Scalability test room","6nzcc76pxtamocyndph","Rent control protects long-term residents from displacement","1777040686339"
"fksripew6vimocyncyw","Scalability test room","dl1b78vddsmocyndph","The city should invest more in public transit infrastructure","1777040689020"
"fksripew6vimocyncyw","Scalability test room","z1b4l8ua8xmocyndpg","Local businesses deserve priority over national chains","1777040692312"
"fksripew6vimocyncyw","Scalability test room","ys8oxpbk8emocyndpg","Rent control protects long-term residents from displacement","1777040695170"
"fksripew6vimocyncyw","Scalability test room","fv3s0htw3kmocyndpg","Affordable housing quotas should apply to all new developments","1777040699388"
"fksripew6vimocyncyw","Scalability test room","6hjvqu9ela6mocyndph","Solar panels should be required on all new construction","1777040703316"
"fksripew6vimocyncyw","Scalability test room","vq5k88ll6mmocyndph","Bike lanes should replace parking on main streets","1777040704515"
"fksripew6vimocyncyw","Scalability test room","avdqeyrjyomocyndph","Mixed-use zoning makes neighborhoods more livable","1777040709167"
"fksripew6vimocyncyw","Scalability test room","cebolke4z5mmocyndpg","Local businesses deserve priority over national chains","1777040722611"
"fksripew6vimocyncyw","Scalability test room","l963ffxsq7kmocyndpg","Mixed-use zoning makes neighborhoods more livable","1777040723539"
"fksripew6vimocyncyw","Scalability test room","f43f3n4hv7umocyndpg","Trees on residential streets should be protected by law","1777040727246"
"fksripew6vimocyncyw","Scalability test room","hikj86i09m8mocyndpg","Historic preservation limits necessary urban growth","1777040728447"
"fksripew6vimocyncyw","Scalability test room","h30qcwd7cysmocyndpg","Mixed-use zoning makes neighborhoods more livable","1777040733550"
"fksripew6vimocyncyw","Scalability test room","tvfmqjn8q0smocyndph","Urban density reduces per-capita carbon footprint","1777040736173"
"fksripew6vimocyncyw","Scalability test room","8zxpzva2j5wmocyndph","Affordable housing quotas should apply to all new developments","1777040739179"
"fksripew6vimocyncyw","Scalability test room","pt50il9cg2fmocyndpg","Bike lanes should replace parking on main streets","1777040741003"
"fksripew6vimocyncyw","Scalability test room","o8o27kr2b4rmocyndpg","Trees on residential streets should be protected by law","1777040746451"
"fksripew6vimocyncyw","Scalability test room","pj3ik92bnkkmocyndph","Noise ordinances should be stricter in residential zones","1777040754641"
"fksripew6vimocyncyw","Scalability test room","45ja0fpri1omocyndpg","Solar panels should be required on all new construction","1777040762206"
"fksripew6vimocyncyw","Scalability test room","ua0o677vn1mocyndph","Electric vehicle charging should be publicly funded","1777040768368"
"fksripew6vimocyncyw","Scalability test room","m0rg9b4ufbmocyndph","Remote work has permanently changed how we use office space","1777040778432"
"fksripew6vimocyncyw","Scalability test room","j6w8fgh3sgcmocyndph","The city should invest more in public transit infrastructure","1777040783890"
"fksripew6vimocyncyw","Scalability test room","v84cqyk30uqmocyndpg","Bike lanes should replace parking on main streets","1777040791633"
"fksripew6vimocyncyw","Scalability test room","3b50mkp3h6wmocyndpg","Remote work has permanently changed how we use office space","1777040792358"
"fksripew6vimocyncyw","Scalability test room","k524o1tsbcmocyndpg","Farmers markets support local food systems","1777040793733"
"fksripew6vimocyncyw","Scalability test room","akpy1m2m5amocyndph","Solar panels should be required on all new construction","1777040800132"
"fksripew6vimocyncyw","Scalability test room","a7hrkf3p09wmocyndph","Local businesses deserve priority over national chains","1777040805215"
"fksripew6vimocyncyw","Scalability test room","qpyiz4otwlqmocyndph","Green spaces improve mental health in urban environments","1777040807960"
"fksripew6vimocyncyw","Scalability test room","33ogt9nqr2umocyndph","Trees on residential streets should be protected by law","1777040809981"
"fksripew6vimocyncyw","Scalability test room","ubj4cv1mbhomocyndph","Green spaces improve mental health in urban environments","1777040813559"
"fksripew6vimocyncyw","Scalability test room","ar1gidmuv3pmocyndph","Remote work has permanently changed how we use office space","1777040822626"
"fksripew6vimocyncyw","Scalability test room","eursx1cyh3tmocyndph","Urban density reduces per-capita carbon footprint","1777040834144"
"fksripew6vimocyncyw","Scalability test room","ft77mf1q2fsmocyndpg","Noise ordinances should be stricter in residential zones","1777040837938"
"fksripew6vimocyncyw","Scalability test room","xw3v5yw0vpqmocyndpg","Affordable housing quotas should apply to all new developments","1777040839517"
"fksripew6vimocyncyw","Scalability test room","fhr15ncrdd8mocyndph","Trees on residential streets should be protected by law","1777040841000"
"fksripew6vimocyncyw","Scalability test room","wwzpxmz1gbmocyndph","Street parking fees should fund public transportation","1777040842791"
"fksripew6vimocyncyw","Scalability test room","is0k1l2aj5imocyndpg","The city should invest more in public transit infrastructure","1777040843715"
"fksripew6vimocyncyw","Scalability test room","xs68cysv1bjmocyndph","Trees on residential streets should be protected by law","1777040845082"
"fksripew6vimocyncyw","Scalability test room","nq9pkx2jscqmocyndpi","Remote work has permanently changed how we use office space","1777040848252"
"fksripew6vimocyncyw","Scalability test room","y6k07j16eermocyndpg","Community gardens strengthen neighborhood social bonds","1777040849223"
"fksripew6vimocyncyw","Scalability test room","72eio4kg0v8mocyndpg","Farmers markets support local food systems","1777040850867"
"fksripew6vimocyncyw","Scalability test room","whum8rwqa2mocyndpg","The city should invest more in public transit infrastructure","1777040852220"
"fksripew6vimocyncyw","Scalability test room","p2nlb09vewmocyndpg","Urban density reduces per-capita carbon footprint","1777040852540"
"fksripew6vimocyncyw","Scalability test room","ttklfc96esmocyndph","Mixed-use zoning makes neighborhoods more livable","1777040853434"
"fksripew6vimocyncyw","Scalability test room","yac14fez58cmocyndph","Trees on residential streets should be protected by law","1777040854104"
"fksripew6vimocyncyw","Scalability test room","reqp0asljdpmocyndph","Farmers markets support local food systems","1777040854554"
"fksripew6vimocyncyw","Scalability test room","8dt61h3iyuimocyndpg","Public libraries are essential community infrastructure","1777040863554"
"fksripew6vimocyncyw","Scalability test room","gban0k5biumocyndpg","Noise ordinances should be stricter in residential zones","1777040869715"
"fksripew6vimocyncyw","Scalability test room","ack9urdshmmocyndph","Pedestrian-first street design reduces traffic accidents","1777040869884"
"fksripew6vimocyncyw","Scalability test room","2u53y9s6jz3mocyndpg","Historic preservation limits necessary urban growth","1777040874370"
"fksripew6vimocyncyw","Scalability test room","2df8kqzzuzemocyndph","Noise ordinances should be stricter in residential zones","1777040881524"
"fksripew6vimocyncyw","Scalability test room","lavn8z8z0esmocyndpg","The city should invest more in public transit infrastructure","1777040886184"
"fksripew6vimocyncyw","Scalability test room","6zy3jcb9h25mocyndph","Electric vehicle charging should be publicly funded","1777040886908"
"fksripew6vimocyncyw","Scalability test room","h8pn9qo8dbwmocyndph","Community gardens strengthen neighborhood social bonds","1777040892505"
"fksripew6vimocyncyw","Scalability test room","4rrj8gl8nivmocyndpg","The city should invest more in public transit infrastructure","1777040894543"
"fksripew6vimocyncyw","Scalability test room","b7af38sp7jfmocyndpg","Mixed-use zoning makes neighborhoods more livable","1777040899094"
"fksripew6vimocyncyw","Scalability test room","6n27p7lqfp6mocyndpg","Noise ordinances should be stricter in residential zones","1777040900000"
"fksripew6vimocyncyw","Scalability test room","h8mhzoynxemocyndpg","Rent control protects long-term residents from displacement","1777040910549"
"fksripew6vimocyncyw","Scalability test room","rw8pa0v20uemocyndph","Historic preservation limits necessary urban growth","1777040916485"
"fksripew6vimocyncyw","Scalability test room","6l40ogoqbw9mocyndph","The city should invest more in public transit infrastructure","1777040927478"
"fksripew6vimocyncyw","Scalability test room","zvmp40bupncmocyndpg","Electric vehicle charging should be publicly funded","1777040928564"
"fksripew6vimocyncyw","Scalability test room","qio25xv2rmmmocyndph","Noise ordinances should be stricter in residential zones","1777040932465"
"fksripew6vimocyncyw","Scalability test room","qjdjs6lxe3mocyndph","The city should invest more in public transit infrastructure","1777040942578"
"fksripew6vimocyncyw","Scalability test room","banyon5surmocyndpg","Remote work has permanently changed how we use office space","1777040945747"
"fksripew6vimocyncyw","Scalability test room","4s2ajkimphxmocyndph","The city should invest more in public transit infrastructure","1777040948436"
"fksripew6vimocyncyw","Scalability test room","qdnoploqapmocyndph","Local businesses deserve priority over national chains","1777040949492"
"fksripew6vimocyncyw","Scalability test room","orptaa1g7qmocyndph","Trees on residential streets should be protected by law","1777040949506"
"fksripew6vimocyncyw","Scalability test room","le1imscnwimocyndpg","Green spaces improve mental health in urban environments","1777040950239"
"fksripew6vimocyncyw","Scalability test room","c60mwxyiz0hmocyndpg","Green spaces improve mental health in urban environments","1777040960257"
"fksripew6vimocyncyw","Scalability test room","tnp8fxs464mocyndph","Green spaces improve mental health in urban environments","1777040963657"
"fksripew6vimocyncyw","Scalability test room","fjivd464ugemocyndph","Electric vehicle charging should be publicly funded","1777040965416"
"fksripew6vimocyncyw","Scalability test room","qusiyl1nr99mocyndpg","Community gardens strengthen neighborhood social bonds","1777040974385"
"fksripew6vimocyncyw","Scalability test room","90zav654ewmocyndpg","Green spaces improve mental health in urban environments","1777040974591"
"fksripew6vimocyncyw","Scalability test room","hyz2shf0ltbmocyndpg","Mixed-use zoning makes neighborhoods more livable","1777040984406"
"fksripew6vimocyncyw","Scalability test room","rmd5utlkyumocyndpg","Remote work has permanently changed how we use office space","1777040984759"
"fksripew6vimocyncyw","Scalability test room","0p5pze8acqdhmocyndph","Local businesses deserve priority over national chains","1777040987318"
"fksripew6vimocyncyw","Scalability test room","hedb6brnddmocyndph","Pedestrian-first street design reduces traffic accidents","1777040988525"
"fksripew6vimocyncyw","Scalability test room","3mdsy5a9q1gmocyndpg","Remote work has permanently changed how we use office space","1777040994464"
"fksripew6vimocyncyw","Scalability test room","k5wjob0t35lmocyndpg","Street parking fees should fund public transportation","1777040997310"
"fksripew6vimocyncyw","Scalability test room","i5lrqu1kp8mocyndph","Farmers markets support local food systems","1777041007474"
"fksripew6vimocyncyw","Scalability test room","wtd0evg9socmocyndph","Green spaces improve mental health in urban environments","1777041009371"
"fksripew6vimocyncyw","Scalability test room","pkzdi18cdzlmocyndpg","Pedestrian-first street design reduces traffic accidents","1777041009694"
"fksripew6vimocyncyw","Scalability test room","svqv850qexgmocyndpg","Mixed-use zoning makes neighborhoods more livable","1777041012206"
"fksripew6vimocyncyw","Scalability test room","fnutt0usp6cmocyndpg","Historic preservation limits necessary urban growth","1777041014804"
"fksripew6vimocyncyw","Scalability test room","2kttoi0fgrpmocyndpg","Pedestrian-first street design reduces traffic accidents","1777041024465"
"fksripew6vimocyncyw","Scalability test room","ilfwq3a51ismocyndph","Historic preservation limits necessary urban growth","1777041031037"
"fksripew6vimocyncyw","Scalability test room","m6jlh63jdufmocyndph","Public libraries are essential community infrastructure","1777041036076"
"fksripew6vimocyncyw","Scalability test room","wus7xvfamoemocyndpg","Noise ordinances should be stricter in residential zones","1777041036818"
"fksripew6vimocyncyw","Scalability test room","l5vd8862y5mocyndph","Noise ordinances should be stricter in residential zones","1777041038268"
"fksripew6vimocyncyw","Scalability test room","7utou6avk8tmocyndpg","Food trucks add vibrancy to urban commercial corridors","1777041039037"
"fksripew6vimocyncyw","Scalability test room","ryqcl1rzjbrmocyndpg","Farmers markets support local food systems","1777041055648"
"fksripew6vimocyncyw","Scalability test room","ih1nfptprxmocyndpg","Public libraries are essential community infrastructure","1777041060218"
"fksripew6vimocyncyw","Scalability test room","o0kcxelelabmocyndph","Historic preservation limits necessary urban growth","1777041061136"
"fksripew6vimocyncyw","Scalability test room","dnv72xxi0fmocyndph","Electric vehicle charging should be publicly funded","1777041061531"
"fksripew6vimocyncyw","Scalability test room","9c2v4hd54tumocyndph","Food trucks add vibrancy to urban commercial corridors","1777041065637"
"fksripew6vimocyncyw","Scalability test room","gg3q2g879rmocyndpg","Remote work has permanently changed how we use office space","1777041065894"
"fksripew6vimocyncyw","Scalability test room","8ldenb2nsv6mocyndph","Electric vehicle charging should be publicly funded","1777041069212"
"fksripew6vimocyncyw","Scalability test room","sv2mpjsnayimocyndpg","Food trucks add vibrancy to urban commercial corridors","1777041072627"
"fksripew6vimocyncyw","Scalability test room","ubot1df36emocyndpg","Affordable housing quotas should apply to all new developments","1777041079664"
"fksripew6vimocyncyw","Scalability test room","3w84kuvyftemocyndpg","Mixed-use zoning makes neighborhoods more livable","1777041081007"
"fksripew6vimocyncyw","Scalability test room","fhe5rbrh9hmocyndpg","Farmers markets support local food systems","1777041082531"
"fksripew6vimocyncyw","Scalability test room","26pl71lws7gmocyndpg","Trees on residential streets should be protected by law","1777041083198"
"fksripew6vimocyncyw","Scalability test room","b4t5a7l5el6mocyndph","Solar panels should be required on all new construction","1777041083632"
"fksripew6vimocyncyw","Scalability test room","g9r0kknof4mocyndph","Local businesses deserve priority over national chains","1777041083917"
"fksripew6vimocyncyw","Scalability test room","52zeeohpw0cmocyndpg","Historic preservation limits necessary urban growth","1777041086710"
"fksripew6vimocyncyw","Scalability test room","bc2j96k8wk7mocyndph","Street parking fees should fund public transportation","1777041093320"
"fksripew6vimocyncyw","Scalability test room","8m6u6wefko4mocyndph","Community gardens strengthen neighborhood social bonds","1777041094204"
"fksripew6vimocyncyw","Scalability test room","eyqen93xlymocyndph","The city should invest more in public transit infrastructure","1777041095002"
"fksripew6vimocyncyw","Scalability test room","i0v98fgwd5cmocyndph","Bike lanes should replace parking on main streets","1777041098592"
"fksripew6vimocyncyw","Scalability test room","z5yv3mk7jvomocyndpg","Noise ordinances should be stricter in residential zones","1777041098800"
"fksripew6vimocyncyw","Scalability test room","2pk86ny3g56mocyndph","Pedestrian-first street design reduces traffic accidents","1777041103698"
"fksripew6vimocyncyw","Scalability test room","c8wpeo2gm6hmocyndpg","Solar panels should be required on all new construction","1777041104330"
"fksripew6vimocyncyw","Scalability test room","rt0njxfiobmmocyndpg","Rent control protects long-term residents from displacement","1777041105165"
"fksripew6vimocyncyw","Scalability test room","xk9oaojtw5fmocyndph","Remote work has permanently changed how we use office space","1777041106111"
"fksripew6vimocyncyw","Scalability test room","k5vllu6rzypmocyndph","Farmers markets support local food systems","1777041110449"
"fksripew6vimocyncyw","Scalability test room","1w252bhrfqkmocyndph","Public libraries are essential community infrastructure","1777041119507"
"fksripew6vimocyncyw","Scalability test room","16hf5hwjgphmocyndpg","Urban density reduces per-capita carbon footprint","1777041120434"
"fksripew6vimocyncyw","Scalability test room","j3zwy15miwmocyndph","Food trucks add vibrancy to urban commercial corridors","1777041120461"
"fksripew6vimocyncyw","Scalability test room","7yg1i3oyjtmocyndpg","Green spaces improve mental health in urban environments","1777041120787"
"fksripew6vimocyncyw","Scalability test room","i2fydibk09qmocyndph","Mixed-use zoning makes neighborhoods more livable","1777041122260"
"fksripew6vimocyncyw","Scalability test room","0yal2azsyqmemocyndpg","Noise ordinances should be stricter in residential zones","1777041139413"
"fksripew6vimocyncyw","Scalability test room","y0cwmknajhmocyndph","Mixed-use zoning makes neighborhoods more livable","1777041141811"
"fksripew6vimocyncyw","Scalability test room","3iunyt9x72gmocyndpg","The city should invest more in public transit infrastructure","1777041145558"
"fksripew6vimocyncyw","Scalability test room","67o3jc6elqqmocyndph","Local businesses deserve priority over national chains","1777041147421"
"fksripew6vimocyncyw","Scalability test room","38kn5uvhb1omocyndpg","Urban density reduces per-capita carbon footprint","1777041148594"
"fksripew6vimocyncyw","Scalability test room","1x3i7ov3y4dimocyndph","Farmers markets support local food systems","1777041150304"
"fksripew6vimocyncyw","Scalability test room","1cl7p81lqlzmocyndph","Trees on residential streets should be protected by law","1777041156528"
"fksripew6vimocyncyw","Scalability test room","uf19jyh2t59mocyndph","Public libraries are essential community infrastructure","1777041162301"
"fksripew6vimocyncyw","Scalability test room","0b5wr3khlxvjmocyndph","Mixed-use zoning makes neighborhoods more livable","1777041165948"
"fksripew6vimocyncyw","Scalability test room","c94aob0clavmocyndpg","Bike lanes should replace parking on main streets","1777041168941"
"fksripew6vimocyncyw","Scalability test room","kdiq0l1q0emocyndph","The city should invest more in public transit infrastructure","1777041175840"
"fksripew6vimocyncyw","Scalability test room","tckoclnvkfqmocyndpg","The city should invest more in public transit infrastructure","1777041179361"
"fksripew6vimocyncyw","Scalability test room","wr1vq95n0pmocyndpg","Community gardens strengthen neighborhood social bonds","1777041180758"
"fksripew6vimocyncyw","Scalability test room","7gvdw6anppumocyndph","Public libraries are essential community infrastructure","1777041183264"
"fksripew6vimocyncyw","Scalability test room","vdbihqq9uqgmocyndph","Historic preservation limits necessary urban growth","1777041183953"
"fksripew6vimocyncyw","Scalability test room","rzxtzh5kebmocyndpg","Urban density reduces per-capita carbon footprint","1777041187890"
"fksripew6vimocyncyw","Scalability test room","e063qax89f5mocyndph","Historic preservation limits necessary urban growth","1777041190326"
"fksripew6vimocyncyw","Scalability test room","gqgfs3tldowmocyndpg","Local businesses deserve priority over national chains","1777041194991"
"fksripew6vimocyncyw","Scalability test room","d262ufl6c0jmocyndpg","Street parking fees should fund public transportation","1777041205660"
"fksripew6vimocyncyw","Scalability test room","t90rbhminqfmocyndph","Trees on residential streets should be protected by law","1777041211377"
"fksripew6vimocyncyw","Scalability test room","j4iourswculmocyndpg","Community gardens strengthen neighborhood social bonds","1777041220424"
"fksripew6vimocyncyw","Scalability test room","7qdsvvapfommocyndpg","Affordable housing quotas should apply to all new developments","1777041221290"
"fksripew6vimocyncyw","Scalability test room","jofh5dbesajmocyndpg","Pedestrian-first street design reduces traffic accidents","1777041222578"
"fksripew6vimocyncyw","Scalability test room","3h4obxi1438mocyndpg","Trees on residential streets should be protected by law","1777041222978"
"fksripew6vimocyncyw","Scalability test room","gx788ocm5nqmocyndpg","Local businesses deserve priority over national chains","1777041223022"
"fksripew6vimocyncyw","Scalability test room","thfyx7583imocyndph","Bike lanes should replace parking on main streets","1777041230030"
"fksripew6vimocyncyw","Scalability test room","766vpr0wf6ymocyndpg","Remote work has permanently changed how we use office space","1777041240139"
"fksripew6vimocyncyw","Scalability test room","0oz58lkwdzrmocyndph","Urban density reduces per-capita carbon footprint","1777041241318"
"fksripew6vimocyncyw","Scalability test room","c0rc0jjs4t4mocyndph","Community gardens strengthen neighborhood social bonds","1777041246711"
"fksripew6vimocyncyw","Scalability test room","onexxsp915nmocyndpg","Street parking fees should fund public transportation","1777041250336"
"fksripew6vimocyncyw","Scalability test room","b0qi5bfglebmocyndph","Affordable housing quotas should apply to all new developments","1777041252941"
"fksripew6vimocyncyw","Scalability test room","1fu4yzukejdmocyndpg","Public libraries are essential community infrastructure","1777041262749"
"fksripew6vimocyncyw","Scalability test room","9qsir7xcr88mocyndpg","Mixed-use zoning makes neighborhoods more livable","1777041264969"
"fksripew6vimocyncyw","Scalability test room","ai07oe2al6mocyndpg","Remote work has permanently changed how we use office space","1777041265909"
"fksripew6vimocyncyw","Scalability test room","z7px6gtaekmocyndpg","Green spaces improve mental health in urban environments","1777041266474"
"fksripew6vimocyncyw","Scalability test room","ulegkruzekmmocyndph","Affordable housing quotas should apply to all new developments","1777041270991"
"fksripew6vimocyncyw","Scalability test room","au445k7ghi7mocyndph","Remote work has permanently changed how we use office space","1777041272421"
"fksripew6vimocyncyw","Scalability test room","xo1z0yqkalmocyndpg","Green spaces improve mental health in urban environments","1777041273546"
"fksripew6vimocyncyw","Scalability test room","ms804dcnnmlmocyndpg","Mixed-use zoning makes neighborhoods more livable","1777041274370"
"fksripew6vimocyncyw","Scalability test room","nmz44xeqwrgmocyndpg","Noise ordinances should be stricter in residential zones","1777041279292"
"fksripew6vimocyncyw","Scalability test room","5u9iu65w59jmocyndpg","Community gardens strengthen neighborhood social bonds","1777041285017"
"fksripew6vimocyncyw","Scalability test room","103gr4aj8dymocyndpg","Community gardens strengthen neighborhood social bonds","1777041288338"
"fksripew6vimocyncyw","Scalability test room","o8ach3ulmimocyndpg","Pedestrian-first street design reduces traffic accidents","1777041289644"
"fksripew6vimocyncyw","Scalability test room","xlh1zui8obnmocyndph","Trees on residential streets should be protected by law","1777041301352"
"fksripew6vimocyncyw","Scalability test room","lftpebdtxsmmocyndph","The city should invest more in public transit infrastructure","1777041302476"
"fksripew6vimocyncyw","Scalability test room","8190m5xn23jmocyndpg","Trees on residential streets should be protected by law","1777041306290"
"fksripew6vimocyncyw","Scalability test room","7ux90k0ryxpmocyndph","Local businesses deserve priority over national chains","1777041306941"
"fksripew6vimocyncyw","Scalability test room","acbpi8m6lyimocyndpg","Urban density reduces per-capita carbon footprint","1777041307945"
"fksripew6vimocyncyw","Scalability test room","oa73q8mhmxmocyndpg","Mixed-use zoning makes neighborhoods more livable","1777041309922"
"fksripew6vimocyncyw","Scalability test room","cn20i8i5x7jmocyndph","Solar panels should be required on all new construction","1777041313561"
"fksripew6vimocyncyw","Scalability test room","wf9sdlbaxccmocyndpg","Noise ordinances should be stricter in residential zones","1777041313883"
"fksripew6vimocyncyw","Scalability test room","6fv6dkfx7m3mocyndpg","Farmers markets support local food systems","1777041318316"
"fksripew6vimocyncyw","Scalability test room","bazljoc0qo8mocyndph","Bike lanes should replace parking on main streets","1777041318892"
"fksripew6vimocyncyw","Scalability test room","962byytdsrnmocyndpg","Noise ordinances should be stricter in residential zones","1777041318901"
"fksripew6vimocyncyw","Scalability test room","riymb0x3p1emocyndpg","Green spaces improve mental health in urban environments","1777041319918"
"fksripew6vimocyncyw","Scalability test room","r07x3yox5eqmocyndph","Affordable housing quotas should apply to all new developments","1777041324149"
"fksripew6vimocyncyw","Scalability test room","l4ktfo1ti1smocyndph","Pedestrian-first street design reduces traffic accidents","1777041325214"
"fksripew6vimocyncyw","Scalability test room","3iq0zchwo5vmocyndph","Food trucks add vibrancy to urban commercial corridors","1777041329371"
"fksripew6vimocyncyw","Scalability test room","i3196m7e4snmocyndph","Public libraries are essential community infrastructure","1777041332045"
"fksripew6vimocyncyw","Scalability test room","gdov7v8y81jmocyndpg","Remote work has permanently changed how we use office space","1777041333142"
"fksripew6vimocyncyw","Scalability test room","hgft19tvyfamocyndph","Solar panels should be required on all new construction","1777041336779"
"fksripew6vimocyncyw","Scalability test room","6wfe1ej8op4mocyndph","Rent control protects long-term residents from displacement","1777041337229"
"fksripew6vimocyncyw","Scalability test room","5ssqudypxmhmocyndpg","Food trucks add vibrancy to urban commercial corridors","1777041340563"
"fksripew6vimocyncyw","Scalability test room","ufagvzb0bsemocyndpg","Mixed-use zoning makes neighborhoods more livable","1777041344609"
"fksripew6vimocyncyw","Scalability test room","e8fg53ea0gmocyndph","Historic preservation limits necessary urban growth","1777041344707"
"fksripew6vimocyncyw","Scalability test room","blpk3z2v965mocyndph","Noise ordinances should be stricter in residential zones","1777041345875"
"fksripew6vimocyncyw","Scalability test room","ti385s8txemocyndph","Green spaces improve mental health in urban environments","1777041354188"
"fksripew6vimocyncyw","Scalability test room","i5p7ypfwy2mocyndpg","Public libraries are essential community infrastructure","1777041355679"
"fksripew6vimocyncyw","Scalability test room","tvw6ip1xkqqmocyndpg","Street parking fees should fund public transportation","1777041358098"
"fksripew6vimocyncyw","Scalability test room","3a18zubk6qjmocyndpg","Green spaces improve mental health in urban environments","1777041361862"
"fksripew6vimocyncyw","Scalability test room","1glc79sjtiqmocyndpg","Rent control protects long-term residents from displacement","1777041362819"
"fksripew6vimocyncyw","Scalability test room","ayvh8nu3r0gmocyndpg","Remote work has permanently changed how we use office space","1777041372337"
"fksripew6vimocyncyw","Scalability test room","uix4sjgu9xmocyndph","Affordable housing quotas should apply to all new developments","1777041388795"
"fksripew6vimocyncyw","Scalability test room","etbg1rvnrzmocyndpg","Rent control protects long-term residents from displacement","1777041388926"
"fksripew6vimocyncyw","Scalability test room","nd2si7v7fpdmocyndpg","Mixed-use zoning makes neighborhoods more livable","1777041390747"
"fksripew6vimocyncyw","Scalability test room","s3fso246koimocyndpg","Farmers markets support local food systems","1777041394651"
"fksripew6vimocyncyw","Scalability test room","kszqqiv88vmocyndpg","Public libraries are essential community infrastructure","1777041400289"
"fksripew6vimocyncyw","Scalability test room","qwd9mu9m75mocyndph","Farmers markets support local food systems","1777041400414"
"fksripew6vimocyncyw","Scalability test room","a71lavsa2p7mocyndpg","Trees on residential streets should be protected by law","1777041406328"
"fksripew6vimocyncyw","Scalability test room","6ux8muvia5mocyndph","Electric vehicle charging should be publicly funded","1777041407239"
"fksripew6vimocyncyw","Scalability test room","cdbp91mzybemocyndpg","Public libraries are essential community infrastructure","1777041414486"
"fksripew6vimocyncyw","Scalability test room","sojem6zyxrmocyndpg","Local businesses deserve priority over national chains","1777041416094"
"fksripew6vimocyncyw","Scalability test room","8ngeixfke8mocyndpg","Local businesses deserve priority over national chains","1777041418030"
"fksripew6vimocyncyw","Scalability test room","e67sy7gcumocyndph","Solar panels should be required on all new construction","1777041424962"
"fksripew6vimocyncyw","Scalability test room","8nfpibx2pg4mocyndpg","Affordable housing quotas should apply to all new developments","1777041427369"
"fksripew6vimocyncyw","Scalability test room","q58iwujhqmomocyndpg","Electric vehicle charging should be publicly funded","1777041427686"
"fksripew6vimocyncyw","Scalability test room","7s4e9pqolzdmocyndph","Trees on residential streets should be protected by law","1777041438746"
"fksripew6vimocyncyw","Scalability test room","evswra8a0ikmocyndpg","Noise ordinances should be stricter in residential zones","1777041441809"
"fksripew6vimocyncyw","Scalability test room","jvn548c6n9mmocyndph","Mixed-use zoning makes neighborhoods more livable","1777041457684"
"fksripew6vimocyncyw","Scalability test room","9g2bhiwfnqemocyndpg","Historic preservation limits necessary urban growth","1777041458516"
"fksripew6vimocyncyw","Scalability test room","xoeitbjg29cmocyndpg","Green spaces improve mental health in urban environments","1777041459403"
"fksripew6vimocyncyw","Scalability test room","ws4cqc3l7fmocyndpg","Green spaces improve mental health in urban environments","1777041464400"
"fksripew6vimocyncyw","Scalability test room","hv666s00zlmocyndpg","Local businesses deserve priority over national chains","1777041465521"
"fksripew6vimocyncyw","Scalability test room","o4lsypkxmffmocyndph","Electric vehicle charging should be publicly funded","1777041467235"
"fksripew6vimocyncyw","Scalability test room","lp5utbq47hmocyndpg","Bike lanes should replace parking on main streets","1777041467735"
"fksripew6vimocyncyw","Scalability test room","yiqb53re1zmocyndpg","Street parking fees should fund public transportation","1777041469866"
"fksripew6vimocyncyw","Scalability test room","0fhwv2v0zrwrmocyndph","Street parking fees should fund public transportation","1777041470909"
"fksripew6vimocyncyw","Scalability test room","50pg9e830ojmocyndph","Green spaces improve mental health in urban environments","1777041475736"
"fksripew6vimocyncyw","Scalability test room","n9d8vces348mocyndph","The city should invest more in public transit infrastructure","1777041476517"
"fksripew6vimocyncyw","Scalability test room","4lc1y2ot8vamocyndph","Trees on residential streets should be protected by law","1777041482410"
"fksripew6vimocyncyw","Scalability test room","qdimfh7wxumocyndph","Mixed-use zoning makes neighborhoods more livable","1777041484622"
"fksripew6vimocyncyw","Scalability test room","lmua4p83wlmocyndpg","Bike lanes should replace parking on main streets","1777041488165"
"fksripew6vimocyncyw","Scalability test room","tqep4297w3mocyndpg","Street parking fees should fund public transportation","1777041488496"
"fksripew6vimocyncyw","Scalability test room","uoh3obgi3cjmocyndpg","Urban density reduces per-capita carbon footprint","1777041488858"
"fksripew6vimocyncyw","Scalability test room","uqdtoura8pmocyndpg","Food trucks add vibrancy to urban commercial corridors","1777041495267"
"fksripew6vimocyncyw","Scalability test room","a1czvodxmimocyndph","Green spaces improve mental health in urban environments","1777041507564"
"fksripew6vimocyncyw","Scalability test room","nmtlt2s443qmocyndpg","Solar panels should be required on all new construction","1777041518567"
"fksripew6vimocyncyw","Scalability test room","nzyvou05yvmocyndph","Affordable housing quotas should apply to all new developments","1777041524379"
"fksripew6vimocyncyw","Scalability test room","lkoelfubmfmocyndph","Local businesses deserve priority over national chains","1777041528040"
"fksripew6vimocyncyw","Scalability test room","l7ubc5a4a2cmocyndph","Noise ordinances should be stricter in residential zones","1777041528447"
"fksripew6vimocyncyw","Scalability test room","i19g6wxnwunmocyndpg","Solar panels should be required on all new construction","1777041531951"
"fksripew6vimocyncyw","Scalability test room","oovd7g3vsfmocyndph","Pedestrian-first street design reduces traffic accidents","1777041533393"
"fksripew6vimocyncyw","Scalability test room","h9sqlx3btnbmocyndph","Green spaces improve mental health in urban environments","1777041553356"
"fksripew6vimocyncyw","Scalability test room","rs30huy58wmocyndpg","Local businesses deserve priority over national chains","1777041555012"
"fksripew6vimocyncyw","Scalability test room","ju6l93pxosmmocyndpg","Food trucks add vibrancy to urban commercial corridors","1777041560108"
"fksripew6vimocyncyw","Scalability test room","6b4ufweofrcmocyndph","Trees on residential streets should be protected by law","1777041562888"
"fksripew6vimocyncyw","Scalability test room","mdebmz215hmmocyndph","Farmers markets support local food systems","1777041568721"
"fksripew6vimocyncyw","Scalability test room","ps6ory2wy0bmocyndph","Noise ordinances should be stricter in residential zones","1777041577721"
"fksripew6vimocyncyw","Scalability test room","c0dtkgrv76umocyndph","Pedestrian-first street design reduces traffic accidents","1777041580049"
"fksripew6vimocyncyw","Scalability test room","fz02d6bodpmmocyndph","Rent control protects long-term residents from displacement","1777041580697"
"fksripew6vimocyncyw","Scalability test room","4fg53ukq0ismocyndpg","Electric vehicle charging should be publicly funded","1777041588731"
"fksripew6vimocyncyw","Scalability test room","enw84e05tnmocyndpg","Rent control protects long-term residents from displacement","1777041593863"
"fksripew6vimocyncyw","Scalability test room","m7ubbg53rnomocyndph","Remote work has permanently changed how we use office space","1777041595215"
"fksripew6vimocyncyw","Scalability test room","3ozegv9nvocmocyndpg","Food trucks add vibrancy to urban commercial corridors","1777041602326"
"fksripew6vimocyncyw","Scalability test room","pzmm9tv000hmocyndph","Pedestrian-first street design reduces traffic accidents","1777041602383"
"fksripew6vimocyncyw","Scalability test room","ri9cz9net8amocyndpg","Affordable housing quotas should apply to all new developments","1777041603748"
"fksripew6vimocyncyw","Scalability test room","bsn8qjxtn4kmocyndph","Affordable housing quotas should apply to all new developments","1777041605150"
"fksripew6vimocyncyw","Scalability test room","h4qiv22vbbomocyndph","Community gardens strengthen neighborhood social bonds","1777041608175"
"fksripew6vimocyncyw","Scalability test room","mibsvxh28remocyndph","Affordable housing quotas should apply to all new developments","1777041612924"
"fksripew6vimocyncyw","Scalability test room","bafm41gsdfdmocyndph","Electric vehicle charging should be publicly funded","1777041616854"
"fksripew6vimocyncyw","Scalability test room","yisd4monslhmocyndpg","Historic preservation limits necessary urban growth","1777041624362"
"fksripew6vimocyncyw","Scalability test room","qg8qz8txd1mocyndpi","Urban density reduces per-capita carbon footprint","1777041625604"
"fksripew6vimocyncyw","Scalability test room","qd475zcotcmocyndph","Trees on residential streets should be protected by law","1777041625628"
"fksripew6vimocyncyw","Scalability test room","hrwbhdfiicrmocyndpg","Trees on residential streets should be protected by law","1777041629631"
"fksripew6vimocyncyw","Scalability test room","y2nnyb7kyjimocyndpi","Public libraries are essential community infrastructure","1777041632323"
"fksripew6vimocyncyw","Scalability test room","et66trmejjkmocyndpg","Urban density reduces per-capita carbon footprint","1777041633232"
"fksripew6vimocyncyw","Scalability test room","nbyq2ugyogmocyndpg","Bike lanes should replace parking on main streets","1777041634749"
"fksripew6vimocyncyw","Scalability test room","tp5bq61a2wmocyndph","Urban density reduces per-capita carbon footprint","1777041635833"
"fksripew6vimocyncyw","Scalability test room","1m6b8ch80kpmocyndph","Farmers markets support local food systems","1777041636846"
"fksripew6vimocyncyw","Scalability test room","eslwktcathdmocyndpg","Community gardens strengthen neighborhood social bonds","1777041640649"
"fksripew6vimocyncyw","Scalability test room","l2o74xu7wemocyndph","Mixed-use zoning makes neighborhoods more livable","1777041641972"
"fksripew6vimocyncyw","Scalability test room","n5y0urwgvn9mocyndpg","Community gardens strengthen neighborhood social bonds","1777041646564"
"fksripew6vimocyncyw","Scalability test room","i7rqjupxssmocyndph","Mixed-use zoning makes neighborhoods more livable","1777041651022"
"fksripew6vimocyncyw","Scalability test room","w92sjle4zfmocyndpg","Pedestrian-first street design reduces traffic accidents","1777041662536"
"fksripew6vimocyncyw","Scalability test room","ut0qtplo0xmocyndpg","Farmers markets support local food systems","1777041668253"
"fksripew6vimocyncyw","Scalability test room","wo4chpxv99mocyndpg","Local businesses deserve priority over national chains","1777041668629"
"fksripew6vimocyncyw","Scalability test room","pfkrwzjq45mocyndph","Community gardens strengthen neighborhood social bonds","1777041678382"
"fksripew6vimocyncyw","Scalability test room","jmqwyq8wenmocyndpg","Bike lanes should replace parking on main streets","1777041688046"
"fksripew6vimocyncyw","Scalability test room","zdeyl63gilmmocyndph","Bike lanes should replace parking on main streets","1777041696005"
"fksripew6vimocyncyw","Scalability test room","85iv3uob4humocyndpg","Historic preservation limits necessary urban growth","1777041697900"
"fksripew6vimocyncyw","Scalability test room","cy4t5s2v23qmocyndpg","Affordable housing quotas should apply to all new developments","1777041700457"
"fksripew6vimocyncyw","Scalability test room","8mk8zbepyhsmocyndpg","Affordable housing quotas should apply to all new developments","1777041704534"
"fksripew6vimocyncyw","Scalability test room","oohdpor1jvqmocyndph","Bike lanes should replace parking on main streets","1777041712635"
"fksripew6vimocyncyw","Scalability test room","6d60v2voh75mocyndph","Urban density reduces per-capita carbon footprint","1777041715558"
"fksripew6vimocyncyw","Scalability test room","v5uzdydr1emocyndpg","Remote work has permanently changed how we use office space","1777041716777"
"fksripew6vimocyncyw","Scalability test room","n15xs257kmmmocyndpg","The city should invest more in public transit infrastructure","1777041717370"
"fksripew6vimocyncyw","Scalability test room","wn6jkew4ofgmocyndpg","The city should invest more in public transit infrastructure","1777041722274"
"fksripew6vimocyncyw","Scalability test room","ghg3ow7eix7mocyndpg","Trees on residential streets should be protected by law","1777041722447"
"fksripew6vimocyncyw","Scalability test room","fz9tpwjnz3wmocyndpg","Community gardens strengthen neighborhood social bonds","1777041722620"
"fksripew6vimocyncyw","Scalability test room","llechsyyu3mocyndph","Mixed-use zoning makes neighborhoods more livable","1777041734710"
"fksripew6vimocyncyw","Scalability test room","8ufd8sh5nqamocyndph","Farmers markets support local food systems","1777041734976"
"fksripew6vimocyncyw","Scalability test room","u0ba8eyvoanmocyndpg","Public libraries are essential community infrastructure","1777041735989"
"fksripew6vimocyncyw","Scalability test room","6v6653dathmmocyndpg","Public libraries are essential community infrastructure","1777041737712"
"fksripew6vimocyncyw","Scalability test room","8e9dnon9lyemocyndph","The city should invest more in public transit infrastructure","1777041740131"
"fksripew6vimocyncyw","Scalability test room","lkyoba696smocyndph","Pedestrian-first street design reduces traffic accidents","1777041744233"
"fksripew6vimocyncyw","Scalability test room","mwk2wffhkbnmocyndpg","Food trucks add vibrancy to urban commercial corridors","1777041745465"
"fksripew6vimocyncyw","Scalability test room","k8f4qfqt3thmocyndpg","Urban density reduces per-capita carbon footprint","1777041749152"
"fksripew6vimocyncyw","Scalability test room","8tddbj083bpmocyndpg","Local businesses deserve priority over national chains","1777041750248"
"fksripew6vimocyncyw","Scalability test room","ry5yuwpttzmocyndph","Bike lanes should replace parking on main streets","1777041750379"
"fksripew6vimocyncyw","Scalability test room","c5nkxv51jfbmocyndph","Green spaces improve mental health in urban environments","1777041750845"
"fksripew6vimocyncyw","Scalability test room","3m9x2hiteqnmocyndpg","Affordable housing quotas should apply to all new developments","1777041752781"
"fksripew6vimocyncyw","Scalability test room","2nzp9ly7tmsmocyndpg","Historic preservation limits necessary urban growth","1777041754638"
"fksripew6vimocyncyw","Scalability test room","k61ec6dpm2mocyndpg","Food trucks add vibrancy to urban commercial corridors","1777041755605"
"fksripew6vimocyncyw","Scalability test room","3mruwwhgz8xmocyndpg","Community gardens strengthen neighborhood social bonds","1777041758298"
"fksripew6vimocyncyw","Scalability test room","bb7loeq5z5vmocyndpg","Street parking fees should fund public transportation","1777041762940"
"fksripew6vimocyncyw","Scalability test room","mn2yjebqgnmocyndph","Community gardens strengthen neighborhood social bonds","1777041769711"
"fksripew6vimocyncyw","Scalability test room","f22ob6bqdesmocyndpg","Electric vehicle charging should be publicly funded","1777041770396"
"fksripew6vimocyncyw","Scalability test room","ze5cxo4fyvmocyndpg","Street parking fees should fund public transportation","1777041773518"
"fksripew6vimocyncyw","Scalability test room","15lxfy0icaimocyndpg","Community gardens strengthen neighborhood social bonds","1777041775175"
"fksripew6vimocyncyw","Scalability test room","zmwoxkk22nmmocyndph","Trees on residential streets should be protected by law","1777041776376"
"fksripew6vimocyncyw","Scalability test room","v10ocqf0ztfmodmzv9f","test3","1777079071491"
"0shyxv0tvlm8mocfag80","What makes a new living space feel right for you","e9bgkz1kdg6mocfag9k","Location is everything, walkability matters most","1777005662168"
"0shyxv0tvlm8mocfag80","What makes a new living space feel right for you","h47g1t96dcsmocfag9k","Good amenities really elevate daily life","1777005662168"
"0shyxv0tvlm8mocfag80","What makes a new living space feel right for you","u30a9h32bgbmocfag9k","A quiet, private atmosphere is fundamental","1777005662168"
"zgbd0a4zxyhmocb1ek4","What historical figures capture your imagination most","dk39qfz7ik8mocb1eln","Untold stories are always the most compelling","1776998521643"
"zgbd0a4zxyhmocb1ek4","What historical figures capture your imagination most","9zdme9wf94rmocb1elo","Power often comes from unexpected places","1776998521644"
"zgbd0a4zxyhmocb1ek4","What historical figures capture your imagination most","bkuv8l9klaomocb1elo","Leaders from different backgrounds inspire me","1776998521644"
"xijp3x3k76mocafjut","What do you think about company financial strategies","qydoop23r3mocafk2y","They're just trying to keep investors happy cool cool","1776997502314"
"xijp3x3k76mocafjut","What do you think about company financial strategies","d6x0m6p8ek8mocafk2z","Focus on product development makes more sense","1776997502315"
"xijp3x3k76mocafjut","What do you think about company financial strategies","wun9tn0hmdkmocafk2z","Buybacks often signal a lack of innovation totally fine","1776997502315"
"9jwqp685lmemoca1ein","What do you make of people acting a certain way publicly","gr2s7gq7ypvmoca1ek3","It keeps worse things from happening","1776996841971"
"9jwqp685lmemoca1ein","What do you make of people acting a certain way publicly","p21jsapxjvmoca1ek3","It's fake, always has been","1776996841971"
"9jwqp685lmemoca1ein","What do you make of people acting a certain way publicly","rxeedt71yhlmoca1ek3","Shows what society won't tolerate","1776996841971"
"bhqv0jy8b5dmoc9guak","Should our city invest more in public transportation?","1pj81dv178imoc9gubu","Investing in bike lanes would be more cost-effective than buses or trains","1776995882634"
"bhqv0jy8b5dmoc9guak","Should our city invest more in public transportation?","lo921qgo9nmoc9gubu","The cost of expanding public transit is too high for our city's budget","1776995882634"
"bhqv0jy8b5dmoc9guak","Should our city invest more in public transportation?","vjllv3k2yoqmoc9gubu","Public transportation reduces traffic congestion and improves air quality","1776995882634"
"2etmm9j140imoc9c64d","Should our city invest more in public transportation?","18g4kgw72rimoc9c654","The cost of expanding public transit is too high for our city's budget","1776995664664"
"2etmm9j140imoc9c64d","Should our city invest more in public transportation?","556rb0wyl67moc9c654","Public transportation reduces traffic congestion and improves air quality","1776995664664"
"2etmm9j140imoc9c64d","Should our city invest more in public transportation?","cbtqum0fwiimoc9c654","Investing in bike lanes would be more cost-effective than buses or trains","1776995664664"
"2etmm9j140imoc9c64d","Should our city invest more in public transportation?","asikopaibromoemvhuq","easssf","1777139333666"
"2etmm9j140imoc9c64d","Should our city invest more in public transportation?","epwth7jstlfmoemwaom","ag","1777139371030"
"9yc8kecinv6moc4w7st","What do you think about legal battles in entertainment","8md2ho2a6i2moc4w7w1","Sometimes it feels like a total waste of time","1776988201969"
"9yc8kecinv6moc4w7st","What do you think about legal battles in entertainment","jfzirnuigwmmoc4w7w1","It's all about who has the deeper pockets","1776988201969"
"9yc8kecinv6moc4w7st","What do you think about legal battles in entertainment","qhilqemmhymoc4w7w1","They're just part of doing business, honestly","1776988201969"
"aguizwx7vbfmoc4i2uk","What role do schools play in identity discussions","459sze7uasomoc4i2zr","Totally fine if it's inclusive for everyone","1776987542439"
"aguizwx7vbfmoc4i2uk","What role do schools play in identity discussions","25askbeqvxsmoc4i2zs","Schools should focus on academics, nothing else","1776987542440"
"aguizwx7vbfmoc4i2uk","What role do schools play in identity discussions","gg1zpd28ljtmoc4i2zs","Just teach the kids, leave the rest out","1776987542440"
"40x6dvjtkilmobw90jv","How do you prefer to prepare fresh produce","h361fxfcztmobw90l2","Love keeping everything natural, less processing is better","1776973682486"
"40x6dvjtkilmobw90jv","How do you prefer to prepare fresh produce","i631sdv1pkomobw90l2","Always wash thoroughly, removes unseen residues","1776973682486"
"40x6dvjtkilmobw90jv","How do you prefer to prepare fresh produce","mo393f28xpmobw90l2","Washing makes it feel cleaner, texture is important","1776973682486"
"ze0lwa4j1ijmobr8z07","what makes a sports venue special","5iegowlcv5emobr8z84","love the history and traditions","1776965282644"
"ze0lwa4j1ijmobr8z07","what makes a sports venue special","fx5k15bgwr7mobr8z84","the energy is unmatched","1776965282644"
"ze0lwa4j1ijmobr8z07","what makes a sports venue special","n1fbkkk1ccmobr8z85","just a place to watch a game","1776965282645"
"2n60yfafkctmobr3u7m","What are your thoughts on public transit funding challenges","4a4o6vvr7gomobr3u9g","New taxes are the only way to save transit","1776965042932"
"2n60yfafkctmobr3u7m","What are your thoughts on public transit funding challenges","7s490yhgf8vmobr3u9g","Ridership changes everything for public transit budgets","1776965042932"
"2n60yfafkctmobr3u7m","What are your thoughts on public transit funding challenges","2p2gl5ysq32mobr3u9h","Efficiency reviews are just government bureaucracy lol","1776965042933"
"wmv5zc68zbnmobq18mh","how do you feel about workplace protections for new parents","cufblt6peremobq18nr","companies often find loopholes around these things","1776963242007"
"wmv5zc68zbnmobq18mh","how do you feel about workplace protections for new parents","wbr63679lemobq18ns","it's essential for a supportive work environment","1776963242008"
"wmv5zc68zbnmobq18mh","how do you feel about workplace protections for new parents","y22tcggvlc9mobq18ns","many entitlements get abused by employees","1776963242008"
"lod11adkudmobpbiu6","What do you think about workplace protections for new parents","0j9sgshcinusmobpbiwe","Companies should prioritize individual circumstances over rigid policies","1776962042222"
"lod11adkudmobpbiu6","What do you think about workplace protections for new parents","2fvpebs62knmobpbiwe","Some protections get exploited, creating unfair burdens","1776962042222"
"lod11adkudmobpbiu6","What do you think about workplace protections for new parents","4zsuq9m9jcnmobpbiwe","Essential for supporting families and retaining talent","1776962042222"
"yoy9gmgxx1mobepm0c","How do you approach changes in your body's appearance","eqnmxvi6a5mobepm1j","Doctors often have simple, effective solutions","1776944223703"
"yoy9gmgxx1mobepm0c","How do you approach changes in your body's appearance","qwn7xk2sx5pmobepm1j","Just let it be, no need to fix","1776944223703"
"yoy9gmgxx1mobepm0c","How do you approach changes in your body's appearance","w0t79k0ckzmobepm1j","Look for natural remedies first always","1776944223703"
"9gfstrajx9omob4htk8","What shapes personal understanding of spirituality and community connections","ht8gm2urluumob4htlg","My upbringing taught me to question everything","1776927064084"
"9gfstrajx9omob4htk8","What shapes personal understanding of spirituality and community connections","jpfhsnz5cshmob4htlg","Spiritual paths often provide comfort and meaning","1776927064084"
"9gfstrajx9omob4htk8","What shapes personal understanding of spirituality and community connections","n5wwef74i8mob4htlg","Seeking belonging can make people vulnerable","1776927064084"
"ij7slyvm51mob3gh7c","what's your take on out-of-season produce","bvds9rrznq9mob3gh8v","fresh is fresh, always tastes good","1776925321807"
"ij7slyvm51mob3gh7c","what's your take on out-of-season produce","c6n2gjsj6wimob3gh8v","i just buy whatever is available","1776925321807"
"ij7slyvm51mob3gh7c","what's your take on out-of-season produce","rifolubw7tgmob3gh8v","seasonality matters a lot for flavor","1776925321807"
"4h17280vmlgmob1a17h","what's your most memorable celestial sighting","hnjmt5hmtdmob1a19s","saw something crazy bright once","1776921661936"
"4h17280vmlgmob1a17h","what's your most memorable celestial sighting","ga4m2dy8v3umob1a19t","never seen anything wild just stars","1776921661937"
"4h17280vmlgmob1a17h","what's your most memorable celestial sighting","j08h42lypmfmob1a19t","always look up hoping for something","1776921661937"
"1bcoxhh87m7moatpefc","What historical events still make your blood boil","eil9tk63mhimoatpegw","History repeats itself, totally fine","1776908941952"
"1bcoxhh87m7moatpefc","What historical events still make your blood boil","fqdd5cynj7umoatpegw","Power dynamics are always so messed up","1776908941952"
"1bcoxhh87m7moatpefc","What historical events still make your blood boil","6981x74em8tmoatpegx","Betrayal for personal gain is a classic move","1776908941953"
"k1osrkjs85cmoamchrz","What are your concerns about new tech advancements","45o42itqznamoamchuf","It's an uphill battle, always has been","1776896582487"
"k1osrkjs85cmoamchrz","What are your concerns about new tech advancements","hspaxtglfktmoamchuf","Progress is progress, can't stop it","1776896582487"
"k1osrkjs85cmoamchrz","What are your concerns about new tech advancements","t1k7jsi4zsmoamchuf","Always worried about unintended consequences","1776896582487"
"43rmfvxw9wjmoaizr4y","What are your most favorite Civic Tech DC venues?","0pg2g3upqq9moaizr6n","Prefect (2112 Penn Ave)","1776890949215"
"43rmfvxw9wjmoaizr4y","What are your most favorite Civic Tech DC venues?","667rjqydrfmmoaizr6n","Virtru","1776890949215"
"43rmfvxw9wjmoaizr4y","What are your most favorite Civic Tech DC venues?","7xjej60kkmoaizr6n","Prefect is really convenient to get to","1776890949215"
"43rmfvxw9wjmoaizr4y","What are your most favorite Civic Tech DC venues?","fa34pfk93dumoaizr6n","Taoti Creative","1776890949215"
"43rmfvxw9wjmoaizr4y","What are your most favorite Civic Tech DC venues?","hydk39dtd6lmoaizr6n","MLK Jr. Memorial Library","1776890949215"
"43rmfvxw9wjmoaizr4y","What are your most favorite Civic Tech DC venues?","tapn1b5meemoaizr6n","Love the creative vibe of Taoti Creative","1776890949215"
"43rmfvxw9wjmoaizr4y","What are your most favorite Civic Tech DC venues?","0hh6dhep14iemoar8ime","Love Virtru and anything in NW!","1776904794950"
"68xqbc6iebmmoaihlqm","What makes a community art show exciting and impactful!","51gwt68wlybmoaihlt1","Love seeing local talent thrive, it's inspiring","1776890102437"
"68xqbc6iebmmoaihlqm","What makes a community art show exciting and impactful!","nuh4kt2p74rmoaihlt1","Great way to connect with neighborhood creativity","1776890102437"
"68xqbc6iebmmoaihlqm","What makes a community art show exciting and impactful!","o9hfayw7m5moaihlt1","Art shows always feel a bit pretentious sometimes","1776890102437"
"rrrir5rzsi9moacjd80","What should Dupont do about the rats?","1ga7x1ergabmoacjda5","Rat birth control (it's a real thing, NYC does it!)","1776880107005"
"rrrir5rzsi9moacjd80","What should Dupont do about the rats?","ii969uetj3rmoacjda5","Need to get rat-proof trash bins","1776880107005"
"rrrir5rzsi9moacjd80","What should Dupont do about the rats?","ubliw5syj2smoacjda5","More public education on how to discourage rats","1776880107005"
"rrrir5rzsi9moacjd80","What should Dupont do about the rats?","xc4qc88ui4cmoack7tg","DC rats are the cutest 🐀","1776880146580"
"rrrir5rzsi9moacjd80","What should Dupont do about the rats?","9vr8b7ro2tqmobjvf4n","Feed them","1776952892759"
"rrrir5rzsi9moacjd80","What should Dupont do about the rats?","508laow2lz9mog2lkpu","Had no idea this is an issue","1777226210850"
"rrrir5rzsi9moacjd80","What should Dupont do about the rats?","3fuu7u7c0h3mog4pyf0","That is a good question.   Im little lost on it but would say capture and reroute to the wild.","1777229774460"
"rrrir5rzsi9moacjd80","What should Dupont do about the rats?","ozej3q618umog5zckz","The rat thing was a mistake","1777231892339"
"rrrir5rzsi9moacjd80","What should Dupont do about the rats?","kv43fhr6jw8mogbr1qh","Rehome","1777241582729"
"rrrir5rzsi9moacjd80","What should Dupont do about the rats?","0i730q91ewr7mohqdyhp","I accidentally rats","1777326632413"
"fphr8h2py5moa4rrq8","What are your biggest pet peeves in crowded public spaces","fydqkc3qkr6moa4rrs8","People need to be aware of their surroundings","1776867062120"
"fphr8h2py5moa4rrq8","What are your biggest pet peeves in crowded public spaces","pfaos715ivimoa4rrs8","My comfort is not your responsibility","1776867062120"
"fphr8h2py5moa4rrq8","What are your biggest pet peeves in crowded public spaces","pwspxok6xhmoa4rrs8","Common courtesy makes everything easier for everyone","1776867062120"
"7q4dn8oy80bmo9ast1o","What do you value in a long-term partnership","byxrf8l9wqdmo9ast4r","Security and shared life outweigh minor flaws","1776816722043"
"7q4dn8oy80bmo9ast1o","What do you value in a long-term partnership","9qaue1ffp7tmo9ast4s","A good relationship needs constant effort","1776816722044"
"7q4dn8oy80bmo9ast1o","What do you value in a long-term partnership","nhhdsxh80tmo9ast4s","Being alone offers true freedom and peace","1776816722044"
"7m21dsylgkmmo91el6p","What aspects of technology integration concern you most","9o2ib1ny8zomo91el8e","Excited for efficiency, less worried about negatives","1776800942078"
"7m21dsylgkmmo91el6p","What aspects of technology integration concern you most","thacmt61h6mo91el8e","Privacy is everything, losing it terrifies me","1776800942078"
"7m21dsylgkmmo91el6p","What aspects of technology integration concern you most","n548vpycgamo91el8f","Innovations always have risks, manage them carefully","1776800942079"
"e8milvk25zmo90sqii","What do you think about cameras watching public spaces","d9heoxeq3dbmo90sqks","Don't care, got nothing to hide","1776799922572"
"e8milvk25zmo90sqii","What do you think about cameras watching public spaces","jj7x01bnqzmo90sqks","Too much government overreach, big brother stuff","1776799922572"
"e8milvk25zmo90sqii","What do you think about cameras watching public spaces","vzppu8uqn18mo90sqks","Keeps us safe, criminals hate them","1776799922572"
"qqf75mi0ucmo909gjy","How do you approach keeping your nails clean","7kdibd5th5bmo909gmo","Use a brush, get under them thoroughly","1776799023216"
"qqf75mi0ucmo909gjy","How do you approach keeping your nails clean","mps60vdp87tmo909gmo","Long nails are too much hassle to keep clean","1776799023216"
"qqf75mi0ucmo909gjy","How do you approach keeping your nails clean","no29hkrer9nmo909gmo","Scrubbing with soap and water is enough","1776799023216"
"544gmrlcbhdmo8zj347","What went well and poorly at the Apr 18 Ridglan rescue?","4mtluuxantjmo8zj35v","The police were overly brutal that day","1776797792707"
"544gmrlcbhdmo8zj347","What went well and poorly at the Apr 18 Ridglan rescue?","sdqmpzgiewmo8zj35v","We were well-trained for the action","1776797792707"
"544gmrlcbhdmo8zj347","What went well and poorly at the Apr 18 Ridglan rescue?","ub0zpf7owfmo8zj35v","I hate seeing dogs tortured","1776797792707"
"544gmrlcbhdmo8zj347","What went well and poorly at the Apr 18 Ridglan rescue?","zl9zg8adxoqmo8zj35v","I was afraid of the police","1776797792707"
"544gmrlcbhdmo8zj347","What went well and poorly at the Apr 18 Ridglan rescue?","vlotvgujfqrmoccw6g1","Police should not have been armed with weapons","1777001637025"
"544gmrlcbhdmo8zj347","What went well and poorly at the Apr 18 Ridglan rescue?","5ebhysfu2prmod2mfez","Did leadership communicate effectively?","1777044852107"
"544gmrlcbhdmo8zj347","What went well and poorly at the Apr 18 Ridglan rescue?","gaaxjwmrzc5mod2ocxv","Were you given the opportunity to communicate your concerns, suggestions, and ideas?","1777044942211"
"544gmrlcbhdmo8zj347","What went well and poorly at the Apr 18 Ridglan rescue?","mdpj57iy81bmof3nei9","things could have been better, but weren't that horrible IMO. lessons learned. onto the next.","1777167509553"
"544gmrlcbhdmo8zj347","What went well and poorly at the Apr 18 Ridglan rescue?","70hhzntw0zbmofvdw4u","It was a mistake to ask people to repeatedly attempt to breach the fence once the police escalated to violence.","1777214095086"
"544gmrlcbhdmo8zj347","What went well and poorly at the Apr 18 Ridglan rescue?","v5rht32e6vmofve06z","It’s important for us to debrief what happened on April 18 before moving on to new strategies to save the dogs.","1777214100347"
"544gmrlcbhdmo8zj347","What went well and poorly at the Apr 18 Ridglan rescue?","2cmpm1lt3thmofve5j5","There was not enough transparency regarding the plan on April 18. I needed more info.","1777214107265"
"544gmrlcbhdmo8zj347","What went well and poorly at the Apr 18 Ridglan rescue?","e0410i8tqgmofvea66","The organizing committee should have done a better job of hearing other activists’ concerns before the action.","1777214113278"
"544gmrlcbhdmo8zj347","What went well and poorly at the Apr 18 Ridglan rescue?","8io1p6whg6imofvegam","The organizing committee should have done a better job of hearing other activists’ concerns _during_ the action.","1777214121214"
"544gmrlcbhdmo8zj347","What went well and poorly at the Apr 18 Ridglan rescue?","tky7fk6e2jmofvetv8","I consider the April 18 action a success.","1777214138804"
"544gmrlcbhdmo8zj347","What went well and poorly at the Apr 18 Ridglan rescue?","j0u6sbsyfvmofvexjl","Openly stating our plans to rescue the dogs was the right call","1777214143569"
"544gmrlcbhdmo8zj347","What went well and poorly at the Apr 18 Ridglan rescue?","ylmdxjy00omofvf252","Openly inviting thousands of new and unknown activists to participate in the rescue was the right call","1777214149526"
"544gmrlcbhdmo8zj347","What went well and poorly at the Apr 18 Ridglan rescue?","cknigmcux35mofvf6aq","The safety of the activists was not sufficiently prioritized by the organizing committee on April 18","1777214154914"
"544gmrlcbhdmo8zj347","What went well and poorly at the Apr 18 Ridglan rescue?","00ukybte9ew9mofvfbqe","I feel optimistic about the prospects of the Ridglan campaign—whether for the Ridglan dogs or for the broader fight against animal experimentation","1777214161958"
"544gmrlcbhdmo8zj347","What went well and poorly at the Apr 18 Ridglan rescue?","xnfut3hbcllmofvffhx","We did not have sufficient training for the April 18 action; it would have been better to wait.","1777214166837"
"544gmrlcbhdmo8zj347","What went well and poorly at the Apr 18 Ridglan rescue?","lb4urwdgblamofvfknu","We appeared nonviolent to the public at the April 18 action.","1777214173530"
"544gmrlcbhdmo8zj347","What went well and poorly at the Apr 18 Ridglan rescue?","f9ffqa3qcbemofvfo3d","We would have been able to openly rescue most or all of the dogs that weekend had we done some things differently.","1777214177978"
"544gmrlcbhdmo8zj347","What went well and poorly at the Apr 18 Ridglan rescue?","hgr4f7agh85mofvfs5w","I would participate in another open rescue.","1777214183252"
"544gmrlcbhdmo8zj347","What went well and poorly at the Apr 18 Ridglan rescue?","qnb4imkxs1jmofvfvwm","I feel deceived by the leadership","1777214188102"
"544gmrlcbhdmo8zj347","What went well and poorly at the Apr 18 Ridglan rescue?","bq7lethuhvsmofvg016","I recognize the need for processing and providing feedback AND for those who can, we urgently need a strategic plan to unify and capitalize on the public attention to get the dogs out.","1777214193450"
"544gmrlcbhdmo8zj347","What went well and poorly at the Apr 18 Ridglan rescue?","xl5yhjjcozmofx9x7l","We should have gone on Friday night, before law enforcement set up at the site","1777217269089"
"544gmrlcbhdmo8zj347","What went well and poorly at the Apr 18 Ridglan rescue?","rmwyfjg5d6mofxa0z2","We should have kept to the plan of going on Sunday, April 19 so we could have more training with our teams.","1777217273966"
"544gmrlcbhdmo8zj347","What went well and poorly at the Apr 18 Ridglan rescue?","jewh31o0m9kmofxa4bh","Even though we did not rescue the dogs, I believe that we made strides for animals because we showed up and were nonviolent during the action.","1777217278301"
"544gmrlcbhdmo8zj347","What went well and poorly at the Apr 18 Ridglan rescue?","gloxmtdxrldmofxa7dx","I am proud of being involved with this action.  Even though it did not turn out as expected, I believe I made a difference by being there.","1777217282277"
"544gmrlcbhdmo8zj347","What went well and poorly at the Apr 18 Ridglan rescue?","d62z64qislgmofxaank","We should have been given a heads up about, and protection from, pepper spray and tear gas.","1777217286513"
"544gmrlcbhdmo8zj347","What went well and poorly at the Apr 18 Ridglan rescue?","dlice85a04gmofxae16","I trust that leadership did the best they could, with just one month to prepare 1,000 activists.","1777217290890"
"544gmrlcbhdmo8zj347","What went well and poorly at the Apr 18 Ridglan rescue?","xcibvt76g7nmofxq7x7","I feel more motivated to be involved in the animal rights movement as a result of this action.","1777218029467"
"lgz5hq5yw7kmo8qd7pt","What responsibilities do organizations have for environmental impact","iqzuqunoh7mo8qd7tu","Environmental issues are complex, require shared solutions","1776782402274"
"lgz5hq5yw7kmo8qd7pt","What responsibilities do organizations have for environmental impact","u7fg286vntmo8qd7tu","Accountability for environmental harm is crucial","1776782402274"
"lgz5hq5yw7kmo8qd7pt","What responsibilities do organizations have for environmental impact","z5l4ennklumo8qd7tu","Regulations often miss the mark","1776782402274"
"hcf2iwux2wmmo8mibzh","What are your thoughts on preventative medical procedures","3fs0eaa9pdimo8mic6m","Focus on natural health, avoid surgery!","1776775922734"
"hcf2iwux2wmmo8mibzh","What are your thoughts on preventative medical procedures","ecuxvd2oyktmo8mic6m","Sounds too risky, not for me","1776775922734"
"hcf2iwux2wmmo8mibzh","What are your thoughts on preventative medical procedures","t2ezq5bneupmo8mic6m","Early procedures could improve quality of life","1776775922734"
"d3cu9bqeu7omo7yf2jn","Should our city invest more in public transportation?","k3uz4al31vomo7yf2lq","Public transportation reduces traffic congestion and improves air quality","1776735459566"
"d3cu9bqeu7omo7yf2jn","Should our city invest more in public transportation?","nyphejsd4smo7yf2lq","Investing in bike lanes would be more cost-effective than buses or trains","1776735459566"
"d3cu9bqeu7omo7yf2jn","Should our city invest more in public transportation?","wptsuwb404qmo7yf2lq","The cost of expanding public transit is too high for our city's budget","1776735459566"
"66gqh3kms2bmo7n00zs","What do you think about unconventional solutions for complex problems","hiof1rujjk8mo7n011c","Sometimes the simplest ideas are the most effective","1776716281920"
"66gqh3kms2bmo7n00zs","What do you think about unconventional solutions for complex problems","lzmool8s0opmo7n011d","Innovation is key to progress, even small steps","1776716281921"
"66gqh3kms2bmo7n00zs","What do you think about unconventional solutions for complex problems","szd6o7n032mo7n011d","New ways are often just old problems recycled","1776716281921"
"9y78a1q5st4mo7ipps2","What experiences have shifted your food preferences?","8z7zd2gqgvmo7ippv2","Making food yourself truly changes perceptions","1776709082414"
"9y78a1q5st4mo7ipps2","What experiences have shifted your food preferences?","ekgk12e78hamo7ippv2","Some foods just remain unappealing, regardless","1776709082414"
"9y78a1q5st4mo7ipps2","What experiences have shifted your food preferences?","on2gicc18amo7ippv3","Openness helps; trying new things broadens horizons","1776709082415"
"xht5iban0o9mo7hyp6m","How do you ensure food is cooked safely","4rn9srz6udmo7hyp94","It's all about precision and a good thermometer","1776707821912"
"xht5iban0o9mo7hyp6m","How do you ensure food is cooked safely","5ytx896v9k4mo7hyp94","Just eyeball it, experience tells you","1776707821912"
"xht5iban0o9mo7hyp6m","How do you ensure food is cooked safely","jvn609p9n9lmo7hyp95","Slow cooking at lower temps works best","1776707821913"
"xi2d4iw2c6mo7b17vt","How do you handle unexpected bills or subscriptions","9rd2ndgyoirmo7b17xw","Always check bank statements for unfamiliar charges","1776696182132"
"xi2d4iw2c6mo7b17vt","How do you handle unexpected bills or subscriptions","jla3o4dpvtmo7b17xw","Challenge everything; assume it's a scam","1776696182132"
"xi2d4iw2c6mo7b17vt","How do you handle unexpected bills or subscriptions","ohi5gpugbymo7b17xw","Ignore it; they eventually stop sending bills","1776696182132"
"szypvizqxpgmo78crrd","What do you think about music's power to influence change","4yhcl7u49axmo78crta","Some music feels more like historical record","1776691682254"
"szypvizqxpgmo78crrd","What do you think about music's power to influence change","683jf6wtppdmo78crta","Music often sparks important conversations","1776691682254"
"szypvizqxpgmo78crrd","What do you think about music's power to influence change","g4m7v2pwvd9mo78crta","Powerful songs transcend time and resonate deeply","1776691682254"
"k0hxllufeomo6g9you","What brands feel like they've been around forever","rbrcjmxy7kmo6g9yrc","Newer brands lack authenticity and history","1776644522040"
"k0hxllufeomo6g9you","What brands feel like they've been around forever","83ra8sbm08gmo6g9yrd","Surprised by how long some have existed","1776644522041"
"k0hxllufeomo6g9you","What brands feel like they've been around forever","ivy622w2symo6g9yrd","Totally fine if it tastes good","1776644522041"
"uk047leg9hqmo6ff3hv","What simple hacks make your routine easier","gf785q29t1mo6ff3jy","Love finding small changes that make a big difference","1776643081918"
"uk047leg9hqmo6ff3hv","What simple hacks make your routine easier","v6ekk3edtnmo6ff3jz","Prefer keeping things natural, avoiding harsh chemicals","1776643081919"
"uk047leg9hqmo6ff3hv","What simple hacks make your routine easier","zkne1uqr1shmo6ff3jz","Sometimes the smell is just part of getting things clean","1776643081919"
"ko5y3j1engmo6b0xlh","what do you prioritize in a city after graduation","4rk0eh8zwzdmo6b0xoo","affordability and low cost of living is key","1776635702664"
"ko5y3j1engmo6b0xlh","what do you prioritize in a city after graduation","94fbp2i6s7pmo6b0xoo","good jobs and career growth rly important","1776635702664"
"ko5y3j1engmo6b0xlh","what do you prioritize in a city after graduation","yn0ypbtkj6mo6b0xoo","work-life balance and social scene matters most","1776635702664"
"6m5m3xs2e2nmo60lffx","What causes recurring health issues for you","qfq5x86s2hcmo60lfl6","Stress always makes things worse","1776618183210"
"6m5m3xs2e2nmo60lffx","What causes recurring health issues for you","ips2mxiixkrmo60lfl7","It's just bad luck can't control it","1776618183211"
"6m5m3xs2e2nmo60lffx","What causes recurring health issues for you","yb7gzzmwrsmo60lfl7","Sometimes diet changes everything for me","1776618183211"
"c3pfd8fgzkimo5xez6h","What kind of podcast keeps you most engaged","38pixem10i4mo5xez90","Unscripted conversations feel more authentic and real","1776612843252"
"c3pfd8fgzkimo5xez6h","What kind of podcast keeps you most engaged","a7l8z2ohqaomo5xez90","I prefer both depending on my mood","1776612843252"
"c3pfd8fgzkimo5xez6h","What kind of podcast keeps you most engaged","wtroeok2fq8mo5xez90","Scripted stories deliver a more polished experience","1776612843252"
"8j5ceedm25fmo5w9t7a","How do you approach recipe instructions with varying temperatures","0ibmhq232dqlmo5w9tav","Adjust based on past experiences with my oven","1776610922647"
"8j5ceedm25fmo5w9t7a","How do you approach recipe instructions with varying temperatures","1vzcxkjhi3rmo5w9tav","Always follow the recipe exactly, no adjustments","1776610922647"
"8j5ceedm25fmo5w9t7a","How do you approach recipe instructions with varying temperatures","7rtd81crl7ymo5w9tav","Go with the lower temperature to prevent burning","1776610922647"
"32wm5co41apmo5vzin6","What makes a workplace environment feel chaotic or stressful","21k38nj2bo5mo5vziqy","Constant pressure and unclear expectations create disarray","1776610442410"
"32wm5co41apmo5vzin6","What makes a workplace environment feel chaotic or stressful","mzac5gjo4cpmo5vziqy","Lack of leadership often leads to a chaotic atmosphere","1776610442410"
"32wm5co41apmo5vzin6","What makes a workplace environment feel chaotic or stressful","whbyzozz2gmo5vziqy","Some thrive in high-energy, less structured environments","1776610442410"
"k5rychw7r5hmo5vg7xc","what's your favorite part of seeing local wildlife","1n9stpg403uimo5vg7z6","wild animals belong in the wild, not near ppl","1776609541986"
"k5rychw7r5hmo5vg7xc","what's your favorite part of seeing local wildlife","26nmavlttk1mo5vg7z6","love seeing them just live their lives","1776609541986"
"k5rychw7r5hmo5vg7xc","what's your favorite part of seeing local wildlife","7lkv2kg2k0jmo5vg7z6","always a little startling, but cool","1776609541986"
"gbo85bkj3afmo5tb236","What do you think about animal testing in general","05jzwdewcj1vmo5tb250","It's a necessary evil for medical progress","1776605941908"
"gbo85bkj3afmo5tb236","What do you think about animal testing in general","h237gmy7bpmo5tb251","Finding alternatives is crucial for ethical reasons","1776605941909"
"gbo85bkj3afmo5tb236","What do you think about animal testing in general","kuqbehc2domo5tb251","Animal testing should be banned completely","1776605941909"
"ggku38ejay9mo5r9rkz","what unexpected things do you learn about nature","p3wprt8qm7kmo5r9ro0","it's wild how animals adapt","1776602522448"
"ggku38ejay9mo5r9rkz","what unexpected things do you learn about nature","obx40p65s79mo5r9ro1","nature's full of rly weird facts","1776602522449"
"ggku38ejay9mo5r9rkz","what unexpected things do you learn about nature","ul9xs0gndlpmo5r9ro1","always something new to discover","1776602522449"
"xebb8418bgmo5o4l7m","What factors should determine public officials' travel expenses","0oflx7l08cv9mo5o4l9n","Officials need to meet constituents face-to-face","1776597242027"
"xebb8418bgmo5o4l7m","What factors should determine public officials' travel expenses","5z5w4du76y5mo5o4l9n","Travel helps officials understand diverse needs","1776597242027"
"xebb8418bgmo5o4l7m","What factors should determine public officials' travel expenses","d13qlizu6vamo5o4l9n","Taxpayer money should fund essential work only","1776597242027"
"c5u5eb02o9mo5djxgw","What unexpected ingredients do you enjoy experimenting with","zysrc7bj2nmo5djxig","Love bold flavors, always trying new things","1776579481960"
"c5u5eb02o9mo5djxgw","What unexpected ingredients do you enjoy experimenting with","0p8oztegxzpgmo5djxih","Stick to classic recipes, don't mess with perfection","1776579481961"
"c5u5eb02o9mo5djxgw","What unexpected ingredients do you enjoy experimenting with","z3tolv4phfmo5djxih","Sometimes a weird combo just works, worth a shot","1776579481961"
"xkcswcjklyhmo5bvi7j","What types of cultural institutions best showcase global music traditions","6viiu0mcf15mo5bvibn","Smaller cultural centers often offer deeper dives","1776576662915"
"xkcswcjklyhmo5bvi7j","What types of cultural institutions best showcase global music traditions","th6u2k785wemo5bvibn","Large museums sometimes lack specific focus","1776576662915"
"xkcswcjklyhmo5bvi7j","What types of cultural institutions best showcase global music traditions","uziod95bz7pmo5bvibn","Online resources provide incredible access and context","1776576662915"
"n7agnjoskhmo4z9ixl","What motivates someone to be unfaithful","5y56gplar5xmo4z9ize","People seek attention they lack elsewhere","1776555481946"
"n7agnjoskhmo4z9ixl","What motivates someone to be unfaithful","it5223xpmr8mo4z9ize","Often a selfish grab for more","1776555481946"
"n7agnjoskhmo4z9ixl","What motivates someone to be unfaithful","xq3wxyuwob9mo4z9ize","It's about opportunity, not deep desire","1776555481946"
"n7agnjoskhmo4z9ixl","What motivates someone to be unfaithful","nycvb8wjv7mo5agtwh","Unfaithfulness is the easiest thing in the moment (high desire, low barrier to the opportunity, conflict with committed partner)","1776574298465"
"z3po223ihlmo4z5o6p","What do you think about regulating online gambling","vixh9zre7mmmo4z5oah","More rules just make things harder for everyone","1776555302201"
"z3po223ihlmo4z5o6p","What do you think about regulating online gambling","nl1cxkdxd1fmo4z5oai","Good. Level the playing field, protect consumers","1776555302202"
"z3po223ihlmo4z5o6p","What do you think about regulating online gambling","xi30y9yks3cmo4z5oai","It's a slippery slope, leads to more addiction","1776555302202"
"b83safr8i2hmo4yno5l","How have recent price changes affected your rideshare use","1cnt923i4ukmo4yno7q","Definitely using it less, prices are crazy now","1776554462294"
"b83safr8i2hmo4yno5l","How have recent price changes affected your rideshare use","brl1ihds9ntmo4yno7q","Switched to public transit more often, saving money","1776554462294"
"b83safr8i2hmo4yno5l","How have recent price changes affected your rideshare use","w9rmto6v45mo4yno7q","Still use it, convenience outweighs the cost increase","1776554462294"
"b83safr8i2hmo4yno5l","How have recent price changes affected your rideshare use","f5tnrqabbhmo5ai5jt","Never used rideshare to begin with","1776574360217"
"2m3m9f9d8e4mo4xmdzj","What do you anticipate for the future of tech careers","m62ytrhftchmo4xme5e","Job security depends on continuous learning and adaptation","1776552722978"
"2m3m9f9d8e4mo4xmdzj","What do you anticipate for the future of tech careers","wfnulseugvmo4xme5e","Automation will create more jobs than it replaces","1776552722978"
"2m3m9f9d8e4mo4xmdzj","What do you anticipate for the future of tech careers","ycy9y0loz0cmo4xme5f","I worry about being replaced by AI","1776552722979"
"77ahfpcwp1emo4tnml9","What do you do when you see someone struggling","of59vzkzx8mo4tnmog","Offer help, even if they refuse","1776546062224"
"77ahfpcwp1emo4tnml9","What do you do when you see someone struggling","istaswnah1cmo4tnmoh","Assume they know what they are doing","1776546062225"
"77ahfpcwp1emo4tnml9","What do you do when you see someone struggling","vqpxwdfnlfqmo4tnmoh","Mind my own business, not my problem","1776546062225"
"wi04uhhk8mfmo4rwm5w","What helps you connect with new people","9js7mqo1yccmo4rwm9f","Structured activities make meeting people easier","1776543122355"
"wi04uhhk8mfmo4rwm5w","What helps you connect with new people","wmmjarjaumo4rwm9f","Prefer making friends more organically","1776543122355"
"wi04uhhk8mfmo4rwm5w","What helps you connect with new people","bqrytvqmbu8mo4rwm9g","Hard to find genuine connections past a certain age","1776543122356"
"gsa34cup4mmo4pelax","What interesting things can be made into syrup","3io4gls6a1zmo4pelee","Absolutely! So many unexpected flavor possibilities","1776538922198"
"gsa34cup4mmo4pelax","What interesting things can be made into syrup","5q56xi9ikfmo4pelee","Some things just aren't meant to be syrup","1776538922198"
"gsa34cup4mmo4pelax","What interesting things can be made into syrup","wkrdlx7cjxgmo4pelef","Experimentation is key to delicious new discoveries","1776538922199"
"qxy6838nq2mo4j48ps","What are your thoughts on making food from scratch","59lnviuj0h8mo4j48ry","Love the control over ingredients and taste","1776528361582"
"qxy6838nq2mo4j48ps","What are your thoughts on making food from scratch","lx9oub4o11mo4j48ry","Too much effort, buying is just easier","1776528361582"
"qxy6838nq2mo4j48ps","What are your thoughts on making food from scratch","vm7nh6rscfkmo4j48ry","Homemade always tastes better, more authentic","1776528361582"
"jm0wdnurhgpmo4gkyre","How easy is it to find specific meat cuts?","e1lpmx6vmlmo4gkyug","Supermarkets have limited options, no specific cuts","1776524103016"
"jm0wdnurhgpmo4gkyre","How easy is it to find specific meat cuts?","oua0v1m5vedmo4gkyug","Mostly minced or diced, never specific steaks","1776524103016"
"jm0wdnurhgpmo4gkyre","How easy is it to find specific meat cuts?","sg75u0u307jmo4gkyug","Always find what I want at the butcher","1776524103016"
"y8tcj36wzwimo4g5iqk","What's your perspective on childhood aspirations versus adult realities","ejp3rs8lrmqmo4g5iso","Childhood dreams set a path, even if it changes","1776523382376"
"y8tcj36wzwimo4g5iqk","What's your perspective on childhood aspirations versus adult realities","nfkmb32bjoamo4g5isn","Dreams inspire children; reality often differs dramatically","1776523382376"
"y8tcj36wzwimo4g5iqk","What's your perspective on childhood aspirations versus adult realities","xxbqvo4wng9mo4g5iso","It's just a fun question, nothing serious","1776523382376"
"53s6iz7rj6kmo4dkx7d","What's your approach to expanding your furry family","51c08yz7gwmo4dkx9c","Breeding specific traits is important for companionship","1776519062112"
"53s6iz7rj6kmo4dkx7d","What's your approach to expanding your furry family","ffejovkf33wmo4dkx9c","Always rescue, so many animals need loving homes","1776519062112"
"53s6iz7rj6kmo4dkx7d","What's your approach to expanding your furry family","u517lcp8gbmo4dkx9c","Consider fostering first, helps so many animals","1776519062112"
"291zxe9aoqemo4bv6yv","What challenges come with choosing eco-friendly personal care?","izybe4kje2jmo4bv713","Compromises often outweigh the environmental benefits","1776516182103"
"291zxe9aoqemo4bv6yv","What challenges come with choosing eco-friendly personal care?","vqcgoyk22dmo4bv713","Finding effective, sustainable options feels impossible","1776516182103"
"291zxe9aoqemo4bv6yv","What challenges come with choosing eco-friendly personal care?","ska5v2ug7dmo4bv714","Prioritizing ethics over convenience is a constant struggle","1776516182104"
"fenmzna9xtnmo3wxoo6","What music from the past still resonates with you","d8hrmrlozuamo3wxosm","Love discovering powerful, raw energy from that era","1776491104198"
"fenmzna9xtnmo3wxoo6","What music from the past still resonates with you","h8244wfdwtmo3wxosn","Prefer modern production and sound quality","1776491104199"
"fenmzna9xtnmo3wxoo6","What music from the past still resonates with you","juqxwek3xlgmo3wxosn","Older music feels more authentic and meaningful","1776491104199"
"fenmzna9xtnmo3wxoo6","What music from the past still resonates with you","hsz6q02e2jsmo4f7fyy","Still love 90s/00's alt rock and folk","1776521792410"
"ib5t4ut017mo38yqfj","What shapes your expectations for content recommendations?","uld5wtjatgjmo38yqhg","Algorithm recommendations often feel too repetitive or predictable","1776450842260"
"ib5t4ut017mo38yqfj","What shapes your expectations for content recommendations?","0f16w33orzn4mo38yqhh","I enjoy discovering new things through tailored suggestions","1776450842261"
"ib5t4ut017mo38yqfj","What shapes your expectations for content recommendations?","5m1l8x9mbzmo38yqhh","Sometimes I prefer to stumble upon content organically","1776450842261"
"24bt0kgf8pbmo36115g","Who would be the best next Mayor of D.C.?","bd0etsyufvamo361172","Gary Goodweather","1776445910606"
"24bt0kgf8pbmo36115g","Who would be the best next Mayor of D.C.?","e5dcrby0y8vmo361172","Janeese Lewis George","1776445910606"
"24bt0kgf8pbmo36115g","Who would be the best next Mayor of D.C.?","hutiogv0o9qmo361172","Kenyan McDuffie","1776445910606"
"24bt0kgf8pbmo36115g","Who would be the best next Mayor of D.C.?","wcs803sxg78mo361172","Robert Gross","1776445910606"
"24bt0kgf8pbmo36115g","Who would be the best next Mayor of D.C.?","zte2p4hqm6omo361172","Vincent Orange","1776445910606"
"45ll0v527ulmo35tlgx","The Dupont Circle Columbia Parklet/Deckover","kc04dfe10vlmo35tlj8","I think this was a waste of money.","1776445563716"
"45ll0v527ulmo35tlgx","The Dupont Circle Columbia Parklet/Deckover","kwj9gyd18hmo35tlj8","New developments like the parklet paveover by the circle over Columbia are exciting for the city.","1776445563716"
"45ll0v527ulmo35tlgx","The Dupont Circle Columbia Parklet/Deckover","ldcm4gnpmnmo35tlj8","I'm excited to see it finished.","1776445563716"
"45ll0v527ulmo35tlgx","The Dupont Circle Columbia Parklet/Deckover","sp7wnzh9k0omo35tlj8","I don't like that the ground will be pretty much entirely concrete.","1776445563716"
"45ll0v527ulmo35tlgx","The Dupont Circle Columbia Parklet/Deckover","xeatz9bbtomo35tlj8","I think there will be some trees there? Based on the graphics outside of it.","1776445563716"
"xo38wmfkm7bmo35js4i","What do you love and/or want improved about Kalorama Park?","62zdbyi2oo5mo35js5r","I wish there was EV chargers.","1776445105743"
"xo38wmfkm7bmo35js4i","What do you love and/or want improved about Kalorama Park?","dfgog30tta8mo35js5r","The bathrooms should have better hours, including opening on the weekend.","1776445105743"
"xo38wmfkm7bmo35js4i","What do you love and/or want improved about Kalorama Park?","f3kwp5ybludmo35js5r","Trash pickup could be better.","1776445105743"
"xo38wmfkm7bmo35js4i","What do you love and/or want improved about Kalorama Park?","k0lms0u83zmo35js5r","The garden is enjoyable.","1776445105743"
"xo38wmfkm7bmo35js4i","What do you love and/or want improved about Kalorama Park?","k43d6bnmz5mo35js5r","The playgrounds are great.","1776445105743"
"xo38wmfkm7bmo35js4i","What do you love and/or want improved about Kalorama Park?","l3it9xz7f5dmo35js5r","It's great for picnics.","1776445105743"
"xo38wmfkm7bmo35js4i","What do you love and/or want improved about Kalorama Park?","l94x9yuolimo35js5r","It's great for walking dogs.","1776445105743"
"xo38wmfkm7bmo35js4i","What do you love and/or want improved about Kalorama Park?","dvmndb1hsptmo3l7ae3","Funding for community efforts like composting and gardening.","1776471396699"
"xo38wmfkm7bmo35js4i","What do you love and/or want improved about Kalorama Park?","k6rnrcou9fmo60sxes","Can’t enjoy because overrun with off leash dogs","1776618532900"
"xo38wmfkm7bmo35js4i","What do you love and/or want improved about Kalorama Park?","3x3tz96v5mkmo7mg2wv","Playgrounds should be updated to be more accessible and useable for younger kiddos","1776715351231"
"xo38wmfkm7bmo35js4i","What do you love and/or want improved about Kalorama Park?","6e7i6uvo303moa0altt","Love: It's the center of my community - a place to go and chill out or socialize, read a book, watch the sunset, or throw a ball. The trees, and the volunteer garden are beautiful. There are different sections, depending on what you're in the mood for. And I appreciate that, esp for a city park, it's well maintained.
Wish: More frequent trash pickup - overflowing bins = rats - and occasional picking of trash in the bushes. Less crumbling paths - laid pavers might be better than poured concrete.","1776859542785"
"xo38wmfkm7bmo35js4i","What do you love and/or want improved about Kalorama Park?","bdthq7gb62moilxtif","we use and want to keep the concrete picnic table. removing it will damage the roots of the heritage tree near it.","1777379627175"
"wsbfnet1hhmo2k2dlk","How do you categorize music genres","9stnwywevaomo2k2dn8","Genre labels help me discover new artists","1776409021844"
"wsbfnet1hhmo2k2dlk","How do you categorize music genres","mzrtgfmbf9cmo2k2dn8","Too many subgenres make it confusing","1776409021844"
"wsbfnet1hhmo2k2dlk","How do you categorize music genres","wzeo464l30omo2k2dn8","I just listen, don't label anything","1776409021844"
"ybo57eiss7nmo2f7ha0","What's your favorite way to slow cook meals","34qoicsrte2mo2f7hbd","Low and slow always brings out the best flavors","1776400861801"
"ybo57eiss7nmo2f7ha0","What's your favorite way to slow cook meals","peulzshl5amo2f7hbd","Love the aroma filling the whole house","1776400861801"
"ybo57eiss7nmo2f7ha0","What's your favorite way to slow cook meals","tvz2rwqyqshmo2f7hbd","Quick cooking is better, saves so much time","1776400861801"
"0n8e9nyyl9mmo27ukdo","What worries you about AI using personal data?","65m6huqhdxcmo27ukfs","Companies already have all my info anyway","1776388502008"
"0n8e9nyyl9mmo27ukdo","What worries you about AI using personal data?","i0donls63tmo27ukfs","Privacy is gone, just accept it","1776388502008"
"0n8e9nyyl9mmo27ukdo","What worries you about AI using personal data?","qx2gpou5glmo27ukfs","It's a huge invasion of personal boundaries","1776388502008"
"syvnoelwxbcmo23x3v2","What are your thoughts on using AI for health questions","2so6ds1ftk5mo23x3x4","Trusting AI with health is a dangerous game","1776381902104"
"syvnoelwxbcmo23x3v2","What are your thoughts on using AI for health questions","5dvj1a0j0imo23x3x4","AI offers quick, accessible answers when doctors are busy","1776381902104"
"syvnoelwxbcmo23x3v2","What are your thoughts on using AI for health questions","hl4a9bp6y0jmo23x3x4","It's a starting point, but always verify with a doctor","1776381902104"
"deviakkwcu6mo20yd3b","How do you choose a name that represents you","jhujfmsd3m8mo20yd5r","It needs to sound cool and unique","1776376921887"
"deviakkwcu6mo20yd3b","How do you choose a name that represents you","cnrc27151mo20yd5s","Just pick one, don't overthink it","1776376921888"
"deviakkwcu6mo20yd3b","How do you choose a name that represents you","khhgzsww25nmo20yd5s","I like names that have a deeper meaning","1776376921888"
"hpkfzc9j535mo1qnzsr","What about nostalgia appeals to you most","0cxh26i8lt5fmo1qnzv4","Reliving childhood memories brings pure joy","1776359641936"
"hpkfzc9j535mo1qnzsr","What about nostalgia appeals to you most","ggnya7vmb4emo1qnzv4","Overrated; prefer focusing on the present","1776359641936"
"hpkfzc9j535mo1qnzsr","What about nostalgia appeals to you most","gjr8rdhehuvmo1qnzv4","Fondness for simpler times is comforting","1776359641936"
"4ah5tkq8f2omo1fb1oe","What do you do about plants that attract many insects","2v9eip351pvmo1fb1qb","Prioritize safety, remove them if necessary","1776340562051"
"4ah5tkq8f2omo1fb1oe","What do you do about plants that attract many insects","svlxngqpcvamo1fb1qb","Live and let live, they're part of nature","1776340562051"
"4ah5tkq8f2omo1fb1oe","What do you do about plants that attract many insects","vca5s6czzymo1fb1qb","Move them if they pose a genuine risk","1776340562051"
"tjz31nt9qsmo1dlbd6","What do you want from late-night television shows","mt9avciuizcmo1dlbeg","New voices, fresh perspectives are fundamentally necessary","1776337681912"
"tjz31nt9qsmo1dlbd6","What do you want from late-night television shows","tqr69cwx6afmo1dlbeg","Keep the classics, they are comfortable","1776337681912"
"tjz31nt9qsmo1dlbd6","What do you want from late-night television shows","zgoxx5m99ugmo1dlbeh","It's all filler, fundamentally a waste of time","1776337681913"
"7x1tge1m3bwmo12u870","What original ideas do you remember changing drastically","7d1b2l7fnxbmo12u88d","Later changes often improve the final product","1776319621933"
"7x1tge1m3bwmo12u870","What original ideas do you remember changing drastically","mhvrfry0qr9mo12u88d","Sometimes early concepts are truly better","1776319621933"
"7x1tge1m3bwmo12u870","What original ideas do you remember changing drastically","nezabwfsgmmo12u88d","Compromises always dilute the initial vision","1776319621933"
"pmkrczda1pmo0w1vt9","What do you do to control pests around your home","69abmo6tcm2mo0w1vva","Spray everything chemical-free works best","1776308221846"
"pmkrczda1pmo0w1vt9","What do you do to control pests around your home","74d8jypyx09mo0w1vva","Traps are better than spraying chemicals everywhere","1776308221846"
"pmkrczda1pmo0w1vt9","What do you do to control pests around your home","8w7sldsa5scmo0w1vva","Pests are just part of nature deal with it","1776308221846"
"pw7u77fjmbjmo0ode62","What drives your urgency to buy new tech","5vuoi7n9zm3mo0ode7h","New features are worth paying extra for","1776295321901"
"pw7u77fjmbjmo0ode62","What drives your urgency to buy new tech","bjd82w84nz7mo0ode7h","Buying early avoids future price hikes","1776295321901"
"pw7u77fjmbjmo0ode62","What drives your urgency to buy new tech","w8ljy5b8d3mo0ode7h","Always wait for prices to drop significantly","1776295321901"
"pw7u77fjmbjmo0ode62","What drives your urgency to buy new tech","n68urqn7wmqmo1tqngm","I don't feel an urgency to buy new tech","1776364804678"
"pw7u77fjmbjmo0ode62","What drives your urgency to buy new tech","i4d5qcvcznimo1ttao6","asda","1776364928070"
"pw7u77fjmbjmo0ode62","What drives your urgency to buy new tech","5jbagfspvymo1ttijh","asd","1776364938269"
"npfgemgojjmo0mjszh","What's your take on short-form video content","48wrubi08inmo0mjt19","Totally fine for a quick scroll","1776292261821"
"npfgemgojjmo0mjszh","What's your take on short-form video content","8h0hztu3tsqmo0mjt19","Sometimes gets a little too addictive","1776292261821"
"npfgemgojjmo0mjszh","What's your take on short-form video content","ne5356btizmo0mjt19","Mostly a waste of time, honestly","1776292261821"
"t8jepdu64qmo0hac42","Should our city invest more in public transportation?","976n2s576zmo0hac5o","The cost of expanding public transit is too high for our city's budget","1776283421964"
"t8jepdu64qmo0hac42","Should our city invest more in public transportation?","gb8n9zr9xdvmo0hac5o","Public transportation reduces traffic congestion and improves air quality","1776283421964"
"t8jepdu64qmo0hac42","Should our city invest more in public transportation?","ks86mq17rcmo0hac5o","Investing in bike lanes would be more cost-effective than buses or trains","1776283421964"
"mahit1w4wremo0fmbg2","What do you think about college affordability initiatives","135njkqefxjmo0fmbhl","Good, more people deserve a chance","1776280621737"
"mahit1w4wremo0fmbg2","What do you think about college affordability initiatives","49vy4ldgslmo0fmbhl","It's a step in the right direction","1776280621737"
"mahit1w4wremo0fmbg2","What do you think about college affordability initiatives","f32du92m5ocmo0fmbhl","Just makes tuition higher for others","1776280621737"
"mahit1w4wremo0fmbg2","What do you think about college affordability initiatives","myet2ypkb8mo1flx5r","We need to address the overall skyrocketing costs of college in general, as well as helping lower income people","1776341069343"
"mahit1w4wremo0fmbg2","What do you think about college affordability initiatives","wswus85ttwfmo1fmkxr","The government should stay out of things like this","1776341100159"
"mahit1w4wremo0fmbg2","What do you think about college affordability initiatives","xq227zfcshmo1fp0zp","I support them","1776341214277"
"mahit1w4wremo0fmbg2","What do you think about college affordability initiatives","e8t1s487q05mo1t406j","asdasd","1776363748075"
"h2pl2er4uhmo08q4yk","What's your secret to perfectly crispy food","4hqhi8yr2h7mo08q513","High heat, little oil, don't overcrowd the pan","1776269042679"
"h2pl2er4uhmo08q4yk","What's your secret to perfectly crispy food","56j2wsi268mo08q514","A little moisture keeps it from drying out","1776269042680"
"h2pl2er4uhmo08q4yk","What's your secret to perfectly crispy food","gm4b6x1fhfgmo08q514","Crispy isn't always the best texture","1776269042680"
"h2pl2er4uhmo08q4yk","What's your secret to perfectly crispy food","q96o6phd32pmo0bj4n8","For deep frying: fry it twice","1776273754436"
"fpl0r1aby8bmo08302x","What do you think about borrowing everyday items from libraries","36r4x554r4jmo08305c","Libraries should stick to books only","1776267963264"
"fpl0r1aby8bmo08302x","What do you think about borrowing everyday items from libraries","cq33n1nik8nmo08305c","Great way to try before you buy","1776267963264"
"fpl0r1aby8bmo08302x","What do you think about borrowing everyday items from libraries","krtkrj3yilmo08305d","Never even thought that was an option","1776267963265"
"fpl0r1aby8bmo08302x","What do you think about borrowing everyday items from libraries","2ztxewknwxqmo0e97vm","Awesome idea! So many daily items are good for common use like vacuums!","1776278330914"
"3oyml4qedysmo05mq6w","Should our city invest more in public transportation?","m6j94ahazthmo05mq88","Public transportation reduces traffic congestion and improves air quality","1776263844680"
"3oyml4qedysmo05mq6w","Should our city invest more in public transportation?","npwxx3ftuoqmo05mq88","The cost of expanding public transit is too high for our city's budget","1776263844680"
"3oyml4qedysmo05mq6w","Should our city invest more in public transportation?","ows2y9zvfoomo05mq88","Investing in bike lanes would be more cost-effective than buses or trains","1776263844680"
"7fi5lovnk0nmo05jrij","Should our city invest more in public transportation?","j8g8gxhjhimo05jrju","The cost of expanding public transit is too high for our city's budget","1776263706426"
"7fi5lovnk0nmo05jrij","Should our city invest more in public transportation?","w83391gbjwmo05jrju","Public transportation reduces traffic congestion and improves air quality","1776263706426"
"7fi5lovnk0nmo05jrij","Should our city invest more in public transportation?","wglx3ieg1irmo05jrju","Investing in bike lanes would be more cost-effective than buses or trains","1776263706426"
"yv2399v3mkmo055mr2","Should our city invest more in public transportation?","9vzwke2iewsmo055mse","The cost of expanding public transit is too high for our city's budget","1776263047070"
"yv2399v3mkmo055mr2","Should our city invest more in public transportation?","owqimpkhqlrmo055mse","Investing in bike lanes would be more cost-effective than buses or trains","1776263047070"
"yv2399v3mkmo055mr2","Should our city invest more in public transportation?","svadto0ec7mo055msd","Public transportation reduces traffic congestion and improves air quality","1776263047070"
"yv2399v3mkmo055mr2","Should our city invest more in public transportation?","l61we7cspznmo1g9upl","test","1776342185913"
"gx81oi48l3mnznv3df","What do you think about parking enforcement around town","7c5c6nqxkogmnznv3f2","People always complain, just follow the rules","1776234001934"
"gx81oi48l3mnznv3df","What do you think about parking enforcement around town","g2avh0rdlpkmnznv3f2","Parking is impossible, need more accessible spots","1776234001934"
"gx81oi48l3mnznv3df","What do you think about parking enforcement around town","m7fse52s6ismnznv3f2","Fines deter bad behavior and keep streets clear","1776234001934"
"bz0vv6475jemnzhec3e","What do you consider a fair amount of parental leave","eh61y5o0lpmnzhec5m","Companies shouldn't be burdened with these costs","1776223142410"
"bz0vv6475jemnzhec3e","What do you consider a fair amount of parental leave","k8fqic7yuhmnzhec5m","More leave helps families during crucial stages","1776223142410"
"bz0vv6475jemnzhec3e","What do you consider a fair amount of parental leave","lzvct50cpjjmnzhec5m","Six weeks feels like plenty of time","1776223142410"
"h7qwtzp94f5mnzegvgn","What's your ideal way to escape everyday noise","spu7wlm9opmnzegvix","Loud environments don't bother me much","1776218221977"
"h7qwtzp94f5mnzegvgn","What's your ideal way to escape everyday noise","szmvpfkb7rmnzegvix","Quiet museums are my go-to escape","1776218221977"
"h7qwtzp94f5mnzegvgn","What's your ideal way to escape everyday noise","tdwi099zpw9mnzegviy","Being outdoors is the best way to reset","1776218221978"
"jpgrnk1139bmnzdeaml","What considerations come to mind for new transit infrastructure projects","dgwar7xusvsmnzdeanw","Connecting communities effectively is most important","1776216422012"
"jpgrnk1139bmnzdeaml","What considerations come to mind for new transit infrastructure projects","jdsdqq5u5p9mnzdeanw","Funding and construction timelines are always a huge concern","1776216422012"
"jpgrnk1139bmnzdeaml","What considerations come to mind for new transit infrastructure projects","sch452xi3smnzdeanw","Improved access could transform daily commutes","1776216422012"
"vnnn2uk1ppmnzar4ex","What factors influence your view on rapid development projects","9ba1mopkwdomnzar4gk","Prioritize speed; innovation demands quick execution","1776211981652"
"vnnn2uk1ppmnzar4ex","What factors influence your view on rapid development projects","cr94n97cfzsmnzar4gk","Concerned about long-term impact on local communities","1776211981652"
"vnnn2uk1ppmnzar4ex","What factors influence your view on rapid development projects","x5s0vj7i6tmnzar4gk","Sustainable practices are more important than speed","1776211981652"
"xm83vgvw1wmnyzsc6y","How do you react to unexpected interruptions during a performance","m72l21wp9smnyzscf3","It disrupts the experience for everyone involved","1776193562847"
"xm83vgvw1wmnyzsc6y","How do you react to unexpected interruptions during a performance","qk2kcf6ft1mnyzscf3","Performers should adapt to audience energy","1776193562847"
"xm83vgvw1wmnyzsc6y","How do you react to unexpected interruptions during a performance","47hgt5chxqnmnyzscf4","Audiences should respect the artist's space","1776193562848"
"c8pq031q7amny8s3nv","What small, everyday actions bring you a sense of relief?","400g49ca5vwmny8s3pd","A quick laugh always lightens the mood","1776148201921"
"c8pq031q7amny8s3nv","What small, everyday actions bring you a sense of relief?","350dyv19a5jmny8s3pe","Physical release can be surprisingly therapeutic","1776148201922"
"c8pq031q7amny8s3nv","What small, everyday actions bring you a sense of relief?","gcz2g577oydmny8s3pe","Finding quiet moments helps me reset","1776148201922"
"c8pq031q7amny8s3nv","What small, everyday actions bring you a sense of relief?","ec9ib6hrw5rmnys3olh","Calming music","1776180654917"
"c8pq031q7amny8s3nv","What small, everyday actions bring you a sense of relief?","vunm50n4ct8mnys7s3t","Just pausing and taking a single breath","1776180846089"
"kn4mn65u9j8mny67i8e","What are your thoughts on potential conflicts of interest","ax8jpcyzksqmny67ia4","Someone's always got their hand in the cookie jar","1776143881804"
"kn4mn65u9j8mny67i8e","What are your thoughts on potential conflicts of interest","krbbquvqpdmny67ia4","Transparency is key for public trust","1776143881804"
"kn4mn65u9j8mny67i8e","What are your thoughts on potential conflicts of interest","xonc61i603mny67ia4","It's just how the world works, sadly","1776143881804"
"v3fes1y9yqmny667ub","What role does food play in connecting with the past","w9thcwbg8omny667vn","Food creates a powerful, nostalgic link to childhood","1776143821667"
"v3fes1y9yqmny667ub","What role does food play in connecting with the past","22ty72txzksmny667vo","Some flavors are just irreplaceable, truly special","1776143821668"
"v3fes1y9yqmny667ub","What role does food play in connecting with the past","toftux2apomny667vo","It's just food, not some deep emotional connection","1776143821668"
"z6xp76wtttgmny4kcrf","What factors matter most when cooking in bulk","1xahvzrji0tmny4kcu7","Material choice impacts flavor and cooking time","1776141122047"
"z6xp76wtttgmny4kcrf","What factors matter most when cooking in bulk","pvtc9w3l63cmny4kcu7","Heat distribution is key for consistent results","1776141122047"
"z6xp76wtttgmny4kcrf","What factors matter most when cooking in bulk","tqvcwwg9f7mny4kcu7","Just use what you have, it's fine","1776141122047"
"d7w8z7voheumny4a3vz","What do you consider a fair price for home repairs","ofyfhj4hnpemny4a3xq","So hard to know if you're getting ripped off","1776140643950"
"d7w8z7voheumny4a3vz","What do you consider a fair price for home repairs","uyobs09o1kcmny4a3xq","Always get at least three quotes for big jobs","1776140643950"
"d7w8z7voheumny4a3vz","What do you consider a fair price for home repairs","hycrshz5n18mny4a3xr","You pay for quality, cheap usually means trouble","1776140643951"
"cmptnycv64qmny47hs8","What do you value in political leadership candidates","i2v7iybwuegmny47htw","Experience and a clear vision matter most","1776140521988"
"cmptnycv64qmny47hs8","What do you value in political leadership candidates","pwtkg02m5zamny47htx","It's important to see diverse representation in power","1776140521989"
"cmptnycv64qmny47hs8","What do you value in political leadership candidates","u03w6ry3m5bmny47htx","Identity politics are a distraction from real issues","1776140521989"
"m1hewihrgymny17gyq","What unexpected physical challenges would space travel bring","7umt5g7g5krmny17h0d","Worth it to see the moon up close","1776135482077"
"m1hewihrgymny17gyq","What unexpected physical challenges would space travel bring","z9jtr98yqqmny17h0d","Allergies would be annoying up there","1776135482077"
"m1hewihrgymny17gyq","What unexpected physical challenges would space travel bring","o2wojyq78kqmny17h0e","Sounds like a bad time for astronauts","1776135482078"
"7oi4kuvobd7mnxyo60m","How do you handle unexpected construction detours in your city","7ftsoix876emnxyo62s","Just follow the signs, it's not a big deal","1776131222212"
"7oi4kuvobd7mnxyo60m","How do you handle unexpected construction detours in your city","kf3vrz4b2zmnxyo62s","Glad they're improving things, worth the temporary inconvenience","1776131222212"
"7oi4kuvobd7mnxyo60m","How do you handle unexpected construction detours in your city","vxsw7ne6vfamnxyo62s","Construction is always a hassle for my commute","1776131222212"
"7oi4kuvobd7mnxyo60m","How do you handle unexpected construction detours in your city","uyzreo6bqoomnytbrwk","test","1776182712068"
"7oi4kuvobd7mnxyo60m","How do you handle unexpected construction detours in your city","l23sqemnmnimnytefya","tewt","1776182836546"
"vnqu9v9l1mmnxxa07w","What do you enjoy about learning new skills","ndxfxnbv5zmnxxa09k","Mistakes are part of the process, just keep going","1776128881880"
"vnqu9v9l1mmnxxa07w","What do you enjoy about learning new skills","3ohjkme5337mnxxa09l","Practice makes perfect, patience is key","1776128881881"
"vnqu9v9l1mmnxxa07w","What do you enjoy about learning new skills","ierye5ppco9mnxxa09l","Starting is fun, but I rarely finish projects","1776128881881"
"s0e3a91ywy8mnxva028","what's your strategy for dealing with invasive species","4lcv7519d15mnxva079","it's a rly annoying problem","1776125522565"
"s0e3a91ywy8mnxva028","what's your strategy for dealing with invasive species","5h0jnn6z0yxmnxva079","i get rid of them immediately","1776125522565"
"s0e3a91ywy8mnxva028","what's your strategy for dealing with invasive species","tf09axbyw8qmnxva079","just let nature take its course","1776125522565"
"ktwh55ljailmnxs7ehi","What do you consider a reasonable commute time","nepfrtnxgmamnxs7ej5","Anything over 30 minutes is too long","1776120362321"
"ktwh55ljailmnxs7ehi","What do you consider a reasonable commute time","o95l46x8idmnxs7ej5","An hour each way is totally fine","1776120362321"
"ktwh55ljailmnxs7ehi","What do you consider a reasonable commute time","7e17dtu1z94mnxs7ej6","Two hours allows time for podcasts","1776120362322"
"irrcnn9p6omnxpf4yp","What's your approach to brushing your teeth","u3z2ht2n288mnxpf500","I just scrub super hard always works","1776115684368"
"irrcnn9p6omnxpf4yp","What's your approach to brushing your teeth","8p9pgsa7st4mnxpf501","My dentist says gentle is always better","1776115684369"
"irrcnn9p6omnxpf4yp","What's your approach to brushing your teeth","n2914dr2qmqmnxpf501","Light pressure makes my teeth feel cleaner","1776115684369"
"irrcnn9p6omnxpf4yp","What's your approach to brushing your teeth","5gpgr2uryfkmnytjamk","tsfsf","1776183062924"
"9qk0wr3oxngmnxpdsuv","What cinema format enhances the movie experience most","a8760sa8tzmnxpdswl","Love the immersion of larger-than-life screens","1776115622037"
"9qk0wr3oxngmnxpdsuv","What cinema format enhances the movie experience most","6yi2uhqwdavmnxpdswm","Comfort and sound quality are my top priorities","1776115622038"
"9qk0wr3oxngmnxpdsuv","What cinema format enhances the movie experience most","hehb2xjoukamnxpdswm","Just want to see it without distractions","1776115622038"
"1vhs7x5inswmnxopdve","How do you know you're truly clean","ojm7wzfy9inmnxopdxq","Smell is just one part of being clean","1776114482894"
"1vhs7x5inswmnxopdve","How do you know you're truly clean","tery2oua2jemnxopdxq","Nah, gotta feel clean, not just smell it","1776114482894"
"1vhs7x5inswmnxopdve","How do you know you're truly clean","y1i5lbk3jzkmnxopdxq","Smelling fine means you're good enough","1776114482894"
"1vhs7x5inswmnxopdve","How do you know you're truly clean","6b0pghx8gg8mnz380ig","asdasdas","1776199332760"
"kmx40u17g4mnxo14pj","Should our city invest more in public transportation?","9b63j9tq2zumnxo14qv","Investing in bike lanes would be more cost-effective than buses or trains","1776113351239"
"kmx40u17g4mnxo14pj","Should our city invest more in public transportation?","llhrp77yg8mnxo14qv","Public transportation reduces traffic congestion and improves air quality","1776113351239"
"kmx40u17g4mnxo14pj","Should our city invest more in public transportation?","tbu64n627unmnxo14qv","The cost of expanding public transit is too high for our city's budget","1776113351239"
"t7np8zt0ihmmnxnkwcs","Should our city invest more in public transportation?","2n27y7mre9pmnxnkwek","The cost of expanding public transit is too high for our city's budget","1776112593932"
"t7np8zt0ihmmnxnkwcs","Should our city invest more in public transportation?","u5zlew7wixmnxnkwek","Public transportation reduces traffic congestion and improves air quality","1776112593932"
"t7np8zt0ihmmnxnkwcs","Should our city invest more in public transportation?","wqe2bl6xm6mnxnkwek","Investing in bike lanes would be more cost-effective than buses or trains","1776112593932"
"yepa7d21u1jmnxngck3","What do you consider a fair price for subscriptions","rewocxqpzumnxngcm4","Companies always try to squeeze more money","1776112381660"
"yepa7d21u1jmnxngck3","What do you consider a fair price for subscriptions","u8ejg853inmnxngcm4","It's still worth it for the convenience","1776112381660"
"yepa7d21u1jmnxngck3","What do you consider a fair price for subscriptions","xon7qveheasmnxngcm4","Value depends on personal usage and budget","1776112381660"
"gw764z9ddermnxlpejr","Should we pedestrianize 17th St from Q to P?","5qtvaudflkfmnxlpele","Yes! I'm in favor of pedestrianizing","1776109444898"
"gw764z9ddermnxlpejr","Should we pedestrianize 17th St from Q to P?","aywwqybbxwemnxlpele","I want to see even more than those two blocks pedestrianized","1776109444898"
"gw764z9ddermnxlpejr","Should we pedestrianize 17th St from Q to P?","bl14mlksu6mnxlpele","It would hurt local businesses","1776109444898"
"gw764z9ddermnxlpejr","Should we pedestrianize 17th St from Q to P?","fb4o38nd8vgmnxlpele","There's needs to be sufficient parking spaces","1776109444898"
"gw764z9ddermnxlpejr","Should we pedestrianize 17th St from Q to P?","4hshcagimesmnxrge9i","I am wanting to help!","1776119102262"
"qb4qmlmtf4imnxefwee","Should our city invest more in public transportation?","7hedwuvlje7mnxefwfl","Investing in bike lanes would be more cost-effective than buses or trains","1776097244145"
"qb4qmlmtf4imnxefwee","Should our city invest more in public transportation?","ewhck7q239mmnxefwfl","Public transportation reduces traffic congestion and improves air quality","1776097244145"
"qb4qmlmtf4imnxefwee","Should our city invest more in public transportation?","rcxnenwul3mnxefwfl","The cost of expanding public transit is too high for our city's budget","1776097244145"
"qb4qmlmtf4imnxefwee","Should our city invest more in public transportation?","iin1ntn9knjmnxegkwo","Absolutely!","1776097275864"
"zb9fv4tdhc9mnxbhf0m","Should our city invest more in public transportation?","1hq501ncygtmnxbhf2j","The cost of expanding public transit is too high for our city's budget","1776092276107"
"zb9fv4tdhc9mnxbhf0m","Should our city invest more in public transportation?","6tialbo9a0wmnxbhf2j","Investing in bike lanes would be more cost-effective than buses or trains","1776092276107"
"zb9fv4tdhc9mnxbhf0m","Should our city invest more in public transportation?","lwfvyjeiroomnxbhf2j","Public transportation reduces traffic congestion and improves air quality","1776092276107"
"zb9fv4tdhc9mnxbhf0m","Should our city invest more in public transportation?","iiz9oke793omnxci5gc","test","1776093989916"
"l09qrq16oz9mnxas7vf","Should our city invest more in public transportation?","ofa2hny4cidmnxas7xf","The cost of expanding public transit is too high for our city's budget","1776091100451"
"l09qrq16oz9mnxas7vf","Should our city invest more in public transportation?","sb4v1eghpemnxas7xf","Investing in bike lanes would be more cost-effective than buses or trains","1776091100451"
"l09qrq16oz9mnxas7vf","Should our city invest more in public transportation?","ualdl8gjrcmnxas7xf","Public transportation reduces traffic congestion and improves air quality","1776091100451"
"l09qrq16oz9mnxas7vf","Should our city invest more in public transportation?","444z85fjzkxmo04ikm5","test","1776261971165"
"l09qrq16oz9mnxas7vf","Should our city invest more in public transportation?","xk7tk0fe7rfmo04zze7","sdfsf","1776262783471"
"l09qrq16oz9mnxas7vf","Should our city invest more in public transportation?","qcedv6gn60gmo050l1u","asdasd","1776262811538"
"8qv381diwvamnx9ulr7","Should our city invest more in public transportation?","29ztugeoacbmnx9ulsv","Public transportation reduces traffic congestion and improves air quality","1776089532127"
"8qv381diwvamnx9ulr7","Should our city invest more in public transportation?","8vuhtmnz4mmmnx9ulsv","The cost of expanding public transit is too high for our city's budget","1776089532127"
"8qv381diwvamnx9ulr7","Should our city invest more in public transportation?","kzhro6ozbpdmnx9ulsv","Investing in bike lanes would be more cost-effective than buses or trains","1776089532127"
"8qv381diwvamnx9ulr7","Should our city invest more in public transportation?","4fty5xcc0zjmnytj0ja","asdasda","1776183049846"
"b8drn51s0rmnx9n8l6","Should our city invest more in public transportation?","0gocgsqhdjqmnx9n8op","Investing in bike lanes would be more cost-effective than buses or trains","1776089188537"
"b8drn51s0rmnx9n8l6","Should our city invest more in public transportation?","3vda7abvzw9mnx9n8op","Public transportation reduces traffic congestion and improves air quality","1776089188537"
"b8drn51s0rmnx9n8l6","Should our city invest more in public transportation?","f41scj1fe6mnx9n8op","The cost of expanding public transit is too high for our city's budget","1776089188537"
"nf2xvnuc7hmnx9lwb3","Should our city invest more in public transportation?","bn19zglkxcdmnx9lwc2","Public transportation reduces traffic congestion and improves air quality","1776089125874"
"nf2xvnuc7hmnx9lwb3","Should our city invest more in public transportation?","e4tfhnz685smnx9lwc2","Investing in bike lanes would be more cost-effective than buses or trains","1776089125874"
"nf2xvnuc7hmnx9lwb3","Should our city invest more in public transportation?","iumvbt7c0nmnx9lwc2","The cost of expanding public transit is too high for our city's budget","1776089125874"
"8qfswz75todmnwl724j","What do you think impacts a person's life trajectory most","978cgpz0p9amnwl728v","Childhood experiences shape everything, fundamentally","1776048122911"
"8qfswz75todmnwl724j","What do you think impacts a person's life trajectory most","ak3ipxr5iuemnwl728v","It's really not that complicated; resilience matters most","1776048122911"
"8qfswz75todmnwl724j","What do you think impacts a person's life trajectory most","n72bb4x2zsamnwl728v","Support systems at any age are critical for success","1776048122911"
"zekrujlva6cmnwjavoy","What do you think about finding old music you've never heard","cm85rgxf0djmnwjavqk","Cool to discover something new from the past","1776044941868"
"zekrujlva6cmnwjavoy","What do you think about finding old music you've never heard","jy23iseiehdmnwjavql","It's usually forgotten for a reason","1776044941869"
"zekrujlva6cmnwjavoy","What do you think about finding old music you've never heard","zy1ur5hfncmnwjavql","Totally fine, new music is new music","1776044941869"
"67usd9bjh4rmnwirllu","How do you balance indulgence with health goals","5wdrhyfo02cmnwirlrw","Healthy swaps often sacrifice the satisfying taste","1776044042492"
"67usd9bjh4rmnwirllu","How do you balance indulgence with health goals","or5vjzvudgmnwirlrw","Focus on overall diet, not just one food","1776044042492"
"67usd9bjh4rmnwirllu","How do you balance indulgence with health goals","w4tux72gm2mnwirlrw","Enjoy everything in moderation, no need to restrict","1776044042492"
"b8hqnz1tzy7mnwh9l1o","What do you think about people being loud in public","4k7iklwt55kmnwh9l62","It's just people having fun, chill out","1776041522282"
"b8hqnz1tzy7mnwh9l1o","What do you think about people being loud in public","uj6wqhq9er8mnwh9l62","Can be really annoying, gotta be considerate","1776041522282"
"b8hqnz1tzy7mnwh9l1o","What do you think about people being loud in public","ibvbzx5sgtmnwh9l63","Love the energy, makes places feel alive","1776041522283"
"mf83oackg3bmnwfrkj5","What about historical brand mascots surprises you most","ozz41pli7rmnwfrkmk","Older designs often feel unexpectedly edgy","1776039002156"
"mf83oackg3bmnwfrkj5","What about historical brand mascots surprises you most","58z5bvhyty6mnwfrkml","Surprised by how much they change over time","1776039002157"
"mf83oackg3bmnwfrkj5","What about historical brand mascots surprises you most","xfvgy0yaffmnwfrkml","Many early mascots were quite problematic","1776039002157"
"pk30w9jti7mnwboyt0","What do you think justice should accomplish","av4byzuf4bemnwboyvr","Rehabilitation helps everyone stay safer","1776032162199"
"pk30w9jti7mnwboyt0","What do you think justice should accomplish","i8nb5ssb5l8mnwboyvr","Punishment should fit what they did","1776032162199"
"pk30w9jti7mnwboyt0","What do you think justice should accomplish","ry89urug05mmnwboyvr","Some crimes deserve permanent punishment","1776032162199"
"m1eqz6mzmmqmnwariut","what do you prioritize when considering human dignity","4p85vp1p2bimnwarj0b","some situations require tough choices","1776030601979"
"m1eqz6mzmmqmnwariut","what do you prioritize when considering human dignity","bjbedjilq59mnwarj0b","capacity limits exist for good reasons","1776030601979"
"m1eqz6mzmmqmnwariut","what do you prioritize when considering human dignity","qnju5sabhvmnwarj0b","everyone deserves basic humane treatment","1776030601979"
"abea1ur4vmpmnw8ddto","What matters when cooking food for a specific texture","79qdyfnbhn8mnw8ddw6","Texture is key, don't overthink it","1776026582934"
"abea1ur4vmpmnw8ddto","What matters when cooking food for a specific texture","hx7ewxxonvcmnw8ddw6","Dryness is the enemy, regardless of use","1776026582934"
"abea1ur4vmpmnw8ddto","What matters when cooking food for a specific texture","no3uve5e2ymnw8ddw6","Always prioritize safety, even for shreds","1776026582934"
"791lz4ot9esmnw7z7tq","What does it mean to lose track of something important","26pso3l8hbjmnw7z7vq","It's fundamentally unacceptable, shows systemic failure","1776025921958"
"791lz4ot9esmnw7z7tq","What does it mean to lose track of something important","71oe2oht4m9mnw7z7vq","Stuff gets lost, it's really not that complicated","1776025921958"
"791lz4ot9esmnw7z7tq","What does it mean to lose track of something important","sogrfjtpwwrmnw7z7vr","At the end of the day, mistakes happen","1776025921959"
"lodq6g24xdmnw6emrd","What makes a company's growth strategy feel sustainable","mz508a3smamnw6emvk","Big risks can yield big rewards sometimes","1776023282000"
"lodq6g24xdmnw6emrd","What makes a company's growth strategy feel sustainable","ncvew2mldamnw6emvk","Steady, careful growth is always best","1776023282000"
"lodq6g24xdmnw6emrd","What makes a company's growth strategy feel sustainable","povi022m3gmnw6emvk","Focusing on audience experience builds true loyalty","1776023282000"
"i4lo06yxhvcmnw56ws2","What's the most confusing time zone experience you've had","k9j0bwzqqtrmnw56www","My phone always changes unexpectedly","1776021242144"
"i4lo06yxhvcmnw56ws2","What's the most confusing time zone experience you've had","pc6c64vib6qmnw56wwx","I wish time zones were simpler","1776021242145"
"i4lo06yxhvcmnw56ws2","What's the most confusing time zone experience you've had","r63hs59ck6mnw56wwx","It's a fun quirk of travel","1776021242145"
"4m064g16o4cmnvyz508","What challenges do people face in their communities","j5j45zgxig7mnvyz527","Community support helps overcome many obstacles","1776010801759"
"4m064g16o4cmnvyz508","What challenges do people face in their communities","uq6lt4s3grmnvyz527","Safety concerns are always a top priority","1776010801759"
"byo1zh5s92mnvsm8st","What achievements feel most meaningful to you","1q47zs6881vhmnvsm8wc","Age and size don't limit incredible accomplishments","1776000122508"
"byo1zh5s92mnvsm8st","What achievements feel most meaningful to you","hl1784d1bmpmnvsm8wc","Breaking barriers shows real strength and perseverance","1776000122508"
"byo1zh5s92mnvsm8st","What achievements feel most meaningful to you","twfjutddvmmnvsm8wc","Dedication to anything for life is truly inspiring","1776000122508"
"jjgpttfvwspmnv75cbr","What do you do when you hear unexplained noises","3f29ietoipsmnv75cfi","Call non-emergency if it sounds serious","1775964061998"
"jjgpttfvwspmnv75cbr","What do you do when you hear unexplained noises","9jr3z66uxqamnv75cfi","Check local news and neighborhood forums","1775964061998"
"jjgpttfvwspmnv75cbr","What do you do when you hear unexplained noises","kalv6dnq3mmnv75cfi","Assume fireworks, ignore it mostly","1775964061998"
"n5rpjznyl5jmnv1r5k2","What's your limit for bending the rules","pmo7o2ze7ahmnv1r5mt","Totally understandable given the circumstances","1775955001925"
"n5rpjznyl5jmnv1r5k2","What's your limit for bending the rules","w42x102nnlkmnv1r5mt","Nah, rules are there for a reason","1775955001925"
"n5rpjznyl5jmnv1r5k2","What's your limit for bending the rules","x799t6p4bdomnv1r5mt","Sometimes you gotta do what you gotta do","1775955001925"
"v4dapmd7kxkmnuz7usr","How do you navigate alcohol in social settings","ccc0chnns59mnuz7utq","Always stick to non-alcoholic options, it's easier","1775950742222"
"v4dapmd7kxkmnuz7usr","How do you navigate alcohol in social settings","imh8i1hc8k9mnuz7utr","Just have one or two, no big deal","1775950742223"
"v4dapmd7kxkmnuz7usr","How do you navigate alcohol in social settings","xv99q5zr7emnuz7utr","Drinking outside is part of the fun","1775950742223"
"ipzgdfb3i4mnuyyuv8","What scenes capture the enduring feeling of a place","15aufy86n5pimnuyyuwv","Always notice the hidden, quiet moments","1775950322431"
"ipzgdfb3i4mnuyyuv8","What scenes capture the enduring feeling of a place","nuu14mgu6gbmnuyyuwv","Love seeing everyday life preserved","1775950322431"
"ipzgdfb3i4mnuyyuv8","What scenes capture the enduring feeling of a place","pdlblqwke9mnuyyuwv","City's energy feels so incredibly alive","1775950322431"
"chq5ac6wcvmnuo923n","What are your thoughts on sharing long drives with strangers","jg5c2kuphfmnuo924r","Sounds like a fun adventure, love meeting new people","1775932322571"
"chq5ac6wcvmnuo923n","What are your thoughts on sharing long drives with strangers","cm8dlgla234mnuo924s","Too risky, always drive alone for safety","1775932322572"
"chq5ac6wcvmnuo923n","What are your thoughts on sharing long drives with strangers","exdgremeo7bmnuo924s","Saving money on gas makes it worth considering","1775932322572"
"3w1ez38znasmnun01da","What do you value in local art experiences","bajgilwg8ncmnun01g2","Love discovering new artists and unique pieces","1775930222162"
"3w1ez38znasmnun01da","What do you value in local art experiences","dk6iy8is4d5mnun01g2","Often feel a bit too pretentious for my taste","1775930222162"
"3w1ez38znasmnun01da","What do you value in local art experiences","ef0ry4nfh9fmnun01g2","Great way to support community and creativity","1775930222162"
"v5rbvf6ao4mnumsb9k","What draws you to local art events and studios","9rnl7axtdefmnumsbar","Love seeing artists' creative process firsthand","1775929861683"
"v5rbvf6ao4mnumsb9k","What draws you to local art events and studios","8dzuei8c14mnumsbas","Cool way to spend a free afternoon","1775929861684"
"v5rbvf6ao4mnumsb9k","What draws you to local art events and studios","riwlas9lxsmnumsbas","Too much effort for little payoff","1775929861684"
"26zcpminho6mnumblpl","What do you make of a community's stated values versus reality","0mieb6xk88wkmnumblqs","I avoid scenes where everyone acts the same","1775929082068"
"26zcpminho6mnumblpl","What do you make of a community's stated values versus reality","lq37yvbvjedmnumblqs","The community's ideals are genuine, I've seen it","1775929082068"
"26zcpminho6mnumblpl","What do you make of a community's stated values versus reality","s8ek016o6mnumblqs","Hypocrisy is fundamental, people rarely practice what they preach","1775929082068"
"f7vp4d68kdmnuj6fje","What do you think about managing nature in shared public spaces","3bfm9wmxs8omnuj6fko","Removing invasives helps native plants thrive","1775923801944"
"f7vp4d68kdmnuj6fje","What do you think about managing nature in shared public spaces","51loc9rhe4mnuj6fkp","Wish they'd consider shade and food sources","1775923801945"
"f7vp4d68kdmnuj6fje","What do you think about managing nature in shared public spaces","lcz9gpwabl8mnuj6fkp","Love seeing natural spaces kept wild","1775923801945"
"2mjkcy13i9vmnugxf4j","What truly matters when deciding how you spend money","4cumcmc5j6xmnugxf6d","Experiences are always more valuable than material possessions","1775920022293"
"2mjkcy13i9vmnugxf4j","What truly matters when deciding how you spend money","0zkwakuxe0rhmnugxf6e","Value is subjective, depends entirely on priorities","1775920022294"
"2mjkcy13i9vmnugxf4j","What truly matters when deciding how you spend money","yny272wcw7jmnugxf6e","Saving money is the most important factor","1775920022294"
"prw1agnwpapmnudhzdt","What are your thoughts on privacy versus safety online","06zwciu835yqmnudhzfj","Companies shouldn't police content without warrants","1775914263199"
"prw1agnwpapmnudhzdt","What are your thoughts on privacy versus safety online","lumjupqc2xmnudhzfj","Privacy is fundamental; constant scanning feels invasive","1775914263199"
"prw1agnwpapmnudhzdt","What are your thoughts on privacy versus safety online","ycgs70gc1mdmnudhzfj","Safety outweighs privacy concerns for vulnerable populations","1775914263199"
"7lz6sja5tcrmntzcp2a","What do you prioritize: stability or career growth and pay","xe4guhvwhomntzcp4d","Peace of mind is truly priceless, worth any sacrifice","1775890501933"
"7lz6sja5tcrmntzcp2a","What do you prioritize: stability or career growth and pay","amy1ojdi65wmntzcp4e","Always chase the bigger paycheck, life is short","1775890501934"
"7lz6sja5tcrmntzcp2a","What do you prioritize: stability or career growth and pay","j2l8bo5klbmntzcp4e","Money isn't everything, but it helps a lot","1775890501934"
"yh7e52npolamntoyh0p","What do you like to pair with a creamy soup","ln8ae0lixblmntoyh28","a crusty bread roll is essential","1775873042144"
"yh7e52npolamntoyh0p","What do you like to pair with a creamy soup","n0c3ujswga8mntoyh28","grilled cheese is the only acceptable answer","1775873042144"
"yh7e52npolamntoyh0p","What do you like to pair with a creamy soup","1z9o4zlrohmmntoyh29","something light, like a fresh salad","1775873042145"
"l2hleesw7cmntkx5i1","What concerns you about AI managing people at work","1mwm27u935nmntkx5ji","My job is already basically managed by AI","1775866262094"
"l2hleesw7cmntkx5i1","What concerns you about AI managing people at work","tl0r0s137q8mntkx5ji","AI could offer unbiased, consistent management","1775866262094"
"l2hleesw7cmntkx5i1","What concerns you about AI managing people at work","f2yvauo56s6mntkx5ji","AI lacks empathy for complex employee situations","1775866262095"
"w7jpjl1h3wkmnt0dp0j","What's your strategy for securing a desired amenity","axlz1rz2odmnt0dp2d","Waiting lists are often the only way","1775831761957"
"w7jpjl1h3wkmnt0dp0j","What's your strategy for securing a desired amenity","j9hce5pojdmnt0dp2d","Always ask directly, you never know!","1775831761957"
"w7jpjl1h3wkmnt0dp0j","What's your strategy for securing a desired amenity","ku3gmqqyisbmnt0dp2d","Good things come to those who wait","1775831761957"
"2w5l297hxommns9hcpv","what kind of risks seem worth taking in tech development","0c38urve8p2tmns9hcrx","it's a massive gamble that rarely pays off","1775786583021"
"2w5l297hxommns9hcpv","what kind of risks seem worth taking in tech development","dczfbb64h0nmns9hcrx","building everything in-house feels like a power move","1775786583021"
"2w5l297hxommns9hcpv","what kind of risks seem worth taking in tech development","f8dnohohfqnmns9hcrx","totally fine if they have the resources","1775786583021"
"2w5l297hxommns9hcpv","what kind of risks seem worth taking in tech development","pjf5hn5hyxmnthnwj1","Big risk big reward","1775860791661"
"8028g8ebstxmns3dfbx","What do you value most in a candy experience","aztqtk2j36omns3dfdd","I prefer consistent, predictable, sweet tastes","1775776322065"
"8028g8ebstxmns3dfbx","What do you value most in a candy experience","jfmt9cvb0jgmns3dfdd","Surprise flavors add exciting novelty","1775776322065"
"8028g8ebstxmns3dfbx","What do you value most in a candy experience","u38bh8gujgmns3dfde","Some flavors are just fundamentally unappealing","1775776322066"
"yfi26q3eundmnryijbk","What's your take on new public recreation projects","z1uurwcga5dmnryijdd","Love seeing new ways to enjoy the city","1775768162449"
"yfi26q3eundmnryijbk","What's your take on new public recreation projects","bfih57te6uamnryijde","Just want to see them actually get built","1775768162450"
"yfi26q3eundmnryijbk","What's your take on new public recreation projects","gqruemahgmkmnryijde","Safety and health must be top priorities","1775768162450"
"yfi26q3eundmnryijbk","What's your take on new public recreation projects","oqe3di98wapmns0qy54","Make sure they’re affordable!","1775771914072"
"jffd10t0gumnrqovqe","What role should private companies play in public infrastructure?","91q9g76yoimnrqovs9","They offer innovative solutions government often lacks","1775755021545"
"jffd10t0gumnrqovqe","What role should private companies play in public infrastructure?","coarmqwr5zvmnrqovs9","Concerned about data collection and privacy implications","1775755021545"
"jffd10t0gumnrqovqe","What role should private companies play in public infrastructure?","eimhjyjacv5mnrqovs9","Great way to get things done faster","1775755021545"
"jffd10t0gumnrqovqe","What role should private companies play in public infrastructure?","hkiigbtvoasmns4t1i6","There are incentive issues","1775778730206"
"cacel9mwxnlmnrql5th","Should users be able to record rants with their voice on heard.vote?","48oyjbjrsufmnrql5ur","I wanna be able to record rants with my voice on heard.vote.","1775754847971"
"cacel9mwxnlmnrql5th","Should users be able to record rants with their voice on heard.vote?","aa846i6ktxmnrql5ur","I can have my voice heard on the website.","1775754847971"
"cacel9mwxnlmnrql5th","Should users be able to record rants with their voice on heard.vote?","cn04iq9iziumnrql5ur","I wanna be able to record rants with my voice on the website.","1775754847971"
"7bnd3h2egcmmnrn6vmf","what drives ppl to turn on former allies","zhxcr5upglmnrn6vo5","it's all about personal gain","1775749142741"
"7bnd3h2egcmmnrn6vmf","what drives ppl to turn on former allies","1q0i2txj6momnrn6vo6","some just wanna watch the world burn","1775749142742"
"7bnd3h2egcmmnrn6vmf","what drives ppl to turn on former allies","mhe6b1147ojmnrn6vo6","loyalty means nothing when power's involved","1775749142742"
"l57evhrphvcmnrgwj47","what shapes your perspective on raising children","jkb6ds2affmmnrgwj5z","parents often project their own experiences onto kids","1775738582279"
"l57evhrphvcmnrgwj47","what shapes your perspective on raising children","camxwmpr3a7mnrgwj60","easy or hard depends on the individual child","1775738582280"
"l57evhrphvcmnrgwj47","what shapes your perspective on raising children","htlz8o481simnrgwj60","my kids are my whole world, worth every effort","1775738582280"
"vg4rcszmvegmnrd85hq","What are your go-to meals for eating more vegetables","vpd1uq4h78gmnrd85ja","Sheet pan dinners are easy and delicious","1775732406022"
"vg4rcszmvegmnrd85hq","What are your go-to meals for eating more vegetables","7uav50sn5bxmnrd85jb","Soup is a great way to hide vegetables","1775732406023"
"vg4rcszmvegmnrd85hq","What are your go-to meals for eating more vegetables","7xo57nm3j1jmnrd85jb","Stir-fries are quick and versatile","1775732406023"
"ua3pf3tzc5mnr399mk","How do you manage discomfort from summer heat","xbscvcfeutgmnr399o1","Loose clothing helps tremendously, avoids feeling constricted","1775715661873"
"ua3pf3tzc5mnr399mk","How do you manage discomfort from summer heat","2pfm5af3b07mnr399o2","Embrace the sweat, it's just part of summer","1775715661874"
"j53njorbqramnqy2su0","What do you think about large-scale government projects","jno17vxocg7mnqy2swb","Bureaucracy and waste seem to be unavoidable","1775706962123"
"j53njorbqramnqy2su0","What do you think about large-scale government projects","s3vm07mw3pdmnqy2swb","Some become long-term boondoggles without real purpose","1775706962123"
"j53njorbqramnqy2su0","What do you think about large-scale government projects","w3vmty923bmnqy2swb","Often they create jobs and drive innovation","1775706962123"
"h79pxijrsjmnqsi6it","What's your perspective on public figures' past projects?","ib26qt8tk1fmnqsi6kt","Once done, move on to new things","1775697601997"
"h79pxijrsjmnqsi6it","What's your perspective on public figures' past projects?","tflzaphdo7mnqsi6kt","Gratitude for past work is a good look","1775697601997"
"h79pxijrsjmnqsi6it","What's your perspective on public figures' past projects?","xxi5thht2tlmnqsi6kt","They owe nothing to old roles","1775697601997"
"4uh3liz0mvymnqpr5s4","How do you feel about using AI in your daily life","1j96mhtwjccmnqpr5uc","It feels like cheating in some areas","1775692982100"
"4uh3liz0mvymnqpr5s4","How do you feel about using AI in your daily life","4pr51zsq3cjmnqpr5uc","It simplifies tasks and saves me time","1775692982100"
"4uh3liz0mvymnqpr5s4","How do you feel about using AI in your daily life","60nmnuxq1n3mnqpr5uc","I worry about losing creative skills","1775692982100"
"6k114ar886bmnqmsf5f","What happens when public figures commit crimes","823cdnx1t4hmnqmsf7h","Consequences should be same for everyone","1775688002045"
"6k114ar886bmnqmsf5f","What happens when public figures commit crimes","kibgpxkziomnqmsf7h","Celebrities get away with too much stuff","1775688002045"
"6k114ar886bmnqmsf5f","What happens when public figures commit crimes","ro1nm0rwgrlmnqmsf7h","Their talent doesn't excuse their bad actions","1775688002045"
"tc9zrnfg1nsmnqetmy1","What new music styles are you currently into","z24cvigti5omnqetn05","love anything with a good beat and synth","1775674621877"
"tc9zrnfg1nsmnqetmy1","What new music styles are you currently into","8cpcghnceikmnqetn06","honestly just listen to whatever's popular","1775674621878"
"tc9zrnfg1nsmnqetmy1","What new music styles are you currently into","bpcrbh7aqhhmnqetn06","i prefer something more classic rock vibes","1775674621878"
"tc9zrnfg1nsmnqetmy1","What new music styles are you currently into","41o7fhqsx7dmnqfmhhb","sdfsfss","1775675967743"
"x2a7vef3aqimnqenwfk","Should our city invest more in public transportation?","qf3w88i6q1lmnqenwgm","Public transportation reduces traffic congestion and improves air quality","1775674354198"
"x2a7vef3aqimnqenwfk","Should our city invest more in public transportation?","r644uw9m8amnqenwgm","Investing in bike lanes would be more cost-effective than buses or trains","1775674354198"
"x2a7vef3aqimnqenwfk","Should our city invest more in public transportation?","vz614mu31xpmnqenwgm","The cost of expanding public transit is too high for our city's budget","1775674354198"
"x2a7vef3aqimnqenwfk","Should our city invest more in public transportation?","a9cg9kizxbkmnqeohw1","testsdfsdf sdf dsf","1775674381969"
"x2a7vef3aqimnqenwfk","Should our city invest more in public transportation?","eashwurbzsdmnqeoyre","sdfsdf sdf sdf sdfd","1775674403834"
"x2a7vef3aqimnqenwfk","Should our city invest more in public transportation?","x3ukli6r5sdmnqeq4sh","dffsdfsfs","1775674458305"
"x2a7vef3aqimnqenwfk","Should our city invest more in public transportation?","mvgaeyxk1jmnqfoudq","sdfsdfsf","1775676077774"
"x2a7vef3aqimnqenwfk","Should our city invest more in public transportation?","7jc2m58njkxmnqfy1t2","asdasd","1775676507302"
"jh7sd6huhdmnqen8hh","What past societal adaptations intrigue you most","3wg09wna5xmnqen9zx","Resourcefulness during tough times is inspiring","1775674325085"
"jh7sd6huhdmnqen8hh","What past societal adaptations intrigue you most","4s2rkvyxivnmnqen9zx","Change is always met with resistance","1775674325085"
"jh7sd6huhdmnqen8hh","What past societal adaptations intrigue you most","67204ogkhf6mnqen9zx","Things often get worse before getting better","1775674325085"
"hdacjaog7c4mnqc01c7","What do you think about how sapphic love is portrayed in media","fhuyb942uzdmnqc01dq","Storytelling often makes sapphic relationships feel unimportant","1775669881598"
"hdacjaog7c4mnqc01c7","What do you think about how sapphic love is portrayed in media","mqn727rfz7mnqc01dr","Media simply reflects society's biases, not its own","1775669881599"
"hdacjaog7c4mnqc01c7","What do you think about how sapphic love is portrayed in media","u00r5y59zmmnqc01dr","I don't notice any difference in portrayal","1775669881599"
"tmuqd0l828dmnq4s9t2","What types of free activities do you seek out","21gh0kq4acomnq4s9wc","Prefer structured routines over drop-in options","1775657762076"
"tmuqd0l828dmnq4s9t2","What types of free activities do you seek out","2ziib4nsfr9mnq4s9wc","Free classes are a great way to try new things","1775657762076"
"tmuqd0l828dmnq4s9t2","What types of free activities do you seek out","z0n389d19bjmnq4s9wc","Love finding new ways to stay active outdoors","1775657762076"
"e4pd5hfwk0tmnpygnfn","How do you manage airport security lines","bfvs85pqfm7mnpygnhi","i always get there super early it's the only way","1775647142118"
"e4pd5hfwk0tmnpygnfn","How do you manage airport security lines","762vvhuwzfmnpygnhj","just expect delays part of traveling now lol","1775647142119"
"e4pd5hfwk0tmnpygnfn","How do you manage airport security lines","iweq457pfyhmnpygnhj","precheck is literally a lifesaver no more long lines","1775647142119"
"066fnqe99up4mnpbwz6t","What are your TOP priorities for improving the Dupont Circle neighborhood?","3aptkai0knvmnpbwz7r","Security / safety","1775609272647"
"066fnqe99up4mnpbwz6t","What are your TOP priorities for improving the Dupont Circle neighborhood?","ayws5903k6tmnpbwz7r","Pedestrianizing and bike lanes","1775609272647"
"066fnqe99up4mnpbwz6t","What are your TOP priorities for improving the Dupont Circle neighborhood?","dieos92t54mnpbwz7r","I wish there was more live music!","1775609272647"
"066fnqe99up4mnpbwz6t","What are your TOP priorities for improving the Dupont Circle neighborhood?","eido88t2zipmnpbwz7r","More parking options","1775609272647"
"066fnqe99up4mnpbwz6t","What are your TOP priorities for improving the Dupont Circle neighborhood?","f2wssathe4cmnpbwz7r","More public engagement!","1775609272647"
"066fnqe99up4mnpbwz6t","What are your TOP priorities for improving the Dupont Circle neighborhood?","iwr8iqrlcm8mnpbwz7r","Cleanliness (e.g. street sweeping, trash pickup)","1775609272647"
"066fnqe99up4mnpbwz6t","What are your TOP priorities for improving the Dupont Circle neighborhood?","ki8nhjar5bmnpbwz7r","I think it's clean overall but needs more doggy bag stations","1775609272647"
"066fnqe99up4mnpbwz6t","What are your TOP priorities for improving the Dupont Circle neighborhood?","un1px1bx2dlmnpbwz7r","More third spaces like parklets and pedestrian-only zones","1775609272647"
"066fnqe99up4mnpbwz6t","What are your TOP priorities for improving the Dupont Circle neighborhood?","xqodzc5bpqmnpbwz7r","Affordability (e.g. dining out, rent, general livability)","1775609272647"
"ryxixryir6omnp82afc","What excites you most about scientific breakthroughs","1iqkbvuejsyimnp82aje","New discoveries always push humanity forward","1775602802138"
"ryxixryir6omnp82afc","What excites you most about scientific breakthroughs","4mae3a9peivmnp82aje","Curious about practical applications for everyday life","1775602802138"
"ryxixryir6omnp82afc","What excites you most about scientific breakthroughs","cweci2g0t0amnp82aje","Potential for changing how we understand everything","1775602802138"
"qhupibrucycmnp163bi","What's your experience with unusual or persistent bodily sensations","16fa5bitcmimnp163g6","Unusual sensations usually signal something needs checking","1775591222262"
"qhupibrucycmnp163bi","What's your experience with unusual or persistent bodily sensations","9gp5r69l13tmnp163g6","My body often feels off, but doctors find nothing","1775591222262"
"qhupibrucycmnp163bi","What's your experience with unusual or persistent bodily sensations","cr3j75i1b0pmnp163g6","I rarely notice anything out of the ordinary","1775591222262"
"a7xye8dtl1gmnp03id9","What's your approach to resolving issues with services","ccou03zcmvvmnp03ii9","Getting a second opinion saves so much money","1775589422193"
"a7xye8dtl1gmnp03id9","What's your approach to resolving issues with services","rx1on0c6jcmnp03ii9","I always check reviews, then trust my gut","1775589422193"
"a7xye8dtl1gmnp03id9","What's your approach to resolving issues with services","d1ound86f4cmnp03iia","A good reputation is worth paying more","1775589422194"
"2c1g7wzj2j4mnoz8n98","What do you prioritize when starting a business with nothing","g32rjqk4lrtmnoz8nbk","Networking is literally the most important thing","1775587982096"
"2c1g7wzj2j4mnoz8n98","What do you prioritize when starting a business with nothing","o7ua1e8q7wsmnoz8nbk","Definitely gotta find a niche and own it","1775587982096"
"2c1g7wzj2j4mnoz8n98","What do you prioritize when starting a business with nothing","s1vhty11tvmnoz8nbk","Focus on what you can do yourself","1775587982096"
"oak2c7rxxodmnotb6cn","What small habits have significantly improved your well-being","haekysl0249mnotb6en","Small changes make a huge difference","1775578022447"
"oak2c7rxxodmnotb6cn","What small habits have significantly improved your well-being","8zfukfevo3nmnotb6eo","Never thought about it, just do what works","1775578022448"
"oak2c7rxxodmnotb6cn","What small habits have significantly improved your well-being","iz4w7jamfamnotb6eo","Overthinking hygiene wastes time and effort","1775578022448"
"pg1obe0vovemnorpazn","What do you think about working from home?","13pl3qtlawt8mnorpb1x","It's a huge privilege, not a right","1775575322421"
"pg1obe0vovemnorpazn","What do you think about working from home?","xkck5hohxtmnorpb1x","My productivity is so much better at home","1775575322421"
"pg1obe0vovemnorpazn","What do you think about working from home?","u2momozi1dcmnorpb1y","I miss the office camaraderie and structure","1775575322422"
"ga4tik50qbmnorhl8w","What shapes a nation's response to perceived global bullying","ey1xxn2bl1mnorhld2","Appeasement emboldens aggressive actors","1775574962534"
"ga4tik50qbmnorhl8w","What shapes a nation's response to perceived global bullying","5c5ut10wmppmnorhld3","Complex situations require diplomatic, not confrontational, approaches","1775574962535"
"ga4tik50qbmnorhl8w","What shapes a nation's response to perceived global bullying","wd4lz108sgmnorhld3","Standing firm prevents further escalation","1775574962535"
"rdynqbcrrnmnoqvqfz","What defines a good work arrangement","cqor6kntjimmnoqvqih","Flexibility makes me more productive","1775573942777"
"rdynqbcrrnmnoqvqfz","What defines a good work arrangement","ftcltzbwqq4mnoqvqii","Been working in person forever it's normal","1775573942778"
"rdynqbcrrnmnoqvqfz","What defines a good work arrangement","hor6dhg2u1jmnoqvqii","Work from home is a perk not a right","1775573942778"
"6xkvnfilaymmnopqknc","What helps you maintain good oral hygiene","lw6a2iwu0nmnopqkta","Consistency is key, brushing twice daily","1775572022494"
"6xkvnfilaymmnopqknc","What helps you maintain good oral hygiene","wm4c3g0v2gfmnopqkta","Regular checkups prevent bigger issues","1775572022494"
"6xkvnfilaymmnopqknc","What helps you maintain good oral hygiene","woxzekar3inmnopqktb","Diet choices impact dental health significantly","1775572022495"
"a0d7yygatk7mnoot50m","what makes a movie truly memorable for you","i7griayz97mnoot54u","it's the emotional connection it sparks","1775570462526"
"a0d7yygatk7mnoot50m","what makes a movie truly memorable for you","ersia9mpw25mnoot54v","fun and escapism are what i seek","1775570462527"
"a0d7yygatk7mnoot50m","what makes a movie truly memorable for you","q1ms6oadpumnoot54v","unique visuals and storytelling always stand out","1775570462527"
"v0pesu1fsifmnook4jj","What common kitchen tasks do you find challenging","30ewel3ly7gmnook4m0","Chopping them always makes me cry","1775570041944"
"v0pesu1fsifmnook4jj","What common kitchen tasks do you find challenging","4l59souqy2amnook4m1","Never had a problem, eyes don't burn","1775570041945"
"v0pesu1fsifmnook4jj","What common kitchen tasks do you find challenging","l2wv48326mimnook4m1","I just use a food processor now","1775570041945"
"sgu1hxdikvmnonqkim","how do you manage body odor","tp4yd57cctsmnonqkkt","my diet makes a big difference","1775568662957"
"sgu1hxdikvmnonqkim","how do you manage body odor","8kej3gze3emnonqkku","some fabrics just make me smell worse","1775568662958"
"sgu1hxdikvmnonqkim","how do you manage body odor","pynzosmu8s8mnonqkku","daily hygiene helps but sometimes it's not enough","1775568662958"
"4d79bbn4rwwmnom3e3u","What's your experience with unexpected success stories","me4c57zivomnom3e6t","Love seeing people achieve their dreams","1775565901973"
"4d79bbn4rwwmnom3e3u","What's your experience with unexpected success stories","7q4xvyn1b1pmnom3e6u","Hard work always pays off eventually","1775565901974"
"4d79bbn4rwwmnom3e3u","What's your experience with unexpected success stories","vdmgox4kv4mnom3e6u","Luck plays a huge part in who makes it","1775565901974"
"v0pwq0vmooqmno4y4fr","What determines a company's ability to maintain growth","urdeqos6y6omno4y4hn","it's all about consistent innovation and market adaptation","1775537102651"
"v0pwq0vmooqmno4y4fr","What determines a company's ability to maintain growth","06qrwmx46orxmno4y4ho","sustainability depends on strong leadership and execution","1775537102652"
"v0pwq0vmooqmno4y4fr","What determines a company's ability to maintain growth","kx0iehxjznemno4y4ho","strategic investments really drive long-term success","1775537102652"
"cqeczpmw0rtmnnz37qj","How do you view personality labels and self-identity","oa9y3gduwdqmnnz37t9","Labels oversimplify complex human behavior","1775527262541"
"cqeczpmw0rtmnnz37qj","How do you view personality labels and self-identity","19knc5924vkmnnz37ta","Just another way to categorize people","1775527262542"
"cqeczpmw0rtmnnz37qj","How do you view personality labels and self-identity","8pgcr76zjkmmnnz37ta","Helpful for understanding myself and others","1775527262542"
"el4xjypg4j8mnnr5po5","What role do smart glasses play in your daily life?","g3u29h8w15mnnr5pq9","Still waiting for truly useful, non-intrusive designs","1775513942145"
"el4xjypg4j8mnnr5po5","What role do smart glasses play in your daily life?","of94rws0fxmnnr5pq9","Essential tool for information access and hands-free tasks","1775513942145"
"el4xjypg4j8mnnr5po5","What role do smart glasses play in your daily life?","hlbrx7pm2snmnnr5pqa","Too much tech, prefer to stay present offline","1775513942146"
"xbnv5260hlmmnnirhym","What role should schools play in teaching about big world issues","n99purjkssmnniri09","Kids need to learn about the environment","1775499842025"
"xbnv5260hlmmnnirhym","What role should schools play in teaching about big world issues","o6xp1tbca6mmnniri09","Schools should stick to the basics","1775499842025"
"xbnv5260hlmmnnirhym","What role should schools play in teaching about big world issues","8pck4bdn35lmnniri0a","This feels like political indoctrination","1775499842026"
"wb3r8sfkxgmnngfwmp","What's your preferred method for high-heat outdoor cooking","o62i56exj3bmnngfwpg","Portable griddle is a game changer","1775495941972"
"wb3r8sfkxgmnngfwmp","What's your preferred method for high-heat outdoor cooking","pq1eyz85ivfmnngfwpg","Propane burner works great, very hot","1775495941972"
"wb3r8sfkxgmnngfwmp","What's your preferred method for high-heat outdoor cooking","pvua0m3anulmnngfwpg","Just use the grill, good enough for me","1775495941972"
"hgy1st61ww5mnng870c","What do you prioritize when choosing a new living space","7c4ffn50at7mnng872i","Newer buildings often mean fewer problems","1775495582154"
"hgy1st61ww5mnng870c","What do you prioritize when choosing a new living space","oubtykyx94bmnng872i","Location and vibrancy are most important","1775495582154"
"hgy1st61ww5mnng870c","What do you prioritize when choosing a new living space","uaa7mh53ptpmnng872i","Affordability beats amenities every time","1775495582154"
"uznm2l3ufl8mnng5mcl","What's the wildest thing that's happened mid-journey","cmij79uc55mnng5mea","Surprises like that make travel exciting","1775495462050"
"uznm2l3ufl8mnng5mcl","What's the wildest thing that's happened mid-journey","7ct97wgebv6mnng5meb","totally fine if it's not my flight","1775495462051"
"uznm2l3ufl8mnng5mcl","What's the wildest thing that's happened mid-journey","a4py6jxk8j5mnng5meb","Stressful for everyone involved, honestly","1775495462051"
"29iu7a9d9zhmnnb5kub","What historical events seem completely unbelievable now","au1rhngujcumnnb5kwb","History is full of truly bizarre, unexpected moments","1775487062027"
"29iu7a9d9zhmnnb5kub","What historical events seem completely unbelievable now","dyaw9j3r5xamnnb5kwb","It's amazing what people believed in the past","1775487062027"
"29iu7a9d9zhmnnb5kub","What historical events seem completely unbelievable now","zb9tnk1xmlmnnb5kwb","Often, mundane events get exaggerated over time","1775487062027"
"2sq78j70fy9mnmntte6","How do you consistently follow through on your plans","tf8kwxf6tkqmnmnttg3","meal prepping is a total game-changer, saves so much time","1775447882067"
"2sq78j70fy9mnmntte6","How do you consistently follow through on your plans","q74q2loo5fomnmnttg4","it's impossible to stick to anything perfectly, just go with it","1775447882068"
"2sq78j70fy9mnmntte6","How do you consistently follow through on your plans","yq7gq27oo1mnmnttg4","planning is cool cool cool but spontaneity is better sometimes","1775447882068"
"x2tfz1ie4lmnml07yp","What's your favorite way to truly experience a new city","cojv7avzrgbmnml080e","Hitting all the major tourist spots is a must","1775443142030"
"x2tfz1ie4lmnml07yp","What's your favorite way to truly experience a new city","l2e2fu8enjcmnml080e","Just wandering around without a plan works best","1775443142030"
"x2tfz1ie4lmnml07yp","What's your favorite way to truly experience a new city","vgiz7gy88dsmnml080e","Exploring hidden gems and local hangouts is key","1775443142030"
"qkrmabtyctpmnmjyxmo","What flavors or sensations do you prefer for oral hygiene","1bn5rwmcipmmnmjyxp2","Unflavored is the best way to go, seriously","1775441402390"
"qkrmabtyctpmnmjyxmo","What flavors or sensations do you prefer for oral hygiene","ub0ekcvp9bmnmjyxp2","Mint is literally the only acceptable flavor","1775441402390"
"qkrmabtyctpmnmjyxmo","What flavors or sensations do you prefer for oral hygiene","om8ndixkj1mnmjyxp3","Love a good strong cinnamon, super refreshing","1775441402391"
"k54egoy1bomnmfolmr","What steps would you take to significantly reduce screen time","f2c2t4krx2rmnmfoloi","Gradually disconnect from social media platforms","1775434201794"
"k54egoy1bomnmfolmr","What steps would you take to significantly reduce screen time","kb2ch3klyemnmfoloi","Delete apps, get a basic phone, live more","1775434201794"
"k54egoy1bomnmfolmr","What steps would you take to significantly reduce screen time","tdsd1ncknwmnmfoloi","Focus on real-world experiences, not digital ones","1775434201794"
"klzrhl2fn4pmnmexlmu","What are your thoughts on remote healthcare services","u95seiaj2qmnmexloo","Convenient for minor issues, but serious ones need in-person","1775432942088"
"klzrhl2fn4pmnmexlmu","What are your thoughts on remote healthcare services","gybegz88cvlmnmexlop","Remote options expand access, which is crucial","1775432942089"
"klzrhl2fn4pmnmexlmu","What are your thoughts on remote healthcare services","vkyibslnwgmmnmexlop","Definitely prefer in-person for all medical care","1775432942089"
"spdtxkhz7imnmesh9i","What makes you question widely accepted scientific ideas","eyxgxg5z8ldmnmeshbz","Some things just don't add up for me","1775432703167"
"spdtxkhz7imnmesh9i","What makes you question widely accepted scientific ideas","m1gyqtnf8omnmeshc0","Always good to keep an open mind","1775432703168"
"spdtxkhz7imnmesh9i","What makes you question widely accepted scientific ideas","y4xug71phjmnmeshc0","Trust the evidence from science and research","1775432703168"
"4kh8i7urtekmnmasfrm","What are your go-to seasonings for breakfast foods","iqj9iepdcscmnmasfu3","Love hot sauce... big kick to my morning","1775425982763"
"4kh8i7urtekmnmasfrm","What are your go-to seasonings for breakfast foods","jcjyssry7ymnmasfu3","Just salt and pepper... always enough","1775425982763"
"4kh8i7urtekmnmasfrm","What are your go-to seasonings for breakfast foods","k6jgcvny8ejmnmasfu3","Herbs and spices make everything better","1775425982763"
"kqfgtbmh4tfmnmafk54","What do you prioritize when choosing a tattoo artist","l10mge4nza8mnmafk6k","Cheaper tattoos often mean lower quality","1775425381868"
"kqfgtbmh4tfmnmafk54","What do you prioritize when choosing a tattoo artist","otdmn313j7mmnmafk6k","Quality is worth paying more for","1775425381868"
"kqfgtbmh4tfmnmafk54","What do you prioritize when choosing a tattoo artist","ccwjgi9x39kmnmafk6l","Budget matters most for a simple design","1775425381869"
"ae7qsiaa17amnma7u6s","What are your biggest hygiene frustrations","97ky1ajlz0tmnma7u8k","Keeping clean is an endless battle","1775425021652"
"ae7qsiaa17amnma7u6s","What are your biggest hygiene frustrations","o60ekltsuwmnma7u8k","Flakes are the absolute worst","1775425021652"
"ae7qsiaa17amnma7u6s","What are your biggest hygiene frustrations","1jqiudc6vkcmnma7u8l","Need to find a permanent solution","1775425021653"
"bcqyudmispwmnm4w88o","How do you approach cooking with a new recipe","3hrjjqxwz0amnm4w8aq","Always research multiple methods first","1775416081922"
"bcqyudmispwmnm4w88o","How do you approach cooking with a new recipe","6bohl2xxg2amnm4w8aq","Experiment with order, trust instincts","1775416081922"
"bcqyudmispwmnm4w88o","How do you approach cooking with a new recipe","n5t7bijx7f9mnm4w8aq","Follow steps precisely for best results","1775416081922"
"ck8hxomy4tlmnm3ysno","What's your approach to handling complicated tax situations","7ojr24wlvpsmnm3yspd","DIY saves money, even with audits","1775414522065"
"ck8hxomy4tlmnm3ysno","What's your approach to handling complicated tax situations","dnea9gkehfnmnm3yspd","IRS makes mistakes, fight everything","1775414522065"
"ck8hxomy4tlmnm3ysno","What's your approach to handling complicated tax situations","kyplsbvpw0omnm3yspd","Always use a professional, worth the money","1775414522065"
"8p9g5a66ta6mnlo2iz5","what's your go-to strategy for feeding a huge group","bfvp853vjy8mnlo2j0w","potluck style, everyone brings a dish","1775387822288"
"8p9g5a66ta6mnlo2iz5","what's your go-to strategy for feeding a huge group","has6hd776cmnlo2j0w","prep everything beforehand, makes it way less stressful","1775387822288"
"8p9g5a66ta6mnlo2iz5","what's your go-to strategy for feeding a huge group","y3dghj1wicmnlo2j0w","i just order pizza, easiest thing ever lol","1775387822288"
"71mfom49l8amnla4z2y","How do you experience AI's influence on creativity and originality","amckl6xpcl8mnla4z5e","AI tools make creative work more accessible","1775364421874"
"71mfom49l8amnla4z2y","How do you experience AI's influence on creativity and originality","007ihjz2jma9mnla4z5f","Worried about AI making everything sound the same","1775364421875"
"71mfom49l8amnla4z2y","How do you experience AI's influence on creativity and originality","kjntc58jgarmnla4z5f","AI helps refine my ideas, not replace them","1775364421875"
"xs6qceyabkmnl4unaw","What frustrates you most about other drivers","0y9icy8wergmnl4unc5","Prioritizing speed over safety is common","1775355541925"
"xs6qceyabkmnl4unaw","What frustrates you most about other drivers","19q5tzwv8i8mnl4unc5","Signaling is fundamental to safe driving","1775355541925"
"xs6qceyabkmnl4unaw","What frustrates you most about other drivers","ox6ne6jtrgrmnl4unc5","Lack of awareness causes so many problems","1775355541925"
"7gd9j5eyjjrmnl1yhbd","What's your biggest concern about AI detection tools","4d3rp3jn4gbmnl1yhcp","AI detection can protect academic integrity, actually","1775350681945"
"7gd9j5eyjjrmnl1yhbd","What's your biggest concern about AI detection tools","8i1dt6kyyo6mnl1yhcp","They're often inaccurate, causing unfair accusations","1775350681945"
"7gd9j5eyjjrmnl1yhbd","What's your biggest concern about AI detection tools","m5ro07mrdzomnl1yhcq","False positives could ruin reputations, it's scary","1775350681946"
"xmfgrw4aenemnkwkalp","What's your approach to building a strong team","n9glhwc7w2mmnkwkaoe","Hire based on passion, then train on skills","1775341622030"
"xmfgrw4aenemnkwkalp","What's your approach to building a strong team","phpwddt794mnkwkaoe","Seek experienced mentors for rapid skill growth","1775341622030"
"xmfgrw4aenemnkwkalp","What's your approach to building a strong team","xelwi0m6ejmnkwkaoe","Focus on trust and communication over specific roles","1775341622030"
"j4rorfdtq3mnkv10ak","What factors influence your post-high school decisions","q0i4ynjq8ymnkv10dj","Time to mature and find a direction","1775339042599"
"j4rorfdtq3mnkv10ak","What factors influence your post-high school decisions","rgv2596uynnmnkv10dj","Experience matters more than degrees","1775339042599"
"j4rorfdtq3mnkv10ak","What factors influence your post-high school decisions","tivyxxxw5smnkv10dj","College is the only path to success","1775339042599"
"j1oky3bwbbtmnkpgdeg","What are your thoughts on betting on real-world events","osnlsks96bdmnkpgdgg","People should be free to bet on anything!","1775329681696"
"j1oky3bwbbtmnkpgdeg","What are your thoughts on betting on real-world events","ydq7w0wkhcgmnkpgdgg","Gambling on anything can be a slippery slope","1775329681696"
"j1oky3bwbbtmnkpgdeg","What are your thoughts on betting on real-world events","yvbu5mpyiwhmnkpgdgg","It feels morally wrong to profit from tragedy","1775329681696"
"apl0zil7jp9mnkjpbtw","What's your take on additional service charges at restaurants","7804272a2zmnkjpbw0","Only fair if service is exceptional","1775320021872"
"apl0zil7jp9mnkjpbtw","What's your take on additional service charges at restaurants","mzb9n1vv7vmnkjpbw0","They're a sneaky way to raise prices","1775320021872"
"apl0zil7jp9mnkjpbtw","What's your take on additional service charges at restaurants","z49031nnfpbmnkjpbw0","Just part of dining out now, accept it","1775320021872"
"5e894kpzjgbmnkht73w","what makes old tech so impressive sometimes","ui2mjnrvgbimnkht76g","old things just built different, you know","1775316843160"
"5e894kpzjgbmnkht73w","what makes old tech so impressive sometimes","p7924kyl01mnkht76h","simpler designs often mean they last way longer","1775316843161"
"5e894kpzjgbmnkht73w","what makes old tech so impressive sometimes","y0jlev4ij5mnkht76h","planned obsolescence is literally everywhere now","1775316843161"
"gdmo1v8ynsgmnkgk60q","What do you do when your hygiene routine fails","jyjrqot2hmmnkgk63b","Seek professional medical advice immediately","1775314742231"
"gdmo1v8ynsgmnkgk60q","What do you do when your hygiene routine fails","r13ja91zacrmnkgk63b","Adjust products until something finally works","1775314742231"
"gdmo1v8ynsgmnkgk60q","What do you do when your hygiene routine fails","tqp8hrp6hmmnkgk63b","Accept it, bodies are often weird","1775314742231"
"ttf481234pnmnjxb21g","How do you approach using cultural identity terms?","8swuc01o7lcmnjxb22s","I try to respect how groups define themselves","1775282404420"
"ttf481234pnmnjxb21g","How do you approach using cultural identity terms?","69kp9j9c887mnjxb22t","Always go by what's commonly accepted","1775282404421"
"ttf481234pnmnjxb21g","How do you approach using cultural identity terms?","6tqp3z1qxxtmnjxb22t","It's important to use precise language","1775282404421"
"kh5u5qfimskmnjsdjd3","How do you view disclaimers on new technology","cl0ygc8mms7mnjsdje6","It's just legal covering their ass","1775274122094"
"kh5u5qfimskmnjsdjd3","How do you view disclaimers on new technology","gr8100dh5amnjsdje7","Trust nothing until proven useful consistently","1775274122095"
"kh5u5qfimskmnjsdjd3","How do you view disclaimers on new technology","xz3wzxfcymmnjsdje7","Always assume new tech isn't fully reliable","1775274122095"
"gsx2i3no96mnjs5tlc","What do you look for in a great curry?","pkz1bnpu9t8mnjs5tnx","Love a good kick, less creaminess","1775273762157"
"gsx2i3no96mnjs5tlc","What do you look for in a great curry?","wp3omzmprkmnjs5tny","Balance of spices is key, not just heat","1775273762158"
"gsx2i3no96mnjs5tlc","What do you look for in a great curry?","z4hjpm9124mnjs5tny","Authentic flavors matter most for me","1775273762158"
"v2lryimi1jmnjpiner","What are your favorite parts of common foods!","56xkg1tj0q3mnjpings","The end pieces are always the best","1775269321804"
"v2lryimi1jmnjpiner","What are your favorite parts of common foods!","1qbj1vsu5m5mnjpingt","Crust adds essential texture and flavor","1775269321805"
"v2lryimi1jmnjpiner","What are your favorite parts of common foods!","qych1cpx2ymmnjpingt","I only eat the soft middle bits","1775269321805"
"jxn2tlrqtnmnjnqcm7","What shapes your expectations for product pricing?","j9trd65q8ymnjnqcon","Value comes from hours of enjoyment, not just cost","1775266321847"
"jxn2tlrqtnmnjnqcm7","What shapes your expectations for product pricing?","p5aljr0cfsimnjnqcon","Prices should reflect the quality and effort involved","1775266321847"
"jxn2tlrqtnmnjnqcm7","What shapes your expectations for product pricing?","yy05cmvetmomnjnqcon","Current costs are already too high for many budgets","1775266321847"
"6soffhuberwmnjhrl8k","What's the most shocking scam or fraud you've encountered","ai3etvfizemnjhrlb6","It's awful what people do for money","1775256301986"
"6soffhuberwmnjhrl8k","What's the most shocking scam or fraud you've encountered","tiw8359rx6mnjhrlb6","Insurance fraud is sadly so common","1775256301986"
"6soffhuberwmnjhrl8k","What's the most shocking scam or fraud you've encountered","2by0ror0l5imnjhrlb7","I'm always amazed by human greed","1775256301987"
"lg0tkuikdqamnjh9l2w","what unconventional hygiene hacks actually make a difference","5q12qq24x52mnjh9l58","cool cool cool basic routines are just fine","1775255461964"
"lg0tkuikdqamnjh9l2w","what unconventional hygiene hacks actually make a difference","gz8zw4bux4mnjh9l58","flossing daily feels like a tiny superpower","1775255461964"
"lg0tkuikdqamnjh9l2w","what unconventional hygiene hacks actually make a difference","hkxem06gc4pmnjh9l58","dry brushing changed my skin texture totally","1775255461964"
"4kvv62j293mnjarj2j","How do you navigate new social and professional situations","tihluzhrztmnjarj4o","Focus on your strengths, not others' judgments","1775244541848"
"4kvv62j293mnjarj2j","How do you navigate new social and professional situations","h3x54zly0fdmnjarj4p","Experience builds confidence, it's really not that complicated","1775244541849"
"4kvv62j293mnjarj2j","How do you navigate new social and professional situations","wr3sl4jx5frmnjarj4p","Acknowledge the anxiety, then push through it","1775244541849"
"lc0d54jv9akmnj8q9jr","What do you prioritize in your ideal comfort food","90uvslyo1wmnj8q9lg","Soft and smooth textures are always best","1775241123604"
"lc0d54jv9akmnj8q9jr","What do you prioritize in your ideal comfort food","myc2z5ldnemnj8q9lh","Flavor matters most, texture is secondary","1775241123605"
"lc0d54jv9akmnj8q9jr","What do you prioritize in your ideal comfort food","nujwi6dv6f9mnj8q9lg","Crunchy textures add satisfying contrast","1775241123605"
"x450visfdxlmnj8iiav","What do you love about fashion and style","o7wt437c72imnj8iicc","Expressing personality through clothes is awesome","1775240761692"
"x450visfdxlmnj8iiav","What do you love about fashion and style","w04z5eh2ulmnj8iicc","Vintage looks are always so chic","1775240761692"
"x450visfdxlmnj8iiav","What do you love about fashion and style","ebtd9wktt4jmnj8iicd","Comfort matters most, honestly","1775240761693"
"ji01nadmz6mnj7u32c","What makes a costume feel right for an occasion","2sb3pzuy1lcmnj7u35g","Originality and creativity are most important","1775239622260"
"ji01nadmz6mnj7u32c","What makes a costume feel right for an occasion","ana9z89ruvumnj7u35g","Spooky themes create the best atmosphere","1775239622260"
"ji01nadmz6mnj7u32c","What makes a costume feel right for an occasion","qltml973qtmnj7u35g","Anything goes, it's just fun dress-up","1775239622260"
"dw7uq2vi12gmnj3mc72","What are your thoughts on how voting districts are drawn","14wo226d9rrmnj3mcb9","Fair maps are essential for true representation","1775232542421"
"dw7uq2vi12gmnj3mc72","What are your thoughts on how voting districts are drawn","3rwnivy4pahmnj3mcb9","The current system works fine, leave it alone","1775232542421"
"dw7uq2vi12gmnj3mc72","What are your thoughts on how voting districts are drawn","hviiwigq45pmnj3mcba","It's all rigged no matter what you do","1775232542422"
"v3bv0ujmnqomniy1pr8","how do you make a main dish unforgettable","p03ta1x1ufimniy1psy","oven is best for that perfect crispy crust","1775223182050"
"v3bv0ujmnqomniy1pr8","how do you make a main dish unforgettable","qksqap34kjnmniy1psy","a slow cooker makes it so tender","1775223182050"
"v3bv0ujmnqomniy1pr8","how do you make a main dish unforgettable","gdu75ah2dnmniy1psz","simple glaze lets other flavors shine","1775223182051"
"1qv594qr8wjmnixnkek","What food is most overrated","6yl51c5436imnixnkgx","My favorite, comforting and always delicious","1775222521953"
"1qv594qr8wjmnixnkek","What food is most overrated","c92rfoapr8bmnixnkgx","Overhyped, rarely lives up to expectations","1775222521953"
"1qv594qr8wjmnixnkek","What food is most overrated","pvf9svznly9mnixnkgx","Love discovering unique, authentic regional dishes","1775222521953"
"w5n44uli7ocmnijd5w7","What do you think about balancing national defense and domestic needs","5s68q5s1rsvmnijd5ye","Prioritizing defense leaves critical domestic issues neglected","1775198521958"
"w5n44uli7ocmnijd5w7","What do you think about balancing national defense and domestic needs","byxk6iqu5ymnijd5ye","Strong domestic foundation enables a stronger nation","1775198521958"
"w5n44uli7ocmnijd5w7","What do you think about balancing national defense and domestic needs","i4lbivz8s8mnijd5ye","Funding both adequately is an impossible balancing act","1775198521958"
"itc2tw70jo9mnihfpt9","How do you approach everyday hygiene habits","2elbx4vmdenmnihfpug","Always looking for new ways to improve","1775195281816"
"itc2tw70jo9mnihfpt9","How do you approach everyday hygiene habits","4evzc8yspiomnihfpug","My routine is pretty set, rarely deviate","1775195281816"
"itc2tw70jo9mnihfpt9","How do you approach everyday hygiene habits","u62eksmnzzqmnihfpug","Not a big deal, I do what feels right","1775195281816"
"iwpgkx47s6fmni9gy1a","What compels people to keep trying despite obstacles","lrf18neu7jdmni9gy83","Some rules are meant to be bent","1775181902403"
"iwpgkx47s6fmni9gy1a","What compels people to keep trying despite obstacles","5ln5i794khxmni9gy84","Giving up is sometimes the smartest move","1775181902404"
"iwpgkx47s6fmni9gy1a","What compels people to keep trying despite obstacles","fb7ie4rpkh8mni9gy84","Persistence often leads to eventual success","1775181902404"
"1chhphw0i16mni8gxpz","How do you feel about using AI in daily life","6au9cv1nuq4mni8gxs7","It's just another tool, super helpful","1775180222215"
"1chhphw0i16mni8gxpz","How do you feel about using AI in daily life","mcvwca1h6xmni8gxs7","The benefits outweigh the minor drawbacks","1775180222215"
"1chhphw0i16mni8gxpz","How do you feel about using AI in daily life","odxykds61ntmni8gxs7","Too much AI diminishes human creativity","1775180222215"
"010dbzq00xtc9mni7on54","What makes a job situation feel unstable to you","5xajf2n7f14mni7on8n","Inconsistent pay and unclear expectations are big red flags","1775178902183"
"010dbzq00xtc9mni7on54","What makes a job situation feel unstable to you","eykw18k8sommni7on8o","I just focus on the work, everything else is secondary","1775178902184"
"010dbzq00xtc9mni7on54","What makes a job situation feel unstable to you","pfms2lol92mni7on8o","Bad communication always makes me question things","1775178902184"
"81ciiniycj5mni5krcl","What role should public money play in religious education","6jqicvwq1rhmni5krds","Funding all schools helps everyone in the community","1775175361696"
"81ciiniycj5mni5krcl","What role should public money play in religious education","j705sznq2kgmni5krds","Let parents choose schools that fit their values","1775175361696"
"81ciiniycj5mni5krcl","What role should public money play in religious education","t0dwtlupbyfmni5krds","Keep church and state separate simple as that","1775175361696"
"6tgfvn099c4mni541o7","What's your biggest challenge when adapting recipes?","lru5y2q83qsmni541pn","Recreating the texture is fundamentally the hardest part","1775174581931"
"6tgfvn099c4mni541o7","What's your biggest challenge when adapting recipes?","ww3bwg3ki3mni541pn","I just embrace the different, new experience","1775174581931"
"6tgfvn099c4mni541o7","What's your biggest challenge when adapting recipes?","l2pmjvky8dlmni541po","Finding good substitutes for key ingredients is tough","1775174581932"
"lzpppwjzozsmnhsn99a","What considerations guide international technology trade restrictions","8wzekdmng8pmnhsn9dw","National security always outweighs economic concerns","1775153643332"
"lzpppwjzozsmnhsn99a","What considerations guide international technology trade restrictions","dnvzh0ioujvmnhsn9dw","Open markets foster innovation and global cooperation","1775153643332"
"lzpppwjzozsmnhsn99a","What considerations guide international technology trade restrictions","wfm9mftvd8mnhsn9dx","Such restrictions hinder progress for everyone","1775153643333"
"8po9ppra79qmnhse873","What are your thoughts on converting parking into housing","epyhckpp7dlmnhse89f","It's a smart use of underutilized space","1775153221971"
"8po9ppra79qmnhse873","What are your thoughts on converting parking into housing","ku73mnh1vdmnhse89f","We need parking more than more housing","1775153221971"
"8po9ppra79qmnhse873","What are your thoughts on converting parking into housing","xnaqim22lzmnhse89g","More housing is always a good thing","1775153221972"
"hpigmwietmamnhfluh4","What responsibilities do defense attorneys have to protect others","f8xacziwf3qmnhfluij","Protecting witnesses is crucial for justice","1775131742395"
"hpigmwietmamnhfluh4","What responsibilities do defense attorneys have to protect others","ljy0jd8n2smnhfluij","Attorneys must follow all rules of discovery","1775131742395"
"hpigmwietmamnhfluh4","What responsibilities do defense attorneys have to protect others","wce3v4qozmrmnhfluij","Defense must zealously advocate for their client","1775131742395"
"3zhx8pjhm2pmnh0oadc","What's the shortest distance you've ever traveled by plane","28suvjh54k8mnh0oaek","Such a waste, planes barely even get up!","1775106662060"
"3zhx8pjhm2pmnh0oadc","What's the shortest distance you've ever traveled by plane","kq2fv4zc1jamnh0oaek","Love quick trips, so convenient for island hopping!","1775106662060"
"3zhx8pjhm2pmnh0oadc","What's the shortest distance you've ever traveled by plane","z9izpucgsldmnh0oaek","Always wondered about flights that are just super short","1775106662060"
"aspb7wq40a4mngyo9l1","What's your biggest hurdle when learning new things","3x2bco15uksmngyo9nw","The beginning is always the hardest part","1775103301868"
"aspb7wq40a4mngyo9l1","What's your biggest hurdle when learning new things","e0rjsen4jsfmngyo9nx","Fear of failure stops me cold","1775103301869"
"aspb7wq40a4mngyo9l1","What's your biggest hurdle when learning new things","qxf4w7siwqamngyo9nx","Just jump in who cares what happens","1775103301869"
"7nbpvmjedrdmngqcmvm","how do you balance privacy and connection in service interactions","tqkz5v9cytmngqcmzf","i like a quick friendly chat","1775089322331"
"7nbpvmjedrdmngqcmvm","how do you balance privacy and connection in service interactions","u0m6hk09nwlmngqcmzf","my info should be private","1775089322331"
"7nbpvmjedrdmngqcmvm","how do you balance privacy and connection in service interactions","yd3i8h3ichrmngqcmzg","too much small talk is annoying","1775089322332"
"vpui6cbscsmngno6ny","What's your take on public transportation changing routes or stopping service","2tcu9pdzm7hmngno6pf","It's an inconvenience, just makes things harder","1775084822259"
"vpui6cbscsmngno6ny","What's your take on public transportation changing routes or stopping service","1r9zvethaeymngno6pg","Necessary evil for better future options","1775084822260"
"vpui6cbscsmngno6ny","What's your take on public transportation changing routes or stopping service","9c4u7ed19qmngno6pg","Good riddance, never used it anyway","1775084822260"
"l1s7f8le7dkmnglhqml","How do you connect with music on a deeper level","neucgaybsldmnglhqor","I listen to albums, follow artists, understand history","1775081162331"
"l1s7f8le7dkmnglhqml","How do you connect with music on a deeper level","yfop9gmk2shmnglhqor","It just hits me sometimes, no real method","1775081162331"
"l1s7f8le7dkmnglhqml","How do you connect with music on a deeper level","4w7khdgzldhmnglhqos","Music is background noise, never truly clicks","1775081162332"
"0qmkuzy7otfmng8chbd","What risks have you taken for your work","kfitlsd3scmng8chdu","Prioritized safety over any creative demand","1775059081986"
"0qmkuzy7otfmng8chbd","What risks have you taken for your work","xmhcgaprygmng8chdu","It's just part of getting the job done","1775059081986"
"0qmkuzy7otfmng8chbd","What risks have you taken for your work","5cwetqwcnv3mng8chdv","Sometimes you just have to push through","1775059081987"
"pbr52lbpkccmng6vr5z","What's your go-to for making simple foods taste better","ghngrp7orbmng6vr9v","Just embrace the natural flavor, it's fine","1775056622035"
"pbr52lbpkccmng6vr5z","What's your go-to for making simple foods taste better","qdiw6aj4prnmng6vr9v","Honestly, minimal effort is usually the best","1775056622035"
"pbr52lbpkccmng6vr5z","What's your go-to for making simple foods taste better","w85iz6hb7uhmng6vr9v","Spices and a little acid totally elevate everything","1775056622035"
"nquasjfpjmng0ruog","What helps you decide on a new place to live","6hrhtvh5y2mng0ruqr","Affordability always comes before anything else","1775046362211"
"nquasjfpjmng0ruog","What helps you decide on a new place to live","pa7a8r6wq4mng0ruqr","Finding a good community matters most to me","1775046362211"
"nquasjfpjmng0ruog","What helps you decide on a new place to live","vu3bbgwgdrjmng0ruqr","Commute time is the absolute top priority","1775046362211"
"5bsn5bsed0xmnfzlf61","What natural phenomena truly amaze you","3w0z2gml5m5mnfzlf8d","The perseverance of nature is just incredible","1775044382557"
"5bsn5bsed0xmnfzlf61","What natural phenomena truly amaze you","qhuy0a1dt17mnfzlf8e","Such a fascinating and brutal life cycle","1775044382558"
"5bsn5bsed0xmnfzlf61","What natural phenomena truly amaze you","qstx2ivciymnfzlf8e","Life finds a way, it's so inspiring","1775044382558"
"sb70gnfn93omnfn4l8f","What kind of beach day do you enjoy most","u3vbc16xqymnfn4lby","Love active beaches, especially with watersports","1775023441918"
"sb70gnfn93omnfn4l8f","What kind of beach day do you enjoy most","wbp3q5g9iommnfn4lby","Cold water is fine; a good wetsuit helps","1775023441918"
"sb70gnfn93omnfn4l8f","What kind of beach day do you enjoy most","zlzc9kcmkeemnfn4lby","Prefer calm, quiet beaches for relaxing","1775023441918"
"cm2saordlu6mnfgp3wh","What excites you about new material discoveries","kovcog3ujbmnfgp3yh","Worries about unintended consequences and misuse","1775012641865"
"cm2saordlu6mnfgp3wh","What excites you about new material discoveries","r955i0siqdsmnfgp3yh","Limitless possibilities for innovation and problem-solving","1775012641865"
"cm2saordlu6mnfgp3wh","What excites you about new material discoveries","wvp7mr7ym0cmnfgp3yh","Hope it helps create a more sustainable future","1775012641865"
"0y9z45wapycimnf6avnm","What do you do when an allergy changes your favorite foods","a3vnh5mjmnemnf6avp5","Sometimes you just gotta find a good substitute","1774995181817"
"0y9z45wapycimnf6avnm","What do you do when an allergy changes your favorite foods","mn9v5o0ogpmnf6avp5","It's just not the same without the real thing","1774995181817"
"0y9z45wapycimnf6avnm","What do you do when an allergy changes your favorite foods","n4s9j1ho8qamnf6avp5","New flavors are an exciting adventure","1774995181817"
"67kv1wqe68nmnf4vg81","What influences your airport arrival time decisions","fcia29gzemmnf4vgas","Cut it close, security is usually quick","1774992782404"
"67kv1wqe68nmnf4vg81","What influences your airport arrival time decisions","hxiphi9xsabmnf4vgas","Always arrive early, avoid all stress","1774992782404"
"67kv1wqe68nmnf4vg81","What influences your airport arrival time decisions","mi6hexnzspmnf4vgas","PreCheck makes everything much faster","1774992782404"
"5zagvhpy4iamnf18dh5","What do we want the next 2B04 commissioner to focus on?","39hkog66r0gmnf18djz","Increasing walkability, bikeability, or public transit options","1774986666911"
"5zagvhpy4iamnf18dh5","What do we want the next 2B04 commissioner to focus on?","6krzu4q2ikmnf18djz","More and better places to park","1774986666911"
"5zagvhpy4iamnf18dh5","What do we want the next 2B04 commissioner to focus on?","6tynkfzoramnf18djz","Reducing crime","1774986666911"
"5zagvhpy4iamnf18dh5","What do we want the next 2B04 commissioner to focus on?","6v499vfbz9imnf18djz","Fighting to empower local government more","1774986666911"
"5zagvhpy4iamnf18dh5","What do we want the next 2B04 commissioner to focus on?","8cjn494jj06mnf18djz","The rat problem","1774986666911"
"5zagvhpy4iamnf18dh5","What do we want the next 2B04 commissioner to focus on?","kc3545u6i5mnf18djz","Getting more community engagement in local matters","1774986666911"
"5zagvhpy4iamnf18dh5","What do we want the next 2B04 commissioner to focus on?","sdtd91t1u8smnf18djz","More community events","1774986666911"
"5zagvhpy4iamnf18dh5","What do we want the next 2B04 commissioner to focus on?","vzw8d35fvcemnf19wp1","I live in 2B04 (swipe right if yes, left if no)","1774986738373"
"ifb9e14h75imnf0lzyw","Should our city invest more in public transportation?","cpd9dcumqhdmnf0m00k","The cost of expanding public transit is too high for our city's budget","1774985622932"
"ifb9e14h75imnf0lzyw","Should our city invest more in public transportation?","xfb7kff8gemnf0m00k","Investing in bike lanes would be more cost-effective than buses or trains","1774985622932"
"ifb9e14h75imnf0lzyw","Should our city invest more in public transportation?","ycc51n0o1olmnf0m00k","Public transportation reduces traffic congestion and improves air quality","1774985622932"
"ymp9cs61tykmneyve30","What makes you trust a product's description","57kcl0njf85mneyve8l","Taste is what matters most to me","1774982702037"
"ymp9cs61tykmneyve30","What makes you trust a product's description","f2a0zyr7zwrmneyve8l","Misleading labels are a big problem","1774982702037"
"ymp9cs61tykmneyve30","What makes you trust a product's description","x511k2987amneyve8l","I always check the ingredients list closely","1774982702037"
"dn8ulw5x89gmnet1sqi","What are your personal rules for safely storing food","68trp09s80qmnet1ssm","Always prioritize safety, never refreeze cooked items","1774972923142"
"dn8ulw5x89gmnet1sqi","What are your personal rules for safely storing food","sqr115dryhimnet1ssn","Freezing cooked food works well for convenience","1774972923143"
"dn8ulw5x89gmnet1sqi","What are your personal rules for safely storing food","xvsbr02yjqqmnet1ssn","Trust my judgment; food safety guidelines are flexible","1774972923143"
"1f3pzj9b58smnesq76b","what kind of resources are worth saving for a rainy day","kgfd680ycdmnesq7af","i'd rather have it now use it all up","1774972382055"
"1f3pzj9b58smnesq76b","what kind of resources are worth saving for a rainy day","p6soufuimdmnesq7af","it's smart to keep some things for emergencies","1774972382055"
"1f3pzj9b58smnesq76b","what kind of resources are worth saving for a rainy day","aw1iek1sg9hmnesq7ag","we need to think about future generations","1774972382056"
"c00sckjjhwsmneoq63e","What makes a musical artist successful without chart hits","9mif39pko4fmneoq66c","Selling out arenas without a radio hit is true success","1774965662148"
"c00sckjjhwsmneoq63e","What makes a musical artist successful without chart hits","jfob8tpi2zmneoq66c","Chart success is the only real measure of impact","1774965662148"
"c00sckjjhwsmneoq63e","What makes a musical artist successful without chart hits","ohqa465ak6mneoq66c","Longevity and respect matter more than singles","1774965662148"
"5o11gfnu49mmne5h04x","What happens to someone who speaks up at work","8ycndkfes35mne5h07l","Speaking up can be career suicide sometimes","1774933321809"
"5o11gfnu49mmne5h04x","What happens to someone who speaks up at work","ew0j4umadmmne5h07l","Integrity matters more than job security","1774933321809"
"5o11gfnu49mmne5h04x","What happens to someone who speaks up at work","plpcyc0655mne5h07l","Leadership should protect those who raise concerns","1774933321809"
"73owk1as1dtmne3z0gy","What are your best tips for finding new work","vlilg94x9pmne3z0kr","Networking is always the fastest way to new roles","1774930802859"
"73owk1as1dtmne3z0gy","What are your best tips for finding new work","edsgig017ramne3z0ks","Sometimes a break is needed before the next job","1774930802860"
"73owk1as1dtmne3z0gy","What are your best tips for finding new work","h05tdme83i6mne3z0ks","Online applications feel like screaming into the void","1774930802860"
"dp79b4fmnemmndytt37","What role do personal vehicles play in your daily life","2s5sbh5zedtmndytt9r","Cars are a necessary evil for many commutes","1774922162031"
"dp79b4fmnemmndytt37","What role do personal vehicles play in your daily life","vi0c35lh0ymndytt9r","They offer freedom, convenience unmatched by anything else","1774922162031"
"dp79b4fmnemmndytt37","What role do personal vehicles play in your daily life","wz8i6k1sjlpmndytt9r","Public transit is better, less stress than driving","1774922162031"
"1r8b277ylcwmndw2ser","What influences your personal choices for hygiene products","fkbf4rursajmndw2sjf","My body reacts strongly to certain materials","1774917542139"
"1r8b277ylcwmndw2ser","What influences your personal choices for hygiene products","8n4r7mkk5o7mndw2sjg","Convenience often outweighs other considerations","1774917542140"
"1r8b277ylcwmndw2ser","What influences your personal choices for hygiene products","jeaogyy6qq8mndw2sjg","Prioritize comfort and what feels most natural","1774917542140"
"1lsfqa1zf9lmndrkrli","How do you weigh actions against someone's character","361a6tgdntimndrkrp5","Actions speak louder than any excuses","1774909982778"
"1lsfqa1zf9lmndrkrli","How do you weigh actions against someone's character","71k20i0t8ramndrkrp6","Circumstances shape people more than innate evil","1774909982778"
"1lsfqa1zf9lmndrkrli","How do you weigh actions against someone's character","lo4hj52npsmndrkrp6","Judging helps keep society's standards high","1774909982778"
"8a5dtbh5j28mndnv06k","What considerations guide your choice of ingredients for flavor","7allzvajfq6mndnv0gg","Flavor is most important, adapt as needed","1774903742224"
"8a5dtbh5j28mndnv06k","What considerations guide your choice of ingredients for flavor","azz8nqg412umndnv0gg","Authenticity matters for traditional recipes","1774903742224"
"8a5dtbh5j28mndnv06k","What considerations guide your choice of ingredients for flavor","uo6o7awjrkcmndnv0gg","Alcohol-free options often lack depth","1774903742224"
"oa2yj4yaj1omndkn9gc","What do you prefer when building a meal around a main dish","92ej802g04hmndkn9kv","A good side dish really completes the meal","1774898341951"
"oa2yj4yaj1omndkn9gc","What do you prefer when building a meal around a main dish","ppon51hxafomndkn9kv","Adding sides feels like too many carbs","1774898341951"
"oa2yj4yaj1omndkn9gc","What do you prefer when building a meal around a main dish","ttjf6wamzgomndkn9kv","Keep it simple, just the main dish for me","1774898341951"
"alcy5yxumhemndjaeev","What do you prioritize in noodle texture?","wz52v15vfxmndjaek5","Chewier, firmer noodles offer a more satisfying bite","1774896062261"
"alcy5yxumhemndjaeev","What do you prioritize in noodle texture?","podro9cljhlmndjaek6","The chewiness of instant noodles is unmatched","1774896062262"
"alcy5yxumhemndjaeev","What do you prioritize in noodle texture?","tf339uglknmndjaek6","Softer noodles absorb flavors better, enhancing taste","1774896062262"
"h5osg81sklsmnditolh","What keeps you quiet about what you do","b4m3rwaief9mnditop3","Better safe than sorry keep my head down","1774895282247"
"h5osg81sklsmnditolh","What keeps you quiet about what you do","gppmpq5m7u9mnditop4","Silence means less trouble from others","1774895282248"
"h5osg81sklsmnditolh","What keeps you quiet about what you do","mqb6717y07mmnditop4","No point hiding forever gotta explore","1774895282248"
"1cggwj32ap7mndcgrxd","What unexpected deals make your day when shopping","fysufe7kr5fmndcgs18","Love finding unique ingredients for cheap!","1774884602348"
"1cggwj32ap7mndcgrxd","What unexpected deals make your day when shopping","cie1diwh8ucmndcgs19","Always buy it, even if I don't need it","1774884602349"
"1cggwj32ap7mndcgrxd","What unexpected deals make your day when shopping","i844qvcixpmndcgs19","Great prices mean trying new things more often","1774884602349"
"iryosbaennmndbi2jr","What do you do with unexpected ingredients","xzd61bgpiccmndbi2og","Love trying new things, total kitchen experimenter","1774882983184"
"iryosbaennmndbi2jr","What do you do with unexpected ingredients","8gpnfh5w8xmndbi2oh","Always search for unique ways to use them","1774882983185"
"iryosbaennmndbi2jr","What do you do with unexpected ingredients","yvujgjottmndbi2oh","Stick to familiar recipes, no surprises please","1774882983185"
"9an9urus8hpmndar28w","What causes disruptions in essential public services?","com8x2n4q7amndar2e7","Expect delays, always planning extra time","1774881723103"
"9an9urus8hpmndar28w","What causes disruptions in essential public services?","dvf4gn53v1mndar2e7","Staffing shortages make everything a mess","1774881723103"
"9an9urus8hpmndar28w","What causes disruptions in essential public services?","h1rrwddb39mndar2e7","Slow pay for workers, always the issue","1774881723103"
"5ex7gal4p6jmncsqw26","What songs do you play on repeat endlessly","6dv6fbhwc55mncsqw4j","If a song is too repetitive, I skip","1774851481891"
"5ex7gal4p6jmncsqw26","What songs do you play on repeat endlessly","hwevvv7s6fbmncsqw4j","Some songs just have that perfect vibe","1774851481891"
"5ex7gal4p6jmncsqw26","What songs do you play on repeat endlessly","xl9irrei45mncsqw4j","Good songs are good, but I need variety","1774851481891"
"0qp0kd4rqv9emncs6bf5","What makes dating apps feel exhausting?","8ludmn2f3tmncs6bhe","Algorithms just make it harder to connect","1774850522018"
"0qp0kd4rqv9emncs6bf5","What makes dating apps feel exhausting?","o9of57twzdmncs6bhe","Lack of effort from others drains the fun","1774850522018"
"0qp0kd4rqv9emncs6bf5","What makes dating apps feel exhausting?","xev9a2hb15mncs6bhe","My expectations are often too high","1774850522018"
"8827snzo0ewmnccumd4","What gives someone lasting infamy?","1iezc89nwd1mnccumft","It's about the fear they create","1774824782105"
"8827snzo0ewmnccumd4","What gives someone lasting infamy?","o3g4q8udmn8mnccumft","Their story gets told again and again","1774824782105"
"8827snzo0ewmnccumd4","What gives someone lasting infamy?","uao2anwwi1hmnccumfu","Publicity makes them larger than life","1774824782106"
"m4yp05tw0hmncamwfe","What do you consider when choosing personal hygiene products","e95xk8hb35hmncamwi7","i don't really think about it too much","1774821062671"
"m4yp05tw0hmncamwfe","What do you consider when choosing personal hygiene products","rghptmcrh5mncamwi7","just use whatever smells good and works","1774821062671"
"m4yp05tw0hmncamwfe","What do you consider when choosing personal hygiene products","rv1x2l2d6jqmncamwi7","natural stuff is probably better for your skin","1774821062671"
"lhszltly4ihmnca2b1e","How do you balance convenience with ideal temperature?","69gym7yjh54mnca2b69","Love my drinks piping hot, lasts longer","1774820101905"
"lhszltly4ihmnca2b1e","How do you balance convenience with ideal temperature?","e0rxomz6u1mnca2b69","It's perfect for keeping things warm on the go","1774820101905"
"lhszltly4ihmnca2b1e","How do you balance convenience with ideal temperature?","y5g2lk2ddymnca2b69","Always too hot, prefer immediate enjoyment","1774820101905"
"np6w7vw2r3mnc8dvjn","What do you make of changing spring weather patterns","2e25rqlwmnamnc8dvmo","It feels like summer arrives earlier now","1774817282400"
"np6w7vw2r3mnc8dvjn","What do you make of changing spring weather patterns","5opyke80psnmnc8dvmp","My allergies are definitely not happy about this","1774817282401"
"np6w7vw2r3mnc8dvjn","What do you make of changing spring weather patterns","mcop8vymlmgmnc8dvmp","Enjoying the warmer days while they last","1774817282401"
"5ng5wqa3qzmnc7o5kb","What are your thoughts on unexpected freebies","kxkbvxlju5mnc7o5oo","Always a good surprise","1774816082376"
"5ng5wqa3qzmnc7o5kb","What are your thoughts on unexpected freebies","wo66lwx180pmnc7o5oo","Bit suspicious, nothing's truly free","1774816082376"
"5ng5wqa3qzmnc7o5kb","What are your thoughts on unexpected freebies","ekr3rvbvsifmnc7o5op","Love finding something for nothing","1774816082377"
"j85y7h8h5emnbvqm6g","What do you enjoy about challenging video games","05fxpe4y15t4mnbvqm84","Prefer relaxing games without constant dying","1774796041732"
"j85y7h8h5emnbvqm6g","What do you enjoy about challenging video games","6cj0msvqmdsmnbvqm84","Difficulty makes the victory so much sweeter","1774796041732"
"j85y7h8h5emnbvqm6g","What do you enjoy about challenging video games","88bkvdij6xtmnbvqm84","Love the feeling of overcoming tough obstacles","1774796041732"
"7k7syg7n23mnbvo1vg","What do you think about challenging video games","8f892uf0di6mnbvo1wy","Love the feeling of overcoming a tough challenge","1774795922098"
"7k7syg7n23mnbvo1vg","What do you think about challenging video games","ft42mkzea1tmnbvo1wz","Sometimes I just want an easy, rewarding experience","1774795922099"
"7k7syg7n23mnbvo1vg","What do you think about challenging video games","yajk1h40nqkmnbvo1wz","Frustration ruins the fun, I want to relax","1774795922099"
"yg0pmpsid9mnbo0umb","What shapes your airport travel strategy","rv3x1k5wmdmnbo0uov","Clear and PreCheck save so much time","1774783082335"
"yg0pmpsid9mnbo0umb","What shapes your airport travel strategy","vydq93j6c2gmnbo0uov","Arriving super early reduces all stress","1774783082335"
"yg0pmpsid9mnbo0umb","What shapes your airport travel strategy","79pew4skamrmnbo0uow","Always plan for unexpected delays at airports","1774783082336"
"t5a9gjta95mnbcww35","What do you like to grow in your garden?","bqpseih578mmnbcww4v","Herbs are easy and always useful","1774764421807"
"t5a9gjta95mnbcww35","What do you like to grow in your garden?","sdkbvbsl18kmnbcww4v","Focus on things you actually enjoy eating","1774764421807"
"t5a9gjta95mnbcww35","What do you like to grow in your garden?","ysbii7ykdqsmnbcww4v","Try flowers too, they brighten everything","1774764421807"
"9gcm2k6v8eqmnb6szez","What do you value in content ratings and reviews","qxlxeqp13ydmnb6szgj","Scores simplify things too much, miss nuance","1774754161795"
"9gcm2k6v8eqmnb6szez","What do you value in content ratings and reviews","3k9y7vtemfsmnb6szgk","Professional critics often have unique insights","1774754161796"
"9gcm2k6v8eqmnb6szez","What do you value in content ratings and reviews","ms6g3wquu6mnb6szgk","User reviews offer real, relatable experiences","1774754161796"
"cqiiqcs34smnb2l8p5","What have you noticed about your body's hygiene cues","1d7pz2tj2l4mnb2l8r1","Some days are just different no big deal","1774747082125"
"cqiiqcs34smnb2l8p5","What have you noticed about your body's hygiene cues","fjkgmwa65nmnb2l8r1","My routine totally changed what my skin needed","1774747082125"
"cqiiqcs34smnb2l8p5","What have you noticed about your body's hygiene cues","mjodrv4105dmnb2l8r1","It’s all pretty much the same every day","1774747082125"
"wu629o0716mnaxqcab","What do you think about big companies merging together","rx3lqfvpyeomnaxqcej","Less competition can hurt consumers","1774738922059"
"wu629o0716mnaxqcab","What do you think about big companies merging together","l058vmjd5rsmnaxqcek","Mergers often create better services","1774738922060"
"wu629o0716mnaxqcab","What do you think about big companies merging together","vfne7oaofgimnaxqcek","Always worried about monopolies forming","1774738922060"
"b3tmqx3s82mnaw9mh0","What do you look for in local pet services","01vkmw4kpbygmnaw9mkj","My pet prefers staying home with a sitter","1774736462467"
"b3tmqx3s82mnaw9mh0","What do you look for in local pet services","98shscw8pwamnaw9mkj","New options are always great for pet parents","1774736462467"
"b3tmqx3s82mnaw9mh0","What do you look for in local pet services","9y52py0q66mnaw9mkj","Hope they prioritize safety and community involvement","1774736462467"
"131wr1fe7cdmnav9m1s","What role does personal morality play in your life","2oeeirwo3k6mnav9m5o","it grounds me in what truly matters","1774734782316"
"131wr1fe7cdmnav9m1s","What role does personal morality play in your life","7c5dqto30f9mnav9m5o","it’s mostly performative honestly","1774734782316"
"131wr1fe7cdmnav9m1s","What role does personal morality play in your life","cosilm69u3mnav9m5o","my choices feel pretty meaningless","1774734782316"
"juxdf187x4mnaqnpk4","What factors determine your transportation choices","ltfh5ma2dimnaqnpls","Reliability is fundamentally non-negotiable for public transit","1774727041888"
"juxdf187x4mnaqnpk4","What factors determine your transportation choices","5yclgxe5xpkmnaqnplt","Transit apps are usually accurate, trust them","1774727041889"
"juxdf187x4mnaqnpk4","What factors determine your transportation choices","bjmqml8egvmnaqnplt","Always plan for the worst-case scenario","1774727041889"
"wvnhujlbqhjmnaawlbw","What do you think motivates complex public figures","mpqamv9eeomnaawlf3","Ideology, not just personal gain, can be a strong driver","1774700582511"
"wvnhujlbqhjmnaawlbw","What do you think motivates complex public figures","sf1krx0pjjrmnaawlf3","Actions often serve multiple, intertwined personal interests","1774700582511"
"wvnhujlbqhjmnaawlbw","What do you think motivates complex public figures","0s653otxbmrkmnaawlf4","External pressures often dictate their choices","1774700582512"
"ubeuiujqnwcmna9z4w5","How do you feel about government shutdowns","3bg2qy0w7j3mna9z4y5","Disrupts essential services, harms many people","1774699021517"
"ubeuiujqnwcmna9z4w5","How do you feel about government shutdowns","8m2ruywun0fmna9z4y6","Necessary for holding firm on principles","1774699021518"
"ubeuiujqnwcmna9z4w5","How do you feel about government shutdowns","aojkyijb3kmna9z4y6","Just political theater, accomplishes nothing","1774699021518"
"4ktb0e3u5iqmn9ywh4j","What makes an artist truly stand the test of time","1sj6ziid9qmn9ywh5z","Influence matters more than mainstream recognition","1774680421607"
"4ktb0e3u5iqmn9ywh4j","What makes an artist truly stand the test of time","l2347h95rhmn9ywh5z","Some artists are just before their time","1774680421607"
"4ktb0e3u5iqmn9ywh4j","What makes an artist truly stand the test of time","1dfwhgv6heemn9ywh60","Talent sometimes gets overlooked by the industry","1774680421608"
"wndlr5c48jqmn9y2wjb","What fabrics do you find most comfortable and hygienic","1bv8upu61w6mn9y2wl2","Synthetics wick moisture, keeping you dry and fresh","1774679041910"
"wndlr5c48jqmn9y2wjb","What fabrics do you find most comfortable and hygienic","gefx1c78olkmn9y2wl2","Honestly, fabric doesn't make much difference to me","1774679041910"
"wndlr5c48jqmn9y2wjb","What fabrics do you find most comfortable and hygienic","pjbdk8sio3mn9y2wl2","Natural fibers like wool and bamboo are always best","1774679041910"
"j8t05i1dttmn9wwgti","What inspires you to share your creative work online","dsu995av9ngmn9wwguy","Love connecting with diverse global artists","1774677061978"
"j8t05i1dttmn9wwgti","What inspires you to share your creative work online","52i2qp333jhmn9wwguz","Sharing makes me feel vulnerable","1774677061979"
"j8t05i1dttmn9wwgti","What inspires you to share your creative work online","9dojvcfabcnmn9wwguz","It's a great way to get feedback","1774677061979"
"g5m5mrthvlumn9s2uqi","What makes a paved trail great for running","ei6es1to5l9mn9s2ut2","Flat, smooth surfaces are essential for my knees","1774668961910"
"g5m5mrthvlumn9s2uqi","What makes a paved trail great for running","261yg6rozewmn9s2ut3","Love the convenience of trails close to home","1774668961911"
"g5m5mrthvlumn9s2uqi","What makes a paved trail great for running","lj7nkh81wzmn9s2ut3","Prefer natural paths, pavement is too hard","1774668961911"
"1c4fqvwbvyymn9r99yb","How do you decide what needs cleaning in your home","log4cu8juifmn9r99zq","Wipe them down only when visibly dirty","1774667581910"
"1c4fqvwbvyymn9r99yb","How do you decide what needs cleaning in your home","o3jxmo8982hmn9r99zr","Regularly clean high-touch surfaces for peace of mind","1774667581911"
"1c4fqvwbvyymn9r99yb","How do you decide what needs cleaning in your home","v3oftkos8qmn9r99zr","Never clean them, seems like overkill","1774667581911"
"w60s0dx2vy8mn9qku5t","what scientific discovery totally blew your mind","17p6nfs62hvjmn9qku8c","literally still don't understand how it works","1774666441740"
"w60s0dx2vy8mn9qku5t","what scientific discovery totally blew your mind","8jha4yytk4vmn9qku8c","human uniqueness is just wild","1774666441740"
"w60s0dx2vy8mn9qku5t","what scientific discovery totally blew your mind","phrzdho5lpcmn9qku8c","forever grateful for medical breakthroughs","1774666441740"
"1vaj8a13x94mn9qjjya","What recent discovery has truly surprised you","k41443fdxqamn9qjk0p","New things rarely shock me anymore","1774666381849"
"1vaj8a13x94mn9qjjya","What recent discovery has truly surprised you","mfuffbmnlvkmn9qjk0p","Most ""discoveries"" are just old news resurfacing","1774666381849"
"1vaj8a13x94mn9qjjya","What recent discovery has truly surprised you","p0yv3yfnsgmn9qjk0p","Science constantly uncovers wild, complex truths","1774666381849"
"gaufs7i060omn9oweif","What makes you question someone's sincerity online","tqehjbzgl1hmn9owek9","People often project their own biases onto others","1774663622073"
"gaufs7i060omn9oweif","What makes you question someone's sincerity online","69skwlx3lpwmn9oweka","Disagreement isn't always rooted in bad faith","1774663622074"
"gaufs7i060omn9oweif","What makes you question someone's sincerity online","jwzhjljobnmn9oweka","Sometimes actions genuinely reveal true intentions","1774663622074"
"kh9f3c1an7mn9njj0w","how do you approach your personal hygiene routine","5y44rhu7mdlmn9njj2k","night showers rly help me relax","1774661341772"
"kh9f3c1an7mn9njj0w","how do you approach your personal hygiene routine","mod1ffd1fx9mn9njj2k","i always shower in the morning","1774661341772"
"kh9f3c1an7mn9njj0w","how do you approach your personal hygiene routine","tlxll323ykfmn9njj2l","deodorant only once a day for me","1774661341773"
"isv8kq6s6hlmn9aczv4","What do you look for in a new neighborhood","yt1ip7iabwmn9aczxr","Walkability and dog-friendly spots are essential","1774639202031"
"isv8kq6s6hlmn9aczv4","What do you look for in a new neighborhood","iqodu19vl2mn9aczxs","Nightlife and social scene are top priorities","1774639202032"
"isv8kq6s6hlmn9aczv4","What do you look for in a new neighborhood","u4buwj4w8umn9aczxs","Commute time always dictates my choice","1774639202032"
"z5l5m9w9esimn93ly7w","What are your thoughts on urban traffic solutions","8uukz3qt08gmn93lyad","Public transit improvements are essential for everyone","1774627862485"
"z5l5m9w9esimn93ly7w","What are your thoughts on urban traffic solutions","3cd79f06gxymn93lyae","Less traffic makes the city much more livable","1774627862486"
"z5l5m9w9esimn93ly7w","What are your thoughts on urban traffic solutions","o11mvbxo1admn93lyae","Charging drivers for city access seems unfair","1774627862486"
"z5l5m9w9esimn93ly7w","What are your thoughts on urban traffic solutions","vbr97nv1vdmn9c52j6","Congestion pricing!","1774642191378"
"irhyjbxldemn8typs8","What do you think about managing online conversations","ccre55zx95mn8typvp","Regulation keeps discussions authentic and prevents manipulation","1774611661957"
"irhyjbxldemn8typs8","What do you think about managing online conversations","g17wwn2rrz5mn8typvq","An outside body could restore genuine community spirit","1774611661958"
"irhyjbxldemn8typs8","What do you think about managing online conversations","hen11xag44amn8typvq","Online spaces thrive best when completely unrestricted","1774611661958"
"4u67kc8z819mn8b3jiy","What is the top priority right now for growing Heard?","4937vrci45smn8b3jn2","Getting a B2B contract locked in is the top priority right now to get a real test.","1774579974446"
"4u67kc8z819mn8b3jiy","What is the top priority right now for growing Heard?","dnn0p4779bmn8b3jn2","Viral marketing to get broad usage is the top priority right now.","1774579974446"
"4u67kc8z819mn8b3jiy","What is the top priority right now for growing Heard?","wawnkpae6emn8b3jn2","Doing more local engagement like flyering is the top priority right now.","1774579974446"
"4u67kc8z819mn8b3jiy","What is the top priority right now for growing Heard?","946u9cmsk7mn8b4bti","Fundraising (grants, investors, etc.)","1774580010966"
"5ei10ls6avmn7nvp5u","I think dogs should be able to vote","ajuyivsrvomn7nvp7w","The feelings of animals are not important","1774540977260"
"5ei10ls6avmn7nvp5u","I think dogs should be able to vote","xa6iopi85trmn7nvp7w","Dogs inhabit the same public spaces as humans do, and have demonstrable wants and needs - they should vote","1774540977260"
"5ei10ls6avmn7nvp5u","I think dogs should be able to vote","zb0exl5j9rimn7nvp7w","Dogs cannot effectively specifically communicate with humans and so they should not be permitted to participate in democracy","1774540977260"
"5ei10ls6avmn7nvp5u","I think dogs should be able to vote","21ch5e8syakmn96onms","I love dogs but no","1774633027492"
"7ospijs2uk7mn7177jf","What do you think about the norm of full table service dining?","4jm296n76hcmn7177m1","Counter service feels more efficient and casual","1774502883145"
"7ospijs2uk7mn7177jf","What do you think about the norm of full table service dining?","xoa9md4v308mn7177m1","I prefer faster service without the fuss","1774502883145"
"7ospijs2uk7mn7177jf","What do you think about the norm of full table service dining?","zr4dhu7mi6mmn7177m1","Full service enhances the dining experience for me","1774502883145"
"izanw097udamn6net1e","What do you think about commercial development in underserved areas?","ozfukgt3m1bmn6net4s","It could really benefit the local community","1774479723004"
"izanw097udamn6net1e","What do you think about commercial development in underserved areas?","knk9gip8rkmn6net4t","Risky investment without guaranteed success","1774479723005"
"izanw097udamn6net1e","What do you think about commercial development in underserved areas?","nghstuvy5mmn6net4t","Might disrupt the local culture and economy","1774479723005"
"izanw097udamn6net1e","What do you think about commercial development in underserved areas?","zwgifz4kldkmn6r069d","Neglected cause area","1774485758641"
"izanw097udamn6net1e","What do you think about commercial development in underserved areas?","tq43dfqvtuhmn945s8t","Investment is needed! But wise stewarding of it as well!","1774628787773"
"t71pkhzfcw9mn6l37wl","What influences how you handle breakups?","6jmwm94a2xxmn6l37yn","Self-worth plays a crucial role in healing","1774475823119"
"t71pkhzfcw9mn6l37wl","What influences how you handle breakups?","nbwxtjaiwbmn6l37yo","Breakups hurt regardless of self-esteem levels","1774475823120"
"t71pkhzfcw9mn6l37wl","What influences how you handle breakups?","ozft6o4iohjmn6l37yo","It's about personal growth, not just self-esteem","1774475823120"
"rwkt9fcwmgjmn5jwq42","Should our city invest more in public transportation?","8lq4vo7tbtamn5jwq53","The cost of expanding public transit is too high for our city's budget","1774413374295"
"rwkt9fcwmgjmn5jwq42","Should our city invest more in public transportation?","mudvz8v8ggimn5jwq53","Public transportation reduces traffic congestion and improves air quality","1774413374295"
"rwkt9fcwmgjmn5jwq42","Should our city invest more in public transportation?","ppfuz3wdufmn5jwq53","Investing in bike lanes would be more cost-effective than buses or trains","1774413374295"
"rwkt9fcwmgjmn5jwq42","Should our city invest more in public transportation?","im8sjisir7hmn5l4nck","asdadas","1774415423541"
"rwkt9fcwmgjmn5jwq42","Should our city invest more in public transportation?","0v6qabohyhemn5l4q32","1","1774415427086"
"rwkt9fcwmgjmn5jwq42","Should our city invest more in public transportation?","v6t5fnystrmn5l7bij","sdfsfs","1774415548171"
"rwkt9fcwmgjmn5jwq42","Should our city invest more in public transportation?","83162nfj8komn5lbfex","sdfsf","1774415739849"
"rwkt9fcwmgjmn5jwq42","Should our city invest more in public transportation?","qvwzboyqcxomn6gete9","Test","1774467966033"
"h4bnegk53umn5jq21w","What hygiene habits have you reconsidered as unnecessary?","h1j3xtm0phqmn5jq23b","I used to think mouthwash was essential","1774413063191"
"h4bnegk53umn5jq21w","What hygiene habits have you reconsidered as unnecessary?","u141j66mlmnmn5jq23b","Overly strict routines stress me out","1774413063191"
"h4bnegk53umn5jq21w","What hygiene habits have you reconsidered as unnecessary?","vg8v27x8frjmn5jq23b","I love my daily shower, can't skip that","1774413063191"
"guj1aueoeigmn4tr5yk","What makes visiting Washington, DC during peak bloom worthwhile?","de3nhvbv32tmn4tr620","The atmosphere is magical during cherry blossom season","1774369444968"
"guj1aueoeigmn4tr5yk","What makes visiting Washington, DC during peak bloom worthwhile?","2ltabu249mymn4tr621","I prefer to avoid the crowds entirely","1774369444969"
"guj1aueoeigmn4tr5yk","What makes visiting Washington, DC during peak bloom worthwhile?","igdn4ur5eymn4tr621","The weather can be unpredictable this time of year","1774369444969"
"guj1aueoeigmn4tr5yk","What makes visiting Washington, DC during peak bloom worthwhile?","vms7fnm0f2mmn5htw0y","I haven't actually seen the full bloom before","1774409882722"
"t2zh6k0djr9mn3cag7t","What are your TOP priorities for improving the Dupont Circle neighborhood?","6wtl5n7uutpmn3cag99","Affordability (e.g. dining out, rent, general livability)","1774279645389"
"t2zh6k0djr9mn3cag7t","What are your TOP priorities for improving the Dupont Circle neighborhood?","co6hymdxw5kmn3cag99","More public engagement!","1774279645389"
"t2zh6k0djr9mn3cag7t","What are your TOP priorities for improving the Dupont Circle neighborhood?","eww0ekris2tmn3cag99","More parking options","1774279645389"
"t2zh6k0djr9mn3cag7t","What are your TOP priorities for improving the Dupont Circle neighborhood?","nyvo6ggnd4pmn3cag99","More third spaces like parklets and pedestrian-only zones","1774279645389"
"t2zh6k0djr9mn3cag7t","What are your TOP priorities for improving the Dupont Circle neighborhood?","ub5dmgulsimn3cag99","Cleanliness (e.g. street sweeping, trash pickup)","1774279645389"
"t2zh6k0djr9mn3cag7t","What are your TOP priorities for improving the Dupont Circle neighborhood?","xzk4dgpjyxcmn3cag99","Security / safety","1774279645389"
"t2zh6k0djr9mn3cag7t","What are your TOP priorities for improving the Dupont Circle neighborhood?","zcx4ajz5vlhmn3cag99","Pedestrianizing and bike lanes","1774279645389"
"t2zh6k0djr9mn3cag7t","What are your TOP priorities for improving the Dupont Circle neighborhood?","rhpcp9nxkwmn3mf7lm","I wish there was more live music!","1774296663610"
"t2zh6k0djr9mn3cag7t","What are your TOP priorities for improving the Dupont Circle neighborhood?","lceu4tuhy6jmn3ml8fd","I think it's clean overall but needs more doggy bag stations","1774296944617"
"h65hd3lpszmn35m1k7","Should the 14th St Trader Joe's limit parking lot use?","304f03keccbmn35m1lt","The 14th St Trader Joe's parking lot is a mess.","1774268428961"
"h65hd3lpszmn35m1k7","Should the 14th St Trader Joe's limit parking lot use?","dykk0e4d22dmn35m1lt","They should limit its use.","1774268428961"
"h65hd3lpszmn35m1k7","Should the 14th St Trader Joe's limit parking lot use?","55mp2pfsufgmn5hx77a","nnntest","1774410037174"
"h65hd3lpszmn35m1k7","Should the 14th St Trader Joe's limit parking lot use?","0xgbzt50ez4mn5hxie1","dfgdfgfdg","1774410051673"
"h65hd3lpszmn35m1k7","Should the 14th St Trader Joe's limit parking lot use?","yqxjloj14bmn5hxnde","sdfsfds","1774410058130"
"h65hd3lpszmn35m1k7","Should the 14th St Trader Joe's limit parking lot use?","c6h11gwv3zimn5i49dx","asdaasda","1774410366597"
"h65hd3lpszmn35m1k7","Should the 14th St Trader Joe's limit parking lot use?","0njoxpw9givmmn5i4cuz","asdasdsad","1774410371099"
"tt4mllqq809mmwjlwne","How can we best take advantage of the north eastern partnership?","cj7qsr7mtmmwjlwod","I’m interested in the democracy angle","1773868673965"
"tt4mllqq809mmwjlwne","How can we best take advantage of the north eastern partnership?","mj540ejya3ammwjlwod","I want to help with coding","1773868673965"
"tt4mllqq809mmwjlwne","How can we best take advantage of the north eastern partnership?","r1defhapbzfmmwjlwod","I’d be interested in helping with marketing","1773868673965"
"tt4mllqq809mmwjlwne","How can we best take advantage of the north eastern partnership?","0crx8egz6rehmmwjofp5","How would I share an image, eg poster here?","1773868791929"
"aocxafg7tnpmmv7j6sh","Should we install a parklet at 17th and Q ?","6qq3wllwlgdmmv7j6uk","I would prefer it be used for something else (bike rack, ground mural, left vacant)","1773787925612"
"aocxafg7tnpmmv7j6sh","Should we install a parklet at 17th and Q ?","b2p7lgpflutmmv7j6uk","The parklet would make the area feel safer and more welcoming","1773787925612"
"aocxafg7tnpmmv7j6sh","Should we install a parklet at 17th and Q ?","e690weuzybvmmv7j6uk","I'm not sure what a parklet is","1773787925612"
"aocxafg7tnpmmv7j6sh","Should we install a parklet at 17th and Q ?","radp3kvie8bmmv7j6uk","I would prefer more parking over parklets","1773787925612"
"aocxafg7tnpmmv7j6sh","Should we install a parklet at 17th and Q ?","wbp0895l25qmmv7j6uk","I'm in favor of installing the parklet","1773787925612"
"txvb8lczdasmmv3wto2","What did you learn?","fufifssyykommv3wtpy","I learned about how to plan events","1773781843318"
"txvb8lczdasmmv3wto2","What did you learn?","nmcegiuxh3mmv3wtpy","I learned about local politics","1773781843318"
"txvb8lczdasmmv3wto2","What did you learn?","lv6fcq7hwtmmv3xdi9","I learned about using AI in civtech","1773781868961"
"i28a9txm1tlmmtdk5gm","is this DC tornado warning a big deal?","3800jpr9cbqmmtdk5v7","yes, the storm is serious and you should shelter in place","1773677116339"
"i28a9txm1tlmmtdk5gm","is this DC tornado warning a big deal?","w8grjwb4608mmtdk5v7","no, there won't be a tornado","1773677116339"
"moog4sg38jjmmp8rqu5","What do you love and/or want improved about Kalorama Park?","fsbpdjgjce9mmp8rr1p","It's great for throwing down a blanket and doing a picnic","1773427207597"
"moog4sg38jjmmp8rqu5","What do you love and/or want improved about Kalorama Park?","j621xgnj5fommp8rr1p","I wish the bathroom had better hours (like opening on weekend)","1773427207597"
"moog4sg38jjmmp8rqu5","What do you love and/or want improved about Kalorama Park?","qiebcmxk9nbmmp8rr1p","I love the garden","1773427207597"
"moog4sg38jjmmp8rqu5","What do you love and/or want improved about Kalorama Park?","zu9q3temk2mmp8rr1p","It's great for walking dogs!","1773427207597"
"moog4sg38jjmmp8rqu5","What do you love and/or want improved about Kalorama Park?","v8g2s5oo5icmmp8t7yc","I wish it had EV chargers","1773427276164"
"moog4sg38jjmmp8rqu5","What do you love and/or want improved about Kalorama Park?","2n46b3nrg26mmp8w3o9","The playgrounds are great","1773427410585"
"moog4sg38jjmmp8rqu5","What do you love and/or want improved about Kalorama Park?","j7z6nrw1iummp8wy9v","Woodchips in the playground are less ADA friendly than a smoother surface","1773427450243"
"moog4sg38jjmmp8rqu5","What do you love and/or want improved about Kalorama Park?","b2yncaclz9bmmp8xrpk","We need to replace the broken swinging thing in playground","1773427488392"
"moog4sg38jjmmp8rqu5","What do you love and/or want improved about Kalorama Park?","z13x5ua16agmmxot82q","Trash pickup could be better","1773937879586"
"9baxn9aqgnsmmp8ki36","Let's get to know the people who come to and love Kalorama Park","n4kqe91s2ummp8kiht","I go to the park almost daily","1773426869921"
"9baxn9aqgnsmmp8ki36","Let's get to know the people who come to and love Kalorama Park","np00o26ejjpmmp8kiht","I work in tech","1773426869921"
"9baxn9aqgnsmmp8ki36","Let's get to know the people who come to and love Kalorama Park","sufz1p9p7gmmp8kiht","I'm a policy wonk","1773426869921"
"9baxn9aqgnsmmp8ki36","Let's get to know the people who come to and love Kalorama Park","xp6412w7pzimmp8kiht","I volunteer at the park","1773426869921"
"9baxn9aqgnsmmp8ki36","Let's get to know the people who come to and love Kalorama Park","ypznqe7kuxmmmp8kiht","I'm a student","1773426869921"
"9baxn9aqgnsmmp8ki36","Let's get to know the people who come to and love Kalorama Park","vg8pbc8kiommp8nrtw","I'm a parent","1773427021988"
"9baxn9aqgnsmmp8ki36","Let's get to know the people who come to and love Kalorama Park","l6m8sk1rr4kmmp8okgw","I use it for doggo walks","1773427059104"
"emvdq8ba2c9mmp8b4dp","How can we do composting more effectively in Kalorama Park?","011vsxcqah6wjmmp8b4oe","I'm in favor of moving the compost near the rec center","1773426432110"
"emvdq8ba2c9mmp8b4dp","How can we do composting more effectively in Kalorama Park?","i0o5eq34njpmmp8b4oe","The current bins needs a lot of work (falling apart, smelly, attracting rats)","1773426432110"
"emvdq8ba2c9mmp8b4dp","How can we do composting more effectively in Kalorama Park?","tqzqcfpuakmmp8b4oe","I'm in favor of improving the compost area in Kalorama Park","1773426432110"
"emvdq8ba2c9mmp8b4dp","How can we do composting more effectively in Kalorama Park?","w4usjeon2pjmmp8ct4g","It's really important we keep it clean if we're gonna keep it","1773426510448"
"emvdq8ba2c9mmp8b4dp","How can we do composting more effectively in Kalorama Park?","qqbyegwg2jqmmp8dtst","We need to keep it in the garden to protect it from abuse","1773426557981"
"emvdq8ba2c9mmp8b4dp","How can we do composting more effectively in Kalorama Park?","xq69jvdsq2jmmp8f8kt","Wherever it is, it needs to have security (eg a lock)","1773426623789"
"emvdq8ba2c9mmp8b4dp","How can we do composting more effectively in Kalorama Park?","lm3nusdfa7emmp8gpzq","It needs to be convenient to access","1773426693014"
"auuvh43sd4rmmp4wyjh","What do you just wanna do?","2k7ox2mjfdmmmp4wypj","Drive your truck","1773420732343"
"auuvh43sd4rmmp4wyjh","What do you just wanna do?","dbfsfgojykfmmp4wypj","Kiss your fish","1773420732343"
"auuvh43sd4rmmp4wyjh","What do you just wanna do?","nxb5kxbff4emmp4wypj","Drink your beer","1773420732343"
"auuvh43sd4rmmp4wyjh","What do you just wanna do?","zbmr16vdkemmp4wypj","Not wake up to all this stuff you don't want to hear","1773420732343"
"xpu9zzi1h5mmnjnarr","What do you think about how law enforcement interacts with immigrant communities?","0o2w519p5o2fmmnjnb51","They often overstep and violate individual rights","1773324543781"
"xpu9zzi1h5mmnjnarr","What do you think about how law enforcement interacts with immigrant communities?","xhgzj4pm2abmmnjnb51","Trust is crucial for community safety and support","1773324543781"
"xpu9zzi1h5mmnjnarr","What do you think about how law enforcement interacts with immigrant communities?","yrp4s3jcj08mmnjnb51","Law enforcement should prioritize protecting everyone equally","1773324543781"
"xpu9zzi1h5mmnjnarr","What do you think about how law enforcement interacts with immigrant communities?","925ein9ypblmmntlgop","They just passed a temporary transparency act which is great!","1773341253817"
"4b7juueeot1mmmouc57","What projects are you most excited about that you're not on?","5mli8rp45pmmmoucfo","RideScore DC","1773272803956"
"4b7juueeot1mmmouc57","What projects are you most excited about that you're not on?","5yxduxp8n7vmmmoucfo","Court Scraper","1773272803956"
"4b7juueeot1mmmouc57","What projects are you most excited about that you're not on?","8tvkey1wkpsmmmoucfo","Mango Tree","1773272803956"
"4b7juueeot1mmmouc57","What projects are you most excited about that you're not on?","aune0xgfucmmmoucfo","Ballot Sign","1773272803956"
"4b7juueeot1mmmouc57","What projects are you most excited about that you're not on?","e050d4i6jbmmmoucfo","VoteCatcher","1773272803956"
"4b7juueeot1mmmouc57","What projects are you most excited about that you're not on?","ilitmyvoqommmoucfo","Mental Health and AI","1773272803956"
"4b7juueeot1mmmouc57","What projects are you most excited about that you're not on?","nuilwveq3bhmmmoucfo","Congressional Tech","1773272803956"
"4b7juueeot1mmmouc57","What projects are you most excited about that you're not on?","tx5ot3utzammmoucfo","Election Admin and Voting Survey (EAVS)","1773272803956"
"4b7juueeot1mmmouc57","What projects are you most excited about that you're not on?","u4qglhsxbtemmmoucfo","Civic Tech Job Board","1773272803956"
"4b7juueeot1mmmouc57","What projects are you most excited about that you're not on?","ykpzmf4m4x8mmmoucfo","SpicyRegs","1773272803956"
"4b7juueeot1mmmouc57","What projects are you most excited about that you're not on?","gpxevue7o07mmmqn2aj","mental health and ai!","1773275823451"
"fohffdvb10cmmmha4fm","What do you find most important in a video game?","6n2wjzh9uesmmmha4x0","Atmosphere and storytelling always draw me in","1773260103780"
"fohffdvb10cmmmha4fm","What do you find most important in a video game?","0nkt582kh11mmmha4x1","I prefer gameplay mechanics over graphics any day","1773260103781"
"fohffdvb10cmmmha4fm","What do you find most important in a video game?","dtf1ej8ivfvmmmha4x1","Nostalgia shouldn't overshadow innovation in gaming","1773260103781"
"p44v6dis6remmli3edd","What do you find fascinating about historical cities?","0e6ghprnl1nhmmli3etd","I love discovering how civilizations thrived","1773201003457"
"p44v6dis6remmli3edd","What do you find fascinating about historical cities?","cll7w8e1timmli3etd","I think we romanticize the past too much","1773201003457"
"p44v6dis6remmli3edd","What do you find fascinating about historical cities?","r6jdae7je4jmmli3etd","Historical cities reflect so much cultural richness","1773201003457"
"4p5wvvnk248mml63beo","What do you love most about local ice cream shops?","nu8nacauwysmml63bwf","I enjoy the unique flavors and creativity","1773180844287"
"4p5wvvnk248mml63beo","What do you love most about local ice cream shops?","zyvsa96kdcmml63bwf","Community spaces like this bring everyone together","1773180844287"
"4p5wvvnk248mml63beo","What do you love most about local ice cream shops?","qpdk3goj2xmmml63bwg","I prefer homemade options over commercial brands","1773180844288"
"iarjqj11i5cmml2vkc6","What do you think about quirky naming conventions?","p51w1p3ec28mml2vkpm","They often add character to the community","1773175443610"
"iarjqj11i5cmml2vkc6","What do you think about quirky naming conventions?","j70b12lapccmml2vkpn","Unique names can spark creativity and conversation","1773175443611"
"iarjqj11i5cmml2vkc6","What do you think about quirky naming conventions?","zyrh2onxjymml2vkpn","I find them confusing and unnecessary","1773175443611"
"bmlrq6vdzxwmml2dkvv","What do you think about the transformation of urban spaces over time?","cubjk9hcaqfmml2dl3d","I appreciate the blend of history and modernity","1773174604297"
"bmlrq6vdzxwmml2dkvv","What do you think about the transformation of urban spaces over time?","f4ttkxa6wzbmml2dl3d","I miss the simplicity of earlier times","1773174604297"
"bmlrq6vdzxwmml2dkvv","What do you think about the transformation of urban spaces over time?","u9ae2c1646mml2dl3d","Change often erases important cultural landmarks","1773174604297"
"wzbj84qno4gmmk76w4b","What makes a great doctor in your experience?","2egv22ls7mummk76wfm","Too many are just in it for money","1773122224306"
"wzbj84qno4gmmk76w4b","What makes a great doctor in your experience?","dkl7uymwqsmmk76wfm","Competence matters more than bedside manner","1773122224306"
"wzbj84qno4gmmk76w4b","What makes a great doctor in your experience?","tau4uvjclsmmk76wfm","They genuinely listen and care about me","1773122224306"
"z9ipytf2b8mmj9ebcm","What do you think about the pressure to conform to hygiene standards?","fuaisi5ryxmmj9ebtt","It feels like a burden sometimes","1773065463905"
"z9ipytf2b8mmj9ebcm","What do you think about the pressure to conform to hygiene standards?","kxjhfilemdmmj9ebtu","I embrace my natural scent unapologetically","1773065463906"
"z9ipytf2b8mmj9ebcm","What do you think about the pressure to conform to hygiene standards?","yni3vysjmsammj9ebtu","Hygiene expectations help maintain social comfort","1773065463906"
"fdujykphjjpmmi8gktc","What are the implications of an attack on a U.S. embassy in a foreign country?","zb41ob6ehijmmi8gl5q","Heightened security measures abroad","1773003423518"
"fdujykphjjpmmi8gktc","What are the implications of an attack on a U.S. embassy in a foreign country?","uxjv099q6hpmmi8gl5r","Unjustified fear of foreign policies","1773003423519"
"fdujykphjjpmmi8gktc","What are the implications of an attack on a U.S. embassy in a foreign country?","w7wtlg5cr7dmmi8gl5r","Increased tensions between nations","1773003423519"
"l2vgmyqc9immi86biu","What are the implications of body positivity discussions in the entertainment industry?","dpdo965fsgcmmi86bwt","Body positivity can promote unhealthy habits","1773002944973"
"l2vgmyqc9immi86biu","What are the implications of body positivity discussions in the entertainment industry?","6fov8st3s0cmmi86bwu","Criticism often overshadows progress","1773002944974"
"l2vgmyqc9immi86biu","What are the implications of body positivity discussions in the entertainment industry?","8gwm6braddqmmi86bwu","Representation matters in shaping perceptions","1773002944974"
"07wim13rh1nammi5pkj4","How does the push for students to write worse impact their relationship with technology and AI?","1ztp2hrld9zmmi5pkoi","More creativity in writing","1772998803954"
"07wim13rh1nammi5pkj4","How does the push for students to write worse impact their relationship with technology and AI?","40g77qlfuemmi5pkoi","Students should embrace AI","1772998803954"
"07wim13rh1nammi5pkj4","How does the push for students to write worse impact their relationship with technology and AI?","y5bqwms4cffmmi5pkoi","Dumbing down skills is harmful","1772998803954"
"1xk6p3t30bpmmi4pjfb","What are the most important factors when selecting a bike shop?","oejhxkfv9jhmmi4pjkv","Affordable pricing","1772997122911"
"1xk6p3t30bpmmi4pjfb","What are the most important factors when selecting a bike shop?","om8gsqwffsmmi4pjkv","Convenient location","1772997122911"
"1xk6p3t30bpmmi4pjfb","What are the most important factors when selecting a bike shop?","p1lfji8mq3ommi4pjkw","Customer service is overrated","1772997122912"
"1xk6p3t30bpmmi4pjfb","What are the most important factors when selecting a bike shop?","afwo8jxsmwmmp6dpzk","Quality of work","1773423193808"
"1xk6p3t30bpmmi4pjfb","What are the most important factors when selecting a bike shop?","yejtoc1xrcfmmp7vxb1","Conte's on Q St is a shining example! Support local","1773425722717"
"zq6ohpgwnwnmmi1j36b","what rly constitutes political corruption in local government","543e63n4onrmmi1j3ni","big money influences decisions","1772991783486"
"zq6ohpgwnwnmmi1j36b","what rly constitutes political corruption in local government","dkfzlmmqlymmi1j3ni","not all funding is corrupt","1772991783486"
"zq6ohpgwnwnmmi1j36b","what rly constitutes political corruption in local government","yb4xmnap40ommi1j3ni","investigations often lead to more transparency","1772991783486"
"z344py20hzmmhwlmn0","what makes a movie truly memorable?","mz42ck6tdknmmhwln5z","characters that don't make sense","1772983504007"
"z344py20hzmmhwlmn0","what makes a movie truly memorable?","qio8zmhrj1hmmhwln5z","a unique soundtrack","1772983504007"
"z344py20hzmmhwlmn0","what makes a movie truly memorable?","ruxa1xsyrmmmhwln5z","reliance on special effcts","1772983504007"
"uomzm21pu19mmhquk96","What are the implications of creating $40 smartphones for consumers and the tech industry?","0ey6176uu3d8mmhqukqu","Affordable access to technology","1772973843078"
"uomzm21pu19mmhquk96","What are the implications of creating $40 smartphones for consumers and the tech industry?","lst2fg9koqmmhqukqv","Not a sustainable solution for long-term growth","1772973843079"
"uomzm21pu19mmhquk96","What are the implications of creating $40 smartphones for consumers and the tech industry?","u6j60jp8w5mmhqukqv","Quality might suffer with lower costs","1772973843079"
"rdpa00y0t2cmmhq7fgz","What are the implications of giving pets as gifts to children?","an29xm0biavmmhq7g07","Pets are a long-term commitment","1772972763847"
"rdpa00y0t2cmmhq7fgz","What are the implications of giving pets as gifts to children?","iylny3oldydmmhq7g07","Kids may not take care of the puppies","1772972763847"
"rdpa00y0t2cmmhq7fgz","What are the implications of giving pets as gifts to children?","q03rety76gmmhq7g07","Gifting pets is irresponsible","1772972763847"
"hrhtk2gzzbammhc7bdh","how does a live performance impact the relationship between artists and their fans?","c8h8ogwdqq6mmhc7bvk","overrated and predictable","1772949243872"
"hrhtk2gzzbammhc7bdh","how does a live performance impact the relationship between artists and their fans?","q3ob957x2fdmmhc7bvk","energy and excitement","1772949243872"
"hrhtk2gzzbammhc7bdh","how does a live performance impact the relationship between artists and their fans?","vrqsqc32k2ammhc7bvk","disconnection in large venues","1772949243872"
"bbrb5jc97unmmh3y9b5","What does the re-release of ‘Rocky Horror Picture Show’ mean for the future of cult classics?","7ivpd4393kemmh3y9t3","Cult films deserve more recognition","1772935384359"
"bbrb5jc97unmmh3y9b5","What does the re-release of ‘Rocky Horror Picture Show’ mean for the future of cult classics?","kq42uclnq0rmmh3y9t3","Nostalgia may overshadow new storytelling","1772935384359"
"bbrb5jc97unmmh3y9b5","What does the re-release of ‘Rocky Horror Picture Show’ mean for the future of cult classics?","uuaxfoote4mmh3y9t3","A resurgence of interest in unique narratives","1772935384359"
"3kxxnmdia4fmmh0hhql","At what point does the treatment of detainees become unacceptable?","c9yhv2f911kmmh0hi19","Cruelty has no place in any system","1772929563021"
"3kxxnmdia4fmmh0hhql","At what point does the treatment of detainees become unacceptable?","ifs5qwig728mmh0hi19","Detainees deserve better conditions","1772929563021"
"3kxxnmdia4fmmh0hhql","At what point does the treatment of detainees become unacceptable?","oo54q0pinjmmh0hi19","Suicides reflect systemic failures","1772929563021"
"fn5cqncmrt7mmgznxcg","Has the video for 'My Name is Human' by Highly Suspect changed over the years?","sy5nk4hzzmmmgznxvn","It seems unlikely.","1772928183875"
"fn5cqncmrt7mmgznxcg","Has the video for 'My Name is Human' by Highly Suspect changed over the years?","v4ogvs5kyhjmmgznxvn","Some changes are subtle.","1772928183875"
"fn5cqncmrt7mmgznxcg","Has the video for 'My Name is Human' by Highly Suspect changed over the years?","whxnhtrdw1mmgznxvn","The video remains the same.","1772928183875"
"1qmqf2e10dkmmgy221x","How can personal interests shape friendships during university years?","fmqh30jkh58mmgy22gg","Finding people with similar hobbies is crucial","1772925483760"
"1qmqf2e10dkmmgy221x","How can personal interests shape friendships during university years?","h6h0fyv879mmgy22gh","Diverse interests create unique connections","1772925483761"
"1qmqf2e10dkmmgy221x","How can personal interests shape friendships during university years?","y52h4u26yipmmgy22gh","Fake it till you make it","1772925483761"
"lii9y7hu9tbmmgu3azt","What are the implications of conscription for both genders in a newly independent nation?","gddg35qay7mmgu3bfm","Equal responsibility for defense","1772918823586"
"lii9y7hu9tbmmgu3azt","What are the implications of conscription for both genders in a newly independent nation?","ziflsat88tpmmgu3bfm","A burden on the economy","1772918823586"
"lii9y7hu9tbmmgu3azt","What are the implications of conscription for both genders in a newly independent nation?","vox5x9lje6mmgu3bfn","Only men should serve","1772918823587"
"b6toq2rirxmmgsp5ke","What does this incident reveal about safety in NYC?","92o79zivsemmgsp61z","Increased paranoia about public safety","1772916483815"
"b6toq2rirxmmgsp5ke","What does this incident reveal about safety in NYC?","pas8h3db6pmmgsp620","Distraction from real issues facing the city","1772916483816"
"b6toq2rirxmmgsp5ke","What does this incident reveal about safety in NYC?","zd1ltnc5nvmmgsp620","Overreaction to a non-threatening situation","1772916483816"
"7c4a0q7zmfmmgrrpne","What could be causing the recommendation to avoid the Baybridge today?","xmglnsbsurrmmgrrpt9","Traffic congestion","1772914923117"
"7c4a0q7zmfmmgrrpne","What could be causing the recommendation to avoid the Baybridge today?","bwjur7tjqyimmgrrpta","Protests in the area","1772914923118"
"7c4a0q7zmfmmgrrpne","What could be causing the recommendation to avoid the Baybridge today?","khr0dtpapbmmgrrpta","Road work issues","1772914923118"
"zd55smw1b2mmgrg4z8","What impact did David J. Farber have on the development of technology and the internet?","cqglgky5yrmmgrg5ef","Overrated contributions to modern tech","1772914383447"
"zd55smw1b2mmgrg4z8","What impact did David J. Farber have on the development of technology and the internet?","gnew6ae6pz6mmgrg5ef","Limited focus on social implications","1772914383447"
"zd55smw1b2mmgrg4z8","What impact did David J. Farber have on the development of technology and the internet?","o88z2newmlmmmgrg5ef","Pioneering work in networking","1772914383447"
"q5ao5txrlbrmmgr5vh6","What does a celebrity's personal life reveal about the pressures of fame?","yx48vvpjw9mmgr5w0b","Fame brings isolation","1772913904715"
"q5ao5txrlbrmmgr5vh6","What does a celebrity's personal life reveal about the pressures of fame?","4vadkslb0vnmmgr5w0c","Divorce is just part of life","1772913904716"
"q5ao5txrlbrmmgr5vh6","What does a celebrity's personal life reveal about the pressures of fame?","uk9g8hsneajmmgr5w0c","Success often masks struggles","1772913904716"
"sy09yeozjxmmgpp4db","what does gavin newsom stand for?","wq33cgx0yxbmmgpp4tn","social justice initiatives","1772911443371"
"sy09yeozjxmmgpp4db","what does gavin newsom stand for?","b8t5xplvwjommgpp4to","business-friendly policies","1772911443372"
"sy09yeozjxmmgpp4db","what does gavin newsom stand for?","ylkq5int6gemmgpp4to","shallow political games","1772911443372"
"5g2p3bmwx3emmgojz34","What are the implications of leadership styles in tech companies on innovation?","8qv3itsxuzhmmgojzm5","Leadership styles often stifle creativity","1772909523725"
"5g2p3bmwx3emmgojz34","What are the implications of leadership styles in tech companies on innovation?","3e15xjr5wd6mmgojzm6","Innovation thrives in chaotic environments","1772909523726"
"5g2p3bmwx3emmgojz34","What are the implications of leadership styles in tech companies on innovation?","tt5u5l1hx2mmgojzm6","Effective leadership fosters collaboration","1772909523726"
"2utbuasxmrkmmgiesgh","is the threat from foreign alliances like russia and iran being underestimated?","26419o9bk6ommgiespa","threats are real and present","1772899203790"
"2utbuasxmrkmmgiesgh","is the threat from foreign alliances like russia and iran being underestimated?","5eonleptelmmgiespa","shouldn't worry about it","1772899203790"
"2utbuasxmrkmmgiesgh","is the threat from foreign alliances like russia and iran being underestimated?","lcnotbn1o0rmmgiespa","no consequences expected","1772899203790"
"al642hk9rxmmghawh5","What are the implications of UFC events being canceled for fan engagement and the sport's future?","l6h2jfo97cemmghawww","A decline in fan trust","1772897343008"
"al642hk9rxmmghawh5","What are the implications of UFC events being canceled for fan engagement and the sport's future?","nfhmsxp22emmghawww","Increased focus on fighter safety","1772897343008"
"al642hk9rxmmghawh5","What are the implications of UFC events being canceled for fan engagement and the sport's future?","zn72op2l65mmghawww","Business opportunities for smaller promotions","1772897343008"
"wnqnuieyrpjmmg9zac0","What are the thoughts on the reception of Velma?","6c4jemhyh13mmg9zaw8","It was overrated","1772885043944"
"wnqnuieyrpjmmg9zac0","What are the thoughts on the reception of Velma?","iddoglt7c6mmg9zaw9","Too much focus on politics","1772885043945"
"wnqnuieyrpjmmg9zac0","What are the thoughts on the reception of Velma?","t3dt8gtsythmmg9zaw9","Definately a fresh take","1772885043945"
"n49g774ql8lmmful0h2","what does the current state of democracy in the U.S. signify for the future?","iunfjf5332cmmful0vt","political engagement rising","1772859183545"
"n49g774ql8lmmful0h2","what does the current state of democracy in the U.S. signify for the future?","iyvf5xzb4xmmful0vt","democracy is overrated","1772859183545"
"n49g774ql8lmmful0h2","what does the current state of democracy in the U.S. signify for the future?","jfuz20ax8ummful0vt","a growing concern among citizens","1772859183545"
"64gdsqf3vqrmmffuavg","Pikachu is the best pokemon","29yalo8646lmmffub7m","The pokemon company likes to put pikachu in everything","1772834422594"
"3e6znhpe6nsmmf91q8b","what makes a movie's action scenes memorable or forgettable","ub5zg4hqrvemmf91rco","Lack of clear motivation","1772823012792"
"3e6znhpe6nsmmf91q8b","what makes a movie's action scenes memorable or forgettable","w1b3nsd9bpbmmf91rco","Underwhelming fight choreography","1772823012792"
"3e6znhpe6nsmmf91q8b","what makes a movie's action scenes memorable or forgettable","wpqv0vpobmmf91rco","Unique camera angles","1772823012792"
"09ffmfmdvnzlmmf5eds0","Is the presence of criminal behavior on Facebook a necessary consequence of its platform?","4sllaijqfhmmf5ee3y","Stricter policies might help","1772816883694"
"09ffmfmdvnzlmmf5eds0","Is the presence of criminal behavior on Facebook a necessary consequence of its platform?","ohiar9rt81mmf5ee3y","Social media encourages bad behavior","1772816883694"
"09ffmfmdvnzlmmf5eds0","Is the presence of criminal behavior on Facebook a necessary consequence of its platform?","qp8qadt5yymmf5ee3y","Inevitability of online crime","1772816883694"
"mzlplnaaq3smmf307vn","What are the most important issues influencing voting decisions in this election?","2ghbw062vrrmmf3085y","Economic concerns","1772812863574"
"mzlplnaaq3smmf307vn","What are the most important issues influencing voting decisions in this election?","ic6xqgfz0almmf3085z","Environmental policies","1772812863575"
"mzlplnaaq3smmf307vn","What are the most important issues influencing voting decisions in this election?","igs1osni3pmmf3085z","Lack of trust in candidates","1772812863575"
"mey4sm6ju9cmmf2v6lv","Who is the greatest rapper of all time?","f69qiv0jdv6mmf2v6r4","Granny Annie - The Rappin' Chaplain","1772812628464"
"mey4sm6ju9cmmf2v6lv","Who is the greatest rapper of all time?","k9ng6k2u04mmf2v6r4","Biggie","1772812628464"
"mey4sm6ju9cmmf2v6lv","Who is the greatest rapper of all time?","v65xcxktq9cmmf2v6r4","Tupac","1772812628464"
"mey4sm6ju9cmmf2v6lv","Who is the greatest rapper of all time?","z232rmjdqvmmf2v6r4","Jay-Z","1772812628464"
"dn5f5y6h2htmmewpwl4","What is the significance of albums released on March 6 in music history?","bu01phkibunmmewpwxp","Cultural impact of specific albums","1772802304765"
"dn5f5y6h2htmmewpwl4","What is the significance of albums released on March 6 in music history?","1s3fa4oxbl9jmmewpwxq","Not significant at all","1772802304766"
"dn5f5y6h2htmmewpwl4","What is the significance of albums released on March 6 in music history?","zukl7andkyammewpwxq","Overlooked gems in the list","1772802304766"
"9j6xyb6xbxsmmehbm0k","What implications does 'Shield of the Americas' have for U.S. foreign policy?","8zttdp83u54mmehbmdi","A military focus on regional stability","1772776443654"
"9j6xyb6xbxsmmehbm0k","What implications does 'Shield of the Americas' have for U.S. foreign policy?","5xs7n6t0lmmehbmdj","Insufficient attention to humanitarian issues","1772776443655"
"9j6xyb6xbxsmmehbm0k","What implications does 'Shield of the Americas' have for U.S. foreign policy?","wgiku2zxclmmehbmdj","A potential shift in diplomatic relations","1772776443655"
"uhdkb2aejyimmeepqgh","Who knows what's causing all the jet noise today?","b3e0bou70wkmmeepqqv","Maybe just training exercises","1772772063655"
"uhdkb2aejyimmeepqgh","Who knows what's causing all the jet noise today?","vyr33v04jxjmmeepqqv","Unpopular opinion: jet noise is a sign of economic activity","1772772063655"
"uhdkb2aejyimmeepqgh","Who knows what's causing all the jet noise today?","wl3435uqb1fmmeepqqv","A lot of air traffic lately","1772772063655"
"xyoogx17vkommec3f52","Make the Potomac swimmable again","aoxulm1xbtmmmec3ffi","I swim in it now anyways 🤷","1772767663326"
"xyoogx17vkommec3f52","Make the Potomac swimmable again","ll52s3tzkvmmec3ffi","This shouldn't be a priority for DC right now","1772767663326"
"xyoogx17vkommec3f52","Make the Potomac swimmable again","uud318m8temmec3ffi","I'm in favor of making the Potomac swimmable","1772767663326"
"o0tmjop3hdlmmebg3im","Should we close Q & 20th during the farmer's market?","63yrifpukalmmebg3kp","I'm worried this could hurt business for vendors by decreasing access and parking","1772766574873"
"o0tmjop3hdlmmebg3im","Should we close Q & 20th during the farmer's market?","9s1pldsr57wmmebg3kp","We could put up signs/cones at Q and 21st to discourage thru traffic while leaving the road open for residents","1772766574873"
"o0tmjop3hdlmmebg3im","Should we close Q & 20th during the farmer's market?","l3ddt70dmvmmebg3kp","It's dangerous because people often don't realize there's a live intersection there","1772766574873"
"o0tmjop3hdlmmebg3im","Should we close Q & 20th during the farmer's market?","nznsuc0hsmcmmebg3kp","It ruins the vibe because the cars interrupt the flow of foot traffic","1772766574873"
"o0tmjop3hdlmmebg3im","Should we close Q & 20th during the farmer's market?","iho4mttvkosmmebhgaj","I'm in favor of closing Q & 20th during the market","1772766638011"
"shplzbhailnmmeb8zf5","Any favorite experiences with makeup artists?","akab6vudeejmmeb8zki","Unique styles attract attention","1772766243090"
"shplzbhailnmmeb8zf5","Any favorite experiences with makeup artists?","7y4ibm96iummmeb8zkj","Too much emphasis on social media","1772766243091"
"shplzbhailnmmeb8zf5","Any favorite experiences with makeup artists?","84l01z2tszmmmeb8zkj","Affordable options often overlooked","1772766243091"
"83mkz12fjs3mmeb7pk0","Is air quality a major concern in NoVA?","5hi1jr25shjmmeb7pxn","Personal health is prioritized over outdoor plans","1772766183947"
"83mkz12fjs3mmeb7pk0","Is air quality a major concern in NoVA?","etrhqc46idimmeb7pxn","Outdoor activities should continue as usual","1772766183947"
"83mkz12fjs3mmeb7pk0","Is air quality a major concern in NoVA?","xobmv9oy70immeb7pxn","Air quality regulations need tightening","1772766183947"
"d7r8r8guc18mme7tkd9","What factors could contribute to the recent growth in Bay Area rail transit ridership?","3bm5u2d21awmme7tkn0","Increased telecommuting options","1772760485052"
"d7r8r8guc18mme7tkd9","What factors could contribute to the recent growth in Bay Area rail transit ridership?","7blyzyu2i5umme7tkn1","Environmental concerns","1772760485053"
"d7r8r8guc18mme7tkd9","What factors could contribute to the recent growth in Bay Area rail transit ridership?","yhgv568xlamme7tkn1","Pricing strategies for transit fares","1772760485053"
"1m6smp6xd4jmme72uls","Should Heard be open source?","3e43un4gm36mme72uxc","I'm in favor of it being open source","1772759238672"
"1m6smp6xd4jmme72uls","Should Heard be open source?","qahb68xdhf8mme72uxc","Risks of not getting traction > risks of having code stolen","1772759238672"
"1m6smp6xd4jmme72uls","Should Heard be open source?","rauk5tlm6ymme72uxc","This could hurt its ability to monetize","1772759238672"
"1m6smp6xd4jmme72uls","Should Heard be open source?","vtl01w2l76mme72uxc","Could be a security risk","1772759238672"
"1m6smp6xd4jmme72uls","Should Heard be open source?","sdq4pqfvv7fmme88e7f","Signal is open source and secure. Open source is a commitment to the public good AND trust building with pro-social users","1772761176555"
"1m6smp6xd4jmme72uls","Should Heard be open source?","7ox78rbvvibmmedcacv","I think it should be open source. Certainly there are monetization risks and nontrivial ones at that. But I think if you're trying to build public trust, open source is a strong way to do it.","1772769756271"
"1m6smp6xd4jmme72uls","Should Heard be open source?","f7zavhel75mmee1p9o","Open sourcing it would require Alex to review more PRs and take his focus away from other more important tasks","1772770941996"
"1m6smp6xd4jmme72uls","Should Heard be open source?","lvx92j0waqimmes27n8","All meaningful barriers to stealing will be gone soon anyhow.","1772794480436"
"1m6smp6xd4jmme72uls","Should Heard be open source?","4jjtyt9xc5tmmes4q98","Any barrier from being incorporated into collective work is preventing yourself from being in the future stack as opposed to being inspiration as prior art.","1772794597868"
"1m6smp6xd4jmme72uls","Should Heard be open source?","ve79z6hrzcjmmf60auh","Yes, open source! And integrate with existing open source, e.g. https://crown-shy.com/products/polis-flow","1772817905897"
"1m6smp6xd4jmme72uls","Should Heard be open source?","ys1x1cobiymmfbfg4t","As a polling app, open source would give trust to the users so we know polls aren’t being manipulated in some way","1772827010669"
"1m6smp6xd4jmme72uls","Should Heard be open source?","za8b2puusbmmfbi4r8","Consider partial open source for now? Could be a good balance of trust while thinking of models to monetize. Can always go full open source anytime","1772827135892"
"1m6smp6xd4jmme72uls","Should Heard be open source?","nyq9stnhvammfbx38j","I think open source does not need to be hard and fast. You could do open core but keep some features locked up","1772827833763"
"9s9n47i3m9mmme13w27","What role could the East Bay Civic Hub play that would make it genuinely worthwhile for you to participate?","0szmw9gxksamme13wcz","The Civic Hub should serve as a neutral meeting ground where organizations can share what they are working on and find opportunities to align.","1772749209491"
"9s9n47i3m9mmme13w27","What role could the East Bay Civic Hub play that would make it genuinely worthwhile for you to participate?","2j9e2x0wm1nmme13wcz","The Hub is most valuable if it helps people find meaningful ways to contribute their skills to the civic ecosystem.","1772749209491"
"9s9n47i3m9mmme13w27","What role could the East Bay Civic Hub play that would make it genuinely worthwhile for you to participate?","5ksy85lpj1dmme13wcz","The Civic Hub should help new civic initiatives emerge and find collaborators.","1772749209491"
"9s9n47i3m9mmme13w27","What role could the East Bay Civic Hub play that would make it genuinely worthwhile for you to participate?","5xj2vz41mglmme13wcz","The Civic Hub should primarily support individual civic participation rather than trying to coordinate organizations.","1772749209491"
"9s9n47i3m9mmme13w27","What role could the East Bay Civic Hub play that would make it genuinely worthwhile for you to participate?","75etyzgj9jmmme13wcz","The Civic Hub should help people work together to solve real civic problems facing the East Bay.","1772749209491"
"9s9n47i3m9mmme13w27","What role could the East Bay Civic Hub play that would make it genuinely worthwhile for you to participate?","89xo3ze7s08mme13wcz","The Civic Hub should primarily support neighborhood-level organizing and collaboration.","1772749209491"
"9s9n47i3m9mmme13w27","What role could the East Bay Civic Hub play that would make it genuinely worthwhile for you to participate?","a5ly0jm5rlimme13wcz","The Civic Hub should be a place where people practice democratic processes like deliberation, dialogue, and collaborative decision-making.","1772749209491"
"9s9n47i3m9mmme13w27","What role could the East Bay Civic Hub play that would make it genuinely worthwhile for you to participate?","c417yjblfi6mme13wcz","The Civic Hub should help people learn practical civic skills such as facilitation, organizing, and democratic participation.","1772749209491"
"9s9n47i3m9mmme13w27","What role could the East Bay Civic Hub play that would make it genuinely worthwhile for you to participate?","cpikigk9henmme13wcz","The Civic Hub should act as an incubator for new civic initiatives that emerge from the community.","1772749209491"
"9s9n47i3m9mmme13w27","What role could the East Bay Civic Hub play that would make it genuinely worthwhile for you to participate?","e87eos6e4ecmme13wcz","The most important role of the Civic Hub is building relationships and trust across the civic ecosystem.","1772749209491"
"9s9n47i3m9mmme13w27","What role could the East Bay Civic Hub play that would make it genuinely worthwhile for you to participate?","jauc2mauj4mme13wcz","The East Bay Civic Hub should actively include participants and organizations from across the East Bay, not primarily Oakland.","1772749209491"
"9s9n47i3m9mmme13w27","What role could the East Bay Civic Hub play that would make it genuinely worthwhile for you to participate?","ju4aofevxqfmme13wcz","The Civic Hub should help connect organizations working on related civic issues so they can collaborate instead of duplicating efforts.","1772749209491"
"9s9n47i3m9mmme13w27","What role could the East Bay Civic Hub play that would make it genuinely worthwhile for you to participate?","m0w9abuhq4tmme13wcz","The Civic Hub should focus on building a strong Oakland civic community first before trying to operate regionally.","1772749209491"
"9s9n47i3m9mmme13w27","What role could the East Bay Civic Hub play that would make it genuinely worthwhile for you to participate?","m8t5ljcnplmme13wcz","The Civic Hub should host structured public conversations that help people deliberate on difficult civic issues together.","1772749209491"
"9s9n47i3m9mmme13w27","What role could the East Bay Civic Hub play that would make it genuinely worthwhile for you to participate?","mh8nbuwdymme13wcz","The Civic Hub should support collaborative civic projects that participants can work on together.","1772749209491"
"9s9n47i3m9mmme13w27","What role could the East Bay Civic Hub play that would make it genuinely worthwhile for you to participate?","q2l36tq4gximme13wcz","The Civic Hub should remain loosely organized and emergent rather than trying to define a specific mission too quickly.","1772749209491"
"9s9n47i3m9mmme13w27","What role could the East Bay Civic Hub play that would make it genuinely worthwhile for you to participate?","v8hdxtfry2hmme13wcz","The Civic Hub should be a regular gathering space where civic-minded people build relationships across organizations and sectors.","1772749209491"
"9s9n47i3m9mmme13w27","What role could the East Bay Civic Hub play that would make it genuinely worthwhile for you to participate?","vzhl845ez3mme13wcz","The Civic Hub should help coordinate local responses to important civic challenges when they arise.","1772749209491"
"9s9n47i3m9mmme13w27","What role could the East Bay Civic Hub play that would make it genuinely worthwhile for you to participate?","wt4hwqldo4nmme13wcz","The Civic Hub should function as a place where organizations share knowledge, tools, and resources with one another.","1772749209491"
"9s9n47i3m9mmme13w27","What role could the East Bay Civic Hub play that would make it genuinely worthwhile for you to participate?","ylg911ygao7mme13wcz","The Civic Hub should focus on connecting people and projects that are already working on civic issues in the East Bay.","1772749209491"
"9s9n47i3m9mmme13w27","What role could the East Bay Civic Hub play that would make it genuinely worthwhile for you to participate?","1mix4emhk4ymmu2dwf1","Let's host an anti-debate for local candidates.","1773718814557"
"9s9n47i3m9mmme13w27","What role could the East Bay Civic Hub play that would make it genuinely worthwhile for you to participate?","e2a8jjxmicdmmu2ex10","Let's organize a deliberative process to discuss the opportunity/threat of AI","1773718862004"
"7i0fxy14dmvmme07ng8","What are the implications of technology companies acquiring film production firms?","gbpi7wgur7kmme07ntr","Creative storytelling enhancement","1772747705439"
"7i0fxy14dmvmme07ng8","What are the implications of technology companies acquiring film production firms?","r7ovpklnocamme07ntr","Monopolization of the film industry","1772747705439"
"7i0fxy14dmvmme07ng8","What are the implications of technology companies acquiring film production firms?","teuztq9h5vmme07ntr","Loss of artistic integrity","1772747705439"
"du8c15dsjr9mmduuum7","What are the most urgent improvements you’d like made?","6tqj844hcg5mmduuv0y","How to place a maintenance request","1772738710162"
"du8c15dsjr9mmduuum7","What are the most urgent improvements you’d like made?","ii1otxviz1cmmduuv0y","How to improve security in building","1772738710162"
"du8c15dsjr9mmduuum7","What are the most urgent improvements you’d like made?","xz5v4nbkrhbmmduuv0y","The elevator repair","1772738710162"
"du8c15dsjr9mmduuum7","What are the most urgent improvements you’d like made?","funu09mv8pfmmduwipq","More events","1772738787518"
"xdkp2m11xdjmmdskenf","What are the thoughts on Anne Hathaway's new song for the 'Mother Mary' soundtrack?","4x39c1qzsgfmmdskf15","Too emotional for a movie","1772734863641"
"xdkp2m11xdjmmdskenf","What are the thoughts on Anne Hathaway's new song for the 'Mother Mary' soundtrack?","jjg2kpkg7ymmdskf15","A surprising direction","1772734863641"
"xdkp2m11xdjmmdskenf","What are the thoughts on Anne Hathaway's new song for the 'Mother Mary' soundtrack?","g3ita4414kmmdskf16","An underwhelming performance","1772734863642"
"j9v39d5dnicmmdr82fk","Is it necessary to learn an instrument to sing better?","p4bnx93uo3cmmdr82wb","Yes, it fixes your pitch issues.","1772732608427"
"j9v39d5dnicmmdr82fk","Is it necessary to learn an instrument to sing better?","uqch7upfeefmmdry1dh","Not necessary but a good idea!","1772733819509"
"j9v39d5dnicmmdr82fk","Is it necessary to learn an instrument to sing better?","hm9gjz17y1wmmdryoz8","It makes playing with a band easier because you can speak their language better!","1772733850100"
"j9v39d5dnicmmdr82fk","Is it necessary to learn an instrument to sing better?","yl63ssneq2mmds1px2","Absolutely necessary!","1772733991286"
"j9v39d5dnicmmdr82fk","Is it necessary to learn an instrument to sing better?","if0yasvh38emmds2jti","If you're just singing for fun it's not worth the time to also learn an instrument","1772734030038"
"28774539sdsmmdhmw39","How can someone cope with replaying a negative experience in their mind?","4o47hd6fdt5mmdhmwh4","Focusing on positive outcomes","1772716503784"
"28774539sdsmmdhmw39","How can someone cope with replaying a negative experience in their mind?","7fo42mg3pmnmmdhmwh4","Acceptance of the moment","1772716503784"
"28774539sdsmmdhmw39","How can someone cope with replaying a negative experience in their mind?","cmyeq5iyksdmmdhmwh4","Ignoring the situation altogether","1772716503784"
"hvsq6ncprudmmdczq17","What are the implications of a corporate CEO's presentation style on consumer perception of a product?","5j4rgz9imdimmdczqfc","Presentation style matters little","1772708704392"
"hvsq6ncprudmmdczq17","What are the implications of a corporate CEO's presentation style on consumer perception of a product?","0ghqripw4n8pmmdczqfd","Corporate language creates distance","1772708704393"
"hvsq6ncprudmmdczq17","What are the implications of a corporate CEO's presentation style on consumer perception of a product?","oaldilnv8p8mmdczqfd","A casual approach feels more relatable","1772708704393"
"v1e34i6y99jmmd0o0we","are there really more cargo ships in the bay?","q674htyzyimmd0o1ah","increased shipping traffic","1772688003209"
"v1e34i6y99jmmd0o0we","are there really more cargo ships in the bay?","jtka150rrtgmmd0o1ai","empty ships indicate inefficiency","1772688003210"
"v1e34i6y99jmmd0o0we","are there really more cargo ships in the bay?","nfrq49sxq3pmmd0o1ai","no significant change","1772688003210"
"ntbg64il3wemmcwnzg4","How do individuals navigate the rental process in the East Bay without traditional documentation?","cs6k9u424hkmmcwnzlu","Networking with locals works","1772681282562"
"ntbg64il3wemmcwnzg4","How do individuals navigate the rental process in the East Bay without traditional documentation?","g327zi04o6kmmcwnzlu","Alternative references can be helpful","1772681282562"
"ntbg64il3wemmcwnzg4","How do individuals navigate the rental process in the East Bay without traditional documentation?","n4mbxyabowmmcwnzlv","Renting without a credit history is possible","1772681282563"
"z5jz4ep1wbmmcwezug","What are the best ramen spots in DC?","2h65ephtxocmmcwezzo","Daikaya has great broth","1772680863156"
"z5jz4ep1wbmmcwezug","What are the best ramen spots in DC?","5p22gcfvfxgmmcwezzo","Tonkatsu is overrated","1772680863156"
"z5jz4ep1wbmmcwezug","What are the best ramen spots in DC?","mb0m6fnxvelmmcwezzo","Ramen shops are too hyped up","1772680863156"
"mlvaur8rclmmctrun9","What are the potential implications of a murder mystery plot in a superhero series like 'Lanterns'?","5rcg1nqjqavmmctrusu","The combination of crime drama and superhero elements risks alienating fans","1772676424110"
"mlvaur8rclmmctrun9","What are the potential implications of a murder mystery plot in a superhero series like 'Lanterns'?","9z4opuipucammctrusu","The focus on a small-town setting could create unique narrative dynamics","1772676424110"
"mlvaur8rclmmctrun9","What are the potential implications of a murder mystery plot in a superhero series like 'Lanterns'?","tnqzvpaex3immctrusu","Murder mysteries undermine the traditional hero narrative","1772676424110"
"x8mghnjdqffmmcszkwz","What are the most polarizing foods people love or hate?","bcykx7h0b4bmmcszle8","Cilantro tastes like soap","1772675105552"
"x8mghnjdqffmmcszkwz","What are the most polarizing foods people love or hate?","d8ds5vjxo9cmmcszle8","Mushrooms add depth to dishes","1772675105552"
"x8mghnjdqffmmcszkwz","What are the most polarizing foods people love or hate?","maznysgtc6mmcszle8","Brussels sprouts are overrated","1772675105552"
"yi0v1tdsm3gmmcomn2x","Has anyone experienced unexpected outcomes from switching to a natural hygiene routine?","5wwmg0dumq7mmcomnh3","More expensive than expected","1772667783255"
"yi0v1tdsm3gmmcomn2x","Has anyone experienced unexpected outcomes from switching to a natural hygiene routine?","p6u1c4mjg6nmmcomnh3","Skin improved significantly","1772667783255"
"yi0v1tdsm3gmmcomn2x","Has anyone experienced unexpected outcomes from switching to a natural hygiene routine?","jhrli8m0o4smmcomnh4","Deodorants still ineffective","1772667783256"
"w5l7m8ad848mmcnzi8c","Considering moving into tech, any advice?","5vo251za1ptmmcnziof","Networking is crucial","1772666703951"
"w5l7m8ad848mmcnzi8c","Considering moving into tech, any advice?","fx9456wugmmcnziof","Burnout might be an advantage","1772666703951"
"w5l7m8ad848mmcnzi8c","Considering moving into tech, any advice?","shsq6xmr6smmcnziof","Job stability can be a myth","1772666703951"
"12objs0v9ctammcmrrcs","What are the best strategies for renting out a property for a short term?","k892ydhdjlfmmcmrriv","Professional management services are too expensive","1772664662551"
"12objs0v9ctammcmrrcs","What are the best strategies for renting out a property for a short term?","xbhp2hyeoikmmcmrriv","Short term rentals often bring in more cash","1772664662551"
"12objs0v9ctammcmrrcs","What are the best strategies for renting out a property for a short term?","ml1pzrky7dpmmcmrriw","Friends and family can create issues","1772664662552"
"dypx5i6ugfhmmcmhhpm","What does the removal of 'Tomb of the Dragon Emperor' from canon mean for the franchise?","8gbg5pg0chommcmhi56","A fresh start for character development","1772664183834"
"dypx5i6ugfhmmcmhhpm","What does the removal of 'Tomb of the Dragon Emperor' from canon mean for the franchise?","eey9kdahy2mmcmhi56","Confusion among the fanbase","1772664183834"
"dypx5i6ugfhmmcmhhpm","What does the removal of 'Tomb of the Dragon Emperor' from canon mean for the franchise?","l2ruhfdaqnommcmhi56","Nostalgia for the original films","1772664183834"
"en2tr2z994mmcm5ynl","What are the key elements that contribute to a film's success or failure?","2wlqyrzcuhemmcm5zch","Cohesive storytelling matters","1772663646257"
"en2tr2z994mmcm5ynl","What are the key elements that contribute to a film's success or failure?","aco9k7rxossmmcm5zci","Visual effects can overshadow plot","1772663646258"
"en2tr2z994mmcm5ynl","What are the key elements that contribute to a film's success or failure?","fhonrfyq8zdmmcm5zci","Strong character development is essential","1772663646258"
"tzevtvaeeqmmchrq85","Does music availability affect its value?","tqq4po77ceemmchrqea","Music should be easily accessible","1772656263010"
"tzevtvaeeqmmchrq85","Does music availability affect its value?","1xahnm7g6onmmchrqeb","Streaming ruins the experience","1772656263011"
"tzevtvaeeqmmchrq85","Does music availability affect its value?","tn0kr9ixj5mmchrqeb","Rare songs hold more appeal","1772656263011"
"jh0v7wp4u6immcdqexl","Are parasocial relationships genuine connections?","jnkhv3ncthmmcdqfc8","Emotional investment creates real feelings","1772649483560"
"jh0v7wp4u6immcdqexl","Are parasocial relationships genuine connections?","xucdyh0kf4smmcdqfc8","Imaginary bonds can provide comfort","1772649483560"
"jh0v7wp4u6immcdqexl","Are parasocial relationships genuine connections?","hea4h6furmsmmcdqfc9","Connections with streamers can be valid","1772649483561"
"vsogf28gt2mmmcc74bk","What factors contribute to a city's average walking speed?","9xiqozdylbpmmcc74g6","Public transportation affects pedestrian habits","1772646903366"
"vsogf28gt2mmmcc74bk","What factors contribute to a city's average walking speed?","irerrex5e38mmcc74g6","Cultural attitudes toward walking impact speed","1772646903366"
"vsogf28gt2mmmcc74bk","What factors contribute to a city's average walking speed?","qeqfzs0grsmmcc74g6","Urban planning plays a significant role","1772646903366"
"v2krztlb8lmmcb4j7d","What are must-see attractions for families visiting DC?","2e52te95mxlmmcb4jn2","Smithsonian museums","1772645103470"
"v2krztlb8lmmcb4j7d","What are must-see attractions for families visiting DC?","aoc059fibjummcb4jn3","Avoid the monuments","1772645103471"
"v2krztlb8lmmcb4j7d","What are must-see attractions for families visiting DC?","s6nchvcg5q8mmcb4jn3","Arlington Cemetery","1772645103471"
"9baymon8bdommcac9v8","what's the best way to get around dc with kids?","o184vzpgt1mmcaca19","walking is easier with kids","1772643784653"
"9baymon8bdommcac9v8","what's the best way to get around dc with kids?","t09hymfg8oqmmcaca19","metro can be a hassle","1772643784653"
"9baymon8bdommcac9v8","what's the best way to get around dc with kids?","akoh9lu2djammcaca1a","taxis are underrated","1772643784654"
"mn8ngcx50nsmmcaaz3y","what defines the current state of populism in U.S. politics?","23ouft5mup1mmcaazam","an embrace of divisive rhetoric","1772643724078"
"mn8ngcx50nsmmcaaz3y","what defines the current state of populism in U.S. politics?","jcc97ku199jmmcaazam","populism as a response to economic inequality","1772643724078"
"mn8ngcx50nsmmcaaz3y","what defines the current state of populism in U.S. politics?","oa6t0uhxqommcaazam","disregard for traditional political norms","1772643724078"
"jfd6mi7gydmmc88edq","Is Berhta 21+?","graj40con2bmmc88etw","Under 21 should not be allowed","1772640245012"
"jfd6mi7gydmmc88edq","Is Berhta 21+?","6zslpo8dz66mmc88etx","Berhta should have stricter age checks","1772640245013"
"jfd6mi7gydmmc88edq","Is Berhta 21+?","s59wconj1qimmc88etx","A sibling can enjoy without restrictions","1772640245013"
"95ncurueoc4mmc5imxb","What are the implications of Colbert's comments on political discourse?","11d0zo9kyynemmc5in8y","Hegseth deserves criticism","1772635683634"
"95ncurueoc4mmc5imxb","What are the implications of Colbert's comments on political discourse?","nqtrjhqu09mmc5in8z","Political satire needs more edge","1772635683635"
"95ncurueoc4mmc5imxb","What are the implications of Colbert's comments on political discourse?","tdw5y10mqvmmc5in8z","Colbert's humor often misses the mark","1772635683635"
"xf8ye8ijv5smmc51wlm","should apple juice be considered a soft drink","0coay7ssnfqnmmc51wyr","apple juice is a healthy beverage","1772634903075"
"xf8ye8ijv5smmc51wlm","should apple juice be considered a soft drink","8rjma90qdbkmmc51wyr","it’s just fruit water","1772634903075"
"xf8ye8ijv5smmc51wlm","should apple juice be considered a soft drink","qn2a7k7e1mammc51wyr","sugar content is too high","1772634903075"
"wbobd7gcdn8mmc4dhms","what does success mean to different people","8qfbzhlc5kummc4dhzf","success is subjective","1772633763915"
"wbobd7gcdn8mmc4dhms","what does success mean to different people","lgjq3tdyiabmmc4dhzg","success is a social construct","1772633763916"
"wbobd7gcdn8mmc4dhms","what does success mean to different people","mysy3bx7ishmmc4dhzg","failure is part of growth","1772633763916"
"hd2n0umosntmmc3qc0y","is operating an airbnb in dc illegal?","mkbg06j8318mmc3qccw","unregulated rentals drive up housing costs","1772632683536"
"hd2n0umosntmmc3qc0y","is operating an airbnb in dc illegal?","i13l0co5hmpmmc3qccx","most airbnbs comply with local laws","1772632683537"
"hd2n0umosntmmc3qc0y","is operating an airbnb in dc illegal?","wef49onx4blmmc3qccx","all short-term rentals should be banned","1772632683537"
"hd2n0umosntmmc3qc0y","is operating an airbnb in dc illegal?","revutpehjanmmc5sevs","DC passed a law making it illegal to operate for more than 90 days a calendar year","1772636139352"
"420nccvkxpxmmc0vg2e","how often do people actually wash their pillowcases in real life?","1482ai3ba3lpmmc0vgdk","once a week","1772627883176"
"420nccvkxpxmmc0vg2e","how often do people actually wash their pillowcases in real life?","3melprg6brmmmc0vgdl","whats the big deal?","1772627883177"
"420nccvkxpxmmc0vg2e","how often do people actually wash their pillowcases in real life?","m5hsq4fl9ebmmc0vgdl","every few days","1772627883177"
"peptb6hn31kmmbn9h1w","What other historical titles or claims have been rendered meaningless over time?","3gmg0s3fu1vmmbn9ha9","Claims to land rights","1772605022913"
"peptb6hn31kmmbn9h1w","What other historical titles or claims have been rendered meaningless over time?","bhbvjks235gmmbn9ha9","Noble titles should be abolished","1772605022913"
"peptb6hn31kmmbn9h1w","What other historical titles or claims have been rendered meaningless over time?","o4qksspxx9rmmbn9ha9","Titles can reflect power","1772605022913"
"h6a3n99tpajmmbl1rxj","Why do people not wash their coats","44q41dqpkqymmbl1sbh","Fashion statement","1772601304733"
"h6a3n99tpajmmbl1rxj","Why do people not wash their coats","5b77xt3n5mtmmbl1sbh","Coats retain warmth","1772601304733"
"h6a3n99tpajmmbl1rxj","Why do people not wash their coats","uj7z34inahmmbl1sbh","Laziness","1772601304733"
"5grb8sxaq7vmmbjxvw6","What are the potential implications of a runoff between Tony Gonzales and Brandon Herrera?","64yvcavkm7jmmbjxw6q","Gonzales faces backlash from constituents","1772599443506"
"5grb8sxaq7vmmbjxvw6","What are the potential implications of a runoff between Tony Gonzales and Brandon Herrera?","qgcbsmi9th8mmbjxw6r","Herrera might attract younger voters","1772599443507"
"5grb8sxaq7vmmbjxvw6","What are the potential implications of a runoff between Tony Gonzales and Brandon Herrera?","xov18gwx10jmmbjxw6r","Runoff elections often lead to lower turnout","1772599443507"
"qxp6afl75jrmmbhfv0j","What are the current trends in cybersecurity GRC jobs in Northern Virginia without requiring security clearance?","7j3u36786psmmbhfvg6","Networking events becoming crucial for job seekers","1772595243510"
"qxp6afl75jrmmbhfv0j","What are the current trends in cybersecurity GRC jobs in Northern Virginia without requiring security clearance?","b6cd320vznjmmbhfvg6","A growing focus on compliance over technical skills","1772595243510"
"qxp6afl75jrmmbhfv0j","What are the current trends in cybersecurity GRC jobs in Northern Virginia without requiring security clearance?","lrmzcyxvn9emmbhfvg6","A saturated job market with limited opportunities","1772595243510"
"hcs704rksammbgxw8x","What are the implications of a U.S. commander suggesting a divine mandate for military actions?","dwcu5rnszlkmmbgxwn1","A misunderstanding of faith","1772594405245"
"hcs704rksammbgxw8x","What are the implications of a U.S. commander suggesting a divine mandate for military actions?","s23yw2t5zmmmbgxwn1","A dangerous precedent","1772594405245"
"hcs704rksammbgxw8x","What are the implications of a U.S. commander suggesting a divine mandate for military actions?","pcemofqdmnkmmbgxwn2","A call for greater accountability in leadership","1772594405246"
"d4a4adug84bmmbfda78","is surveillance in public spaces an invasion of privacy or a necessary tool for safety","uo0r3a6s5cgmmbfdakx","totally fine with it","1772591763921"
"d4a4adug84bmmbfda78","is surveillance in public spaces an invasion of privacy or a necessary tool for safety","n9ls73br4rmmbfdaky","invasion of privacy","1772591763922"
"d4a4adug84bmmbfda78","is surveillance in public spaces an invasion of privacy or a necessary tool for safety","vas614ep6rnmmbfdaky","safety over privacy","1772591763922"
"oe2cuptb0ommbesozs","What are the key differences between toaster strudels and pop tarts that influence preference?","80r73ghemgkmmbespar","Toaster strudels are often more versatile","1772590803219"
"oe2cuptb0ommbesozs","What are the key differences between toaster strudels and pop tarts that influence preference?","x7dxqunu5hmmbespar","Toaster strudels are overrated","1772590803219"
"oe2cuptb0ommbesozs","What are the key differences between toaster strudels and pop tarts that influence preference?","zag5ya5qxuqmmbespar","Pop tarts have nostalgic value","1772590803219"
"g45ygx6jol6mmbdejnj","is the current state of u.s. cybersecurity agencies adequate to handle escalating threats?","7l39hknwto3mmbdek0a","lack of resources hampers effectiveness","1772588463562"
"g45ygx6jol6mmbdejnj","is the current state of u.s. cybersecurity agencies adequate to handle escalating threats?","fvb5znszuwmmbdek0a","overreliance on government is a mistake","1772588463562"
"g45ygx6jol6mmbdejnj","is the current state of u.s. cybersecurity agencies adequate to handle escalating threats?","h2msh5ca3tmmbdek0a","more funding is essential","1772588463562"
"sbrs1maf9kmmb6ujkw","Which Heard avatar do you want added?","16kzxw2ihhcmmb6ujr8","Rhinocerous","1772577452420"
"sbrs1maf9kmmb6ujkw","Which Heard avatar do you want added?","54jogwahsoemmb6ujr8","Koala","1772577452420"
"sbrs1maf9kmmb6ujkw","Which Heard avatar do you want added?","hb4nz2fwitimmb6ujr8","Lizard","1772577452420"
"sbrs1maf9kmmb6ujkw","Which Heard avatar do you want added?","td8v1s565lgmmb6ujr8","Panda","1772577452420"
"sbrs1maf9kmmb6ujkw","Which Heard avatar do you want added?","xh58r58n2hsmmb6ujr8","Sloth","1772577452420"
"sbrs1maf9kmmb6ujkw","Which Heard avatar do you want added?","vkep9k31cemmb9xkfh","Elephant","1772582632109"
"sbrs1maf9kmmb6ujkw","Which Heard avatar do you want added?","swbrpvaeblmmbc2cvz","Elephant and donkey avatars might be too on-the-nose?","1772586214847"
"sbrs1maf9kmmb6ujkw","Which Heard avatar do you want added?","sc6rogzi5fjmmcaaybc","Squirrel","1772643722808"
"sbrs1maf9kmmb6ujkw","Which Heard avatar do you want added?","d85kxp9ha7emmcabrth","Hyena","1772643761045"
"sbrs1maf9kmmb6ujkw","Which Heard avatar do you want added?","65a1d7s9kuummcac31j","Hedgehog","1772643775591"
"sbrs1maf9kmmb6ujkw","Which Heard avatar do you want added?","84wf3cjxu0wmmccpen3","Bufallo","1772647756383"
"sbrs1maf9kmmb6ujkw","Which Heard avatar do you want added?","stfoc3vtu3jmme7rxli","Bison","1772760408534"
"sbrs1maf9kmmb6ujkw","Which Heard avatar do you want added?","2bj7nd0frnrmmi0gl1g","Cat :3","1772989986436"
"sbrs1maf9kmmb6ujkw","Which Heard avatar do you want added?","f280zqhmsd9mmicw1rm","Penguin","1773010863346"
"6bkwmyauvpgmmb5icvi","What are the potential implications of the U.S. escorting oil tankers and offering insurance after the attacks from Iran?","8u0aa64fn17mmb5id9r","Economic strain on taxpayers.","1772575204527"
"6bkwmyauvpgmmb5icvi","What are the potential implications of the U.S. escorting oil tankers and offering insurance after the attacks from Iran?","gmdu7i3p95rmmb5id9r","Increased military presence.","1772575204527"
"6bkwmyauvpgmmb5icvi","What are the potential implications of the U.S. escorting oil tankers and offering insurance after the attacks from Iran?","r6rj9qy1z5mmb5id9r","Safety concerns for seafarers.","1772575204527"
"o4h1wtpjtmmmb4844g","What are the implications of celebrity actions on public perception?","20ri4g4vkdrmmb484fj","Celebrity actions often overshadow real issues","1772573046895"
"o4h1wtpjtmmmb4844g","What are the implications of celebrity actions on public perception?","g959jzuaz9fmmb484fj","Kissing feet can signify deeper dynamics","1772573046895"
"o4h1wtpjtmmmb4844g","What are the implications of celebrity actions on public perception?","uyc5s1tosypmmb484fj","Public backlash often lacks constructive dialogue","1772573046895"
"w4jg2a7x129mmb3d6tp","What does International Women's Day mean to different communities?","174vv5abptsmmb3d75v","A chance for unity and solidarity","1772571604099"
"w4jg2a7x129mmb3d6tp","What does International Women's Day mean to different communities?","ld27uysruqmmb3d75v","A day of protest","1772571604099"
"w4jg2a7x129mmb3d6tp","What does International Women's Day mean to different communities?","lzcs14kq72mmb3d75v","A commercialized event","1772571604099"
"7fjl17ya2ybmmb2iaxp","Is the focus on buying viewbots a reflection of the current state of content creation?","bzhr2hjrkaqmmb2ib3x","Buying viewbots undermines authenticity","1772570162877"
"7fjl17ya2ybmmb2iaxp","Is the focus on buying viewbots a reflection of the current state of content creation?","rv67q0ct1cmmb2ib3x","Quality content should be prioritized","1772570162877"
"7fjl17ya2ybmmb2iaxp","Is the focus on buying viewbots a reflection of the current state of content creation?","uem5u8uc2smmb2ib3x","Viewbots are a legitimate business strategy","1772570162877"
"36f0xhz9hnymmb1d5om","What implications arise from Megyn Kelly's comparison of Trump's adversary?","4odqykgq9vjmmb1d5tp","An overreaction to celebrity influence","1772568243133"
"36f0xhz9hnymmb1d5om","What implications arise from Megyn Kelly's comparison of Trump's adversary?","b555anmu4ommmb1d5tp","A surprising perspective on media bias","1772568243133"
"36f0xhz9hnymmb1d5om","What implications arise from Megyn Kelly's comparison of Trump's adversary?","nfstvssp4pfmmb1d5tp","A reflection of the political climate","1772568243133"
"8c3yngf14ckmmb0v53a","what are the implications of using taxpayer money for political advertising?","tjdc6d00lvlmmb0v5hm","waste of resources","1772567402890"
"8c3yngf14ckmmb0v53a","what are the implications of using taxpayer money for political advertising?","eg9ief2ow76mmb0v5hn","necessary for transparency","1772567402891"
"8c3yngf14ckmmb0v53a","what are the implications of using taxpayer money for political advertising?","gqvq5ygarummmb0v5hn","good strategy for public engagement","1772567402891"
"dae4csnz4xhmmb084g1","What implications does Justice Alito’s latest opinion have for the future of voting rights?","gotyx443iemmb084sx","A significant erosion of protections","1772566328913"
"dae4csnz4xhmmb084g1","What implications does Justice Alito’s latest opinion have for the future of voting rights?","cwm52ti70vnmmb084sy","A necessary realignment of judicial philosophy","1772566328914"
"dae4csnz4xhmmb084g1","What implications does Justice Alito’s latest opinion have for the future of voting rights?","z9hzqmie6pmmb084sy","A potential for increased voter engagement","1772566328914"
"mpcvrh1gzymmay99n4","what are some unexpected consequences of censorship in children's media?","m6jizfd9umgmmay9a0r","censorship fosters creativity","1772563023099"
"mpcvrh1gzymmay99n4","what are some unexpected consequences of censorship in children's media?","vz05idvuzkmmay9a0r","overreaction to content","1772563023099"
"mpcvrh1gzymmay99n4","what are some unexpected consequences of censorship in children's media?","e0cu43f0ejwmmay9a0s","most kids won’t even notice","1772563023100"
"kkn7t923zimmatonu6","is the assumption about MAGA-Trump voters’ choices a fair characterization of their values?","0y3x3b4eds1ommatonzc","the scenario is unrealistic","1772555342952"
"kkn7t923zimmatonu6","is the assumption about MAGA-Trump voters’ choices a fair characterization of their values?","duoapqsjwommatonzc","money over lives","1772555342952"
"kkn7t923zimmatonu6","is the assumption about MAGA-Trump voters’ choices a fair characterization of their values?","mfksfm0hpmhmmatonzc","many voters prioritize their own interests","1772555342952"
"xuywu2cinahmmap5djg","what constitutes a coherent political ideology?","algpgvl3x9gmmap5dwp","MAGA is just a reactionary movement","1772547724969"
"xuywu2cinahmmap5djg","what constitutes a coherent political ideology?","q7vfxvcpqsmmap5dwp","Coherent ideologies can evolve over time","1772547724969"
"xuywu2cinahmmap5djg","what constitutes a coherent political ideology?","xlm1fayt78mmap5dwp","MAGA reflects a tribal loyalty over principles","1772547724969"
"fgyalolh51mmajfl45","What are the potential implications of rising oil supertanker rates and geopolitical tensions in the Strait of Hormuz?","7l7c072k3kemmajflfb","Increased global inflation","1772538123575"
"fgyalolh51mmajfl45","What are the potential implications of rising oil supertanker rates and geopolitical tensions in the Strait of Hormuz?","8atp8dhjirkmmajflfb","Reliance on alternative energy sources","1772538123575"
"fgyalolh51mmajfl45","What are the potential implications of rising oil supertanker rates and geopolitical tensions in the Strait of Hormuz?","x2nrrx6w7dmmajflfc","No significant impact on U.S. politics","1772538123576"
"d3yiapggg6wmma97s9k","What are some effective deodorants for sensitive skin?","aq5jkmuop1amma97snx","Natural options are often gentler","1772520963549"
"d3yiapggg6wmma97s9k","What are some effective deodorants for sensitive skin?","4c4roh3cml5mma97sny","Aluminum-free formulas work better","1772520963550"
"d3yiapggg6wmma97s9k","What are some effective deodorants for sensitive skin?","xaj3hldqe9mma97sny","Stick to fragrance-free products","1772520963550"
"5ylbnlska8wmma4blud","What constitutes the ideal balance of flakiness and chewiness in a croissant?","02h3hptdkb6qmma4bm70","Too much flakiness","1772512743708"
"5ylbnlska8wmma4blud","What constitutes the ideal balance of flakiness and chewiness in a croissant?","3kxyscrbxe6mma4bm70","Croissants should be a little chewy","1772512743708"
"5ylbnlska8wmma4blud","What constitutes the ideal balance of flakiness and chewiness in a croissant?","9aosc2sg8xomma4bm70","Flakiness is overrated","1772512743708"
"zgan8bil16mma2saln","What is the most interesting fact about animals that has surprised you?","2xv0u5k0zewmma2saqg","Certain lizards can regrow their tails","1772510162776"
"zgan8bil16mma2saln","What is the most interesting fact about animals that has surprised you?","cerd1j6xcwqmma2saqg","Cats have more bones than humans","1772510162776"
"zgan8bil16mma2saln","What is the most interesting fact about animals that has surprised you?","p2h99gn8owcmma2saqg","Most dogs can't swim naturally","1772510162776"
"akjq6t44premma0rwfh","Should the DC Metro run 24/7 like NYC to support nightlife and shift workers?","rt83r911dvmma0rwmz","The DC Metro needs to run 24/7.","1772506785275"
"akjq6t44premma0rwfh","Should the DC Metro run 24/7 like NYC to support nightlife and shift workers?","wym39zrfzafmma0rwmz","Running 24/7 would support nightlife.","1772506785275"
"akjq6t44premma0rwfh","Should the DC Metro run 24/7 like NYC to support nightlife and shift workers?","y162u5385tmma0rwmz","Running 24/7 would support shift workers.","1772506785275"
"jdq6441h7omma0lvh1","What are the implications of high-stakes negotiations in AI technology regulations?","1x53cdr6h6kjmma0lvvq","A lack of regulation harms innovation","1772506504358"
"jdq6441h7omma0lvh1","What are the implications of high-stakes negotiations in AI technology regulations?","hhdqize3toimma0lvvq","Transparency fosters public trust","1772506504358"
"jdq6441h7omma0lvh1","What are the implications of high-stakes negotiations in AI technology regulations?","helnfxidodemma0lvvr","AI technology should remain unregulated","1772506504359"
"20gqwa3yjz5mm9utj44","What implications does the passage of the affordable broadband law in New Mexico have for other states?","gl4hcollaw6mm9utjfp","A potential overreach of government","1772496783781"
"20gqwa3yjz5mm9utj44","What implications does the passage of the affordable broadband law in New Mexico have for other states?","o5z4o2b4iesmm9utjfp","Increased access to essential services","1772496783781"
"20gqwa3yjz5mm9utj44","What implications does the passage of the affordable broadband law in New Mexico have for other states?","1osi92w67fnmm9utjfq","Long-term economic growth benefits","1772496783782"
"6d03cqrrdssmm9t8xt1","What does this incident say about celebrity culture?","48f7l4zq65jmm9t8xws","Fascination with celebrity lives","1772494143148"
"6d03cqrrdssmm9t8xt1","What does this incident say about celebrity culture?","8fx7bc13dgvmm9t8xws","This is a publicity stunt","1772494143148"
"6d03cqrrdssmm9t8xt1","What does this incident say about celebrity culture?","7w4qwf7a1tnmm9t8xwt","Unnecessary invasion of privacy","1772494143149"
"tmvwkqnmpvmm9t6de9","When should the Apple Store on Mass Ave be demolished?","f7gjypxa1emm9t6dp9","A straight road is better","1772494023645"
"tmvwkqnmpvmm9t6de9","When should the Apple Store on Mass Ave be demolished?","jca19w4po9mm9t6dp9","Traffic flow is overrated","1772494023645"
"tmvwkqnmpvmm9t6de9","When should the Apple Store on Mass Ave be demolished?","wzb4tzdng6mm9t6dp9","Apple Stores are important for the community","1772494023645"
"x5aek2qoqwmm9qqwsb","How often should a toothbrush be replaced?","xeh64drab6mm9qqx20","Every month","1772489943000"
"x5aek2qoqwmm9qqwsb","How often should a toothbrush be replaced?","6gesimsn25jmm9qqx21","Every few weeks","1772489943001"
"x5aek2qoqwmm9qqwsb","How often should a toothbrush be replaced?","yi4flb63vbsmm9qqx21","Every six months","1772489943001"
"icjnoglyljimm9oqwqq","Any offline stores to try Artipoppe baby carriers in DMV?","3k25w951tm9mm9oqx22","Unique boutique options","1772486583770"
"icjnoglyljimm9oqwqq","Any offline stores to try Artipoppe baby carriers in DMV?","adpsh8xpnrpmm9oqx22","Limited availability in stores","1772486583770"
"icjnoglyljimm9oqwqq","Any offline stores to try Artipoppe baby carriers in DMV?","mhx49vtm9prmm9oqx22","Online shopping preferred","1772486583770"
"x8gumwuvb6cmm9jxafu","What makes a song truly memorable?","k165nfvwnugmm9jxar0","Catchy hooks","1772478483372"
"x8gumwuvb6cmm9jxafu","What makes a song truly memorable?","ys3eteifa5omm9jxar0","Deep lyrics","1772478483372"
"x8gumwuvb6cmm9jxafu","What makes a song truly memorable?","wkkvjhxmmbmm9jxar1","Overproduced beats","1772478483373"
"8k8pj1w49vkmm9fbege","What are the implications of NYC students receiving 130 fewer class hours compared to their peers nationwide?","538dntau4d6mm9fber1","Less class time promotes self-directed learning","1772470743661"
"8k8pj1w49vkmm9fbege","What are the implications of NYC students receiving 130 fewer class hours compared to their peers nationwide?","a5pib9l3st5mm9fber1","Resource allocation drives educational disparities","1772470743661"
"8k8pj1w49vkmm9fbege","What are the implications of NYC students receiving 130 fewer class hours compared to their peers nationwide?","mscs4fn81tmm9fber1","Classroom time matters for student engagement","1772470743661"
"kkv66g2lgwmm9dlojx","What were some of the most memorable experiences or changes in NYC from 1995 to 2005?","r3ctj4z2t6imm9dlovk","The rise of the hipster culture","1772467864112"
"kkv66g2lgwmm9dlojx","What were some of the most memorable experiences or changes in NYC from 1995 to 2005?","a93es982t27mm9dlovl","The subway system was way better back then","1772467864113"
"kkv66g2lgwmm9dlojx","What were some of the most memorable experiences or changes in NYC from 1995 to 2005?","snc6gwd8ixrmm9dlovl","Gentrification ruined neighborhoods","1772467864113"
"g18su9r3cxvmm9btdlb","How can one effectively initiate a personal transformation in appearance and style?","0snbm6jqsx18mm9btdw6","New hair color can make a big difference","1772464863894"
"g18su9r3cxvmm9btdlb","How can one effectively initiate a personal transformation in appearance and style?","hb95rtof8fjmm9btdw6","Comfort over trends","1772464863894"
"g18su9r3cxvmm9btdlb","How can one effectively initiate a personal transformation in appearance and style?","xgr7qk0y8usmm9btdw6","Embracing natural features is key","1772464863894"
"vyjnjwf1ujmm9b4yv1","What are some unconventional food or drink combinations that people find surprisingly enjoyable?","920brcvy03kmm9b4zdr","Tuna water adds depth to recipes","1772463725343"
"vyjnjwf1ujmm9b4yv1","What are some unconventional food or drink combinations that people find surprisingly enjoyable?","00ufppns8ud7lmm9b4zds","Olive brine is just salty","1772463725344"
"vyjnjwf1ujmm9b4yv1","What are some unconventional food or drink combinations that people find surprisingly enjoyable?","un3zuno5gnhmm9b4zds","Drinking pickle juice is gross","1772463725344"
"p8z10la204kmm8nhlmx","What are the most important issues facing Brooklyn voters in the upcoming election?","kbmkbomjjqmm8nhm0s","Transportation is often overlooked","1772424003772"
"p8z10la204kmm8nhlmx","What are the most important issues facing Brooklyn voters in the upcoming election?","mgrs7aoq6ahmm8nhm0s","Affordable housing is crucial","1772424003772"
"p8z10la204kmm8nhlmx","What are the most important issues facing Brooklyn voters in the upcoming election?","pqfbvfxnuemm8nhm0s","Local leadership lacks vision","1772424003772"
"bf8c1ksimsjmm8lvq3q","What does the idea of being at the ""half point"" of a career mean for an actor's legacy?","912a9phn105mm8lvqlz","A mid-career reflection shows growth","1772421303671"
"bf8c1ksimsjmm8lvq3q","What does the idea of being at the ""half point"" of a career mean for an actor's legacy?","piz7bcnvussmm8lvqm0","A limiting mindset prevents new opportunities","1772421303672"
"bf8c1ksimsjmm8lvq3q","What does the idea of being at the ""half point"" of a career mean for an actor's legacy?","zwsawvupxdamm8lvqm0","A milestone worth celebrating and acknowledging","1772421303672"
"tlahpfvjblkmm8lgc6g","What impact does the changing landscape of local breweries have on the community?","6ztqctfti17mm8lgcoq","Brewery closings are overhyped and irrelevant","1772420585786"
"tlahpfvjblkmm8lgc6g","What impact does the changing landscape of local breweries have on the community?","8mn6ji2v8cgmm8lgcoq","Local breweries foster community connection","1772420585786"
"tlahpfvjblkmm8lgc6g","What impact does the changing landscape of local breweries have on the community?","s38po3m62gmm8lgcoq","Trends lead to more pretentious beer options","1772420585786"
"igi8p4vvn5mm8hwyuz","is genetics the ultimate limit to personal achievement?","9l2unptr84vmm8hwz7g","genetics as an excuse","1772414643004"
"igi8p4vvn5mm8hwyuz","is genetics the ultimate limit to personal achievement?","cggai9b7prfmm8hwz7g","hard work trumps genetics","1772414643004"
"igi8p4vvn5mm8hwyuz","is genetics the ultimate limit to personal achievement?","ygwigqcfl5mm8hwz7g","self-improvement can break ceilings","1772414643004"
"igi8p4vvn5mm8hwyuz","is genetics the ultimate limit to personal achievement?","5anejiay0lsmm8owppb","almost every other aspect of a person is more important than genetics for achieving success","1772426387999"
"cw6zhczewldmm8fduhz","What implications arise from the betting market's response to potential military actions?","0ilzp0hb7m47mm8fdus9","An alarming trend in risk assessment","1772410391577"
"cw6zhczewldmm8fduhz","What implications arise from the betting market's response to potential military actions?","o6a6gukwttmm8fdus9","Widespread desensitization to violence","1772410391577"
"cw6zhczewldmm8fduhz","What implications arise from the betting market's response to potential military actions?","wrfnfwhu31nmm8fdus9","A reflection of public sentiment","1772410391577"
"0dsdvtfp3rromm8bhhvy","What interesting facts do people know about names and their meanings?","6c5f92x1gz5mm8bhihc","Some names carry heavy cultural weight","1772403843792"
"0dsdvtfp3rromm8bhhvy","What interesting facts do people know about names and their meanings?","qowdf1k5ngmm8bhihc","Unique names can lead to misunderstandings","1772403843792"
"0dsdvtfp3rromm8bhhvy","What interesting facts do people know about names and their meanings?","vfb3pnx62lmm8bhihc","Names can shape perceptions","1772403843792"
"p726jvzz10qmm7yioqg","how can families connect with each other in a new neighborhood?","ia8damizliemm7yioxz","community centers","1772382063815"
"p726jvzz10qmm7yioqg","how can families connect with each other in a new neighborhood?","xi7ofnc50bmm7yioxz","school events","1772382063815"
"p726jvzz10qmm7yioqg","how can families connect with each other in a new neighborhood?","zsaruizy3vmm7yioxz","online groups","1772382063815"
"ewf33dbtutmm7vrnmk","What are some iconic movie quotes that still get used in everyday life?","sy671da65qmm7vro3d","""Life is like a box of chocolates""","1772377443769"
"ewf33dbtutmm7vrnmk","What are some iconic movie quotes that still get used in everyday life?","cg0ai2c4busmm7vro3e","""Nobody puts Baby in a corner""","1772377443770"
"ewf33dbtutmm7vrnmk","What are some iconic movie quotes that still get used in everyday life?","ma8ybc2vjamm7vro3e","""You're gonna need a bigger boat""","1772377443770"
"pjaxtca5kbmm7u37e6","Where is the best place to buy oriental rugs in NoVA?","5gu3jn8d4cmm7u37pb","Local boutiques with unique selections","1772374623167"
"pjaxtca5kbmm7u37e6","Where is the best place to buy oriental rugs in NoVA?","pznkyv6w87mm7u37pc","Online marketplaces for wider variety","1772374623168"
"pjaxtca5kbmm7u37e6","Where is the best place to buy oriental rugs in NoVA?","qywgaywbx8rmm7u37pc","Estate sales are overrated","1772374623168"
"n3x1ig6dozmm7s0lx9","What are the implications of US-Israeli strikes on Iran and Tehran's reactions?","5byu3x3fyhnmm7s0meb","Escalation of tensions","1772371143011"
"n3x1ig6dozmm7s0lx9","What are the implications of US-Israeli strikes on Iran and Tehran's reactions?","hoth0yym6tvmm7s0meb","Iran's retaliation is inevitable","1772371143011"
"n3x1ig6dozmm7s0lx9","What are the implications of US-Israeli strikes on Iran and Tehran's reactions?","s3l73dv0iojmm7s0meb","Strikes might deter future aggressions","1772371143011"
"av930kuhindmm7asrcm","What has changed in advertising that affects engagement and perception?","0akvw841gn7mm7asrmu","More memorable experiences","1772342223078"
"av930kuhindmm7asrcm","What has changed in advertising that affects engagement and perception?","c75rtyr4ooumm7asrmv","Nostalgia for simplicity","1772342223079"
"av930kuhindmm7asrcm","What has changed in advertising that affects engagement and perception?","y5bgmko875mm7asrmv","Ads nowadays lack creativity","1772342223079"
"ntesukf2hm8mm79q6ba","Who benefits from Trump’s war in Iran?","53px6ug334bmm79q6la","Military contractors profit.","1772340422878"
"ntesukf2hm8mm79q6ba","Who benefits from Trump’s war in Iran?","6dp522dmu8jmm79q6la","Political distraction for Trump.","1772340422878"
"ntesukf2hm8mm79q6ba","Who benefits from Trump’s war in Iran?","rsur9r01qnmm79q6lb","Middle East stability is overrated.","1772340422879"
"ynu6hhojc4fmm791r7m","What are the implications of police presence in neighborhoods during incidents like this?","k2xargysw7smm791rjv","Over-policing creates distrust","1772339283643"
"ynu6hhojc4fmm791r7m","What are the implications of police presence in neighborhoods during incidents like this?","pnecpj5n75lmm791rjv","Necessary for public safety","1772339283643"
"ynu6hhojc4fmm791r7m","What are the implications of police presence in neighborhoods during incidents like this?","ul7i1v5knnmm791rjv","Increased fear in the community","1772339283643"
"y9os509r03pmm74ouiz","What are the most important factors to consider when choosing a moving and storage company?","49s9jo1fk1fmm74outs","Price should not be the only factor","1772331962896"
"y9os509r03pmm74ouiz","What are the most important factors to consider when choosing a moving and storage company?","ex5egkdv9emm74outs","Flexibility with scheduling is crucial","1772331962896"
"y9os509r03pmm74ouiz","What are the most important factors to consider when choosing a moving and storage company?","j9blxufhgohmm74outs","Reputation matters","1772331962896"
"tf7q3ytbphmm73fug5","how does one effectively cope with the urge to escape when trying to quit a habit?","t32aputo5wmm73funx","finding fulfillment outside of substances","1772329863165"
"tf7q3ytbphmm73fug5","how does one effectively cope with the urge to escape when trying to quit a habit?","9bj3v5q09nomm73funy","embracing discomfort as growth","1772329863166"
"tf7q3ytbphmm73fug5","how does one effectively cope with the urge to escape when trying to quit a habit?","lmvg5ektr4qmm73funy","just accept the addiction and move on","1772329863166"
"jzlwk3p0nwmm736ue3","What are the potential impacts of protests against war in Washington DC?","aa767u3k56hmm736uq6","Social movements influence public opinion","1772329443342"
"jzlwk3p0nwmm736ue3","What are the potential impacts of protests against war in Washington DC?","6hk1hd8y9jymm736uq7","Protests create division among communities","1772329443343"
"jzlwk3p0nwmm736ue3","What are the potential impacts of protests against war in Washington DC?","addq64bw2mmm736uq7","Peaceful demonstrations can foster dialogue","1772329443343"
"5bxrth2q7avmm6y1oh8","Why do individuals in the public eye often feel unprotected during their formative years?","8zjnvx19okbmm6y1ozq","Lack of accountability from the industry","1772320804550"
"5bxrth2q7avmm6y1oh8","Why do individuals in the public eye often feel unprotected during their formative years?","dpytmf5tdb5mm6y1ozq","Parental neglect and societal pressures","1772320804550"
"5bxrth2q7avmm6y1oh8","Why do individuals in the public eye often feel unprotected during their formative years?","xr89mt0pgmlmm6y1ozq","Overshadowed by fame and fortune","1772320804550"
"sfyeotouidmm6xh3dj","What are the implications of having countries act as protecting powers for each other?","wxbdqlx58ymm6xh3jh","A loss of direct communication","1772319843629"
"sfyeotouidmm6xh3dj","What are the implications of having countries act as protecting powers for each other?","tne4jlpqnbmm6xh3jh","An opportunity for backchannel diplomacy","1772319843629"
"sfyeotouidmm6xh3dj","What are the implications of having countries act as protecting powers for each other?","nidg1q06v2pmm6xh3ji","Increased misunderstandings between nations","1772319843630"
"m6gwhibuoaemm6x47sv","what's the most surprising aspect of noVA weather lately?","dgdnnu2efkmm6x484w","snow in april shouldn't happen","1772319243056"
"m6gwhibuoaemm6x47sv","what's the most surprising aspect of noVA weather lately?","ym52b0dvc5mm6x484w","crazy temperature swings","1772319243056"
"m6gwhibuoaemm6x47sv","what's the most surprising aspect of noVA weather lately?","dcx273zcsxpmm6x484x","people love to complain about it","1772319243057"
"a123w6rsijrmm6v9cov","What is the best way to express unreciprocated feelings to a friend?","alm4981xufmm6v9dp8","Telling her in person","1772316124316"
"a123w6rsijrmm6v9cov","What is the best way to express unreciprocated feelings to a friend?","gae55wu5c7tmm6v9dp8","Letter writing","1772316124316"
"a123w6rsijrmm6v9cov","What is the best way to express unreciprocated feelings to a friend?","j0t6xj02wmm6v9dp8","Not saying anything at all","1772316124316"
"e25banz6wzhmm6s1mio","What are the implications of meme culture on music perception?","0qr0pf41tiskmm6s1mpx","Meme culture dilutes the original message of songs","1772310723909"
"e25banz6wzhmm6s1mio","What are the implications of meme culture on music perception?","ku459inpzvomm6s1mpx","Not all memes contribute positively to artistic integrity","1772310723909"
"e25banz6wzhmm6s1mio","What are the implications of meme culture on music perception?","s92wczhj0ocmm6s1mpx","Memes enhance the visibility of lesser-known tracks","1772310723909"
"h9txifaiepwmm6rfrtw","What are some unique travel options for families during the holiday season?","0mb5ln3qsqiamm6rfsdl","Avoiding popular destinations","1772309704809"
"h9txifaiepwmm6rfrtw","What are some unique travel options for families during the holiday season?","7yxst8nixktmm6rfsdl","Road tripping to national parks","1772309704809"
"h9txifaiepwmm6rfrtw","What are some unique travel options for families during the holiday season?","9s84kw7mf7lmm6rfsdl","Staycations in local resorts","1772309704809"
"km98690qsrdmm6lxpc0","What are the implications of the ""Cancel ChatGPT"" movement on the future of AI development?","r7kaq6ywxxmm6lxpln","Increased scrutiny on AI companies","1772300463323"
"km98690qsrdmm6lxpc0","What are the implications of the ""Cancel ChatGPT"" movement on the future of AI development?","xqw2tzyz38mmm6lxpln","A misunderstanding of AI's potential","1772300463323"
"km98690qsrdmm6lxpc0","What are the implications of the ""Cancel ChatGPT"" movement on the future of AI development?","e7lnj059vzbmm6lxplo","Necessary for responsible innovation","1772300463324"
"35o5pe969pymm6kweg4","How does sibling rivalry impact creative collaboration?","26rfpnbbrvwmm6kweld","Creativity thrives on tension","1772298722785"
"35o5pe969pymm6kweg4","How does sibling rivalry impact creative collaboration?","52iwqqay0omm6kweld","Sibling dynamics often complicate projects","1772298722785"
"35o5pe969pymm6kweg4","How does sibling rivalry impact creative collaboration?","bmguyf8ll5tmm6kweld","Healthy competition fuels artistic growth","1772298722785"
"279b57d649dmm6ktukf","What are the potential impacts of offering bonus payments for speedy drug reviews?","1uxt8h67orwmm6ktuxf","Quality of reviews may suffer","1772298603987"
"279b57d649dmm6ktukf","What are the potential impacts of offering bonus payments for speedy drug reviews?","r49vdf7m1lfmm6ktuxf","Increased pressure on staff","1772298603987"
"279b57d649dmm6ktukf","What are the potential impacts of offering bonus payments for speedy drug reviews?","wcsjc4ypeumm6ktuxf","Motivation for faster approvals","1772298603987"
"pqou2l9ppumm6bbrhs","What are the potential implications of military action in Iran for U.S. foreign policy and international relations?","md86dgq1nwmm6bbs32","A necessary step for U.S. credibility","1772282643950"
"pqou2l9ppumm6bbrhs","What are the potential implications of military action in Iran for U.S. foreign policy and international relations?","smopphqm67amm6bbs32","Justifiable pre-emption of threats","1772282643950"
"pqou2l9ppumm6bbrhs","What are the potential implications of military action in Iran for U.S. foreign policy and international relations?","zofcs1wjmvkmm6bbs32","Escalation of regional tensions","1772282643950"
"mdn75dlrm6omm5ytnsa","Do commercial pop songs lack artistic value?","vaokd681qnmmm5ytoan","Ariana Grande has catchy hooks","1772261643839"
"mdn75dlrm6omm5ytnsa","Do commercial pop songs lack artistic value?","85cfpyw42qjmm5ytoao","Commercial pop stands out for a reason","1772261643840"
"mdn75dlrm6omm5ytnsa","Do commercial pop songs lack artistic value?","zsv7cg987wmm5ytoao","Background music has its own charm","1772261643840"
"bdk5i87zg4lmm5u573v","What does this incident say about academic freedom in museums?","st6zy5evca8mm5u57nz","Security overreach","1772253784079"
"bdk5i87zg4lmm5u573v","What does this incident say about academic freedom in museums?","4zzw808ie64mm5u57o0","Museums should be places for debate","1772253784080"
"bdk5i87zg4lmm5u573v","What does this incident say about academic freedom in museums?","lf8591q39umm5u57o0","Professors need to choose their battles","1772253784080"
"p68fbi4r5cgmm5ti1hu","what does the circle of life mean to different cultures","ihl3qned94dmm5ti1y0","the concept of life cycles is overrated","1772252703576"
"p68fbi4r5cgmm5ti1hu","what does the circle of life mean to different cultures","rbuo6znjscmm5ti1y0","life is just a series of coincidences","1772252703576"
"p68fbi4r5cgmm5ti1hu","what does the circle of life mean to different cultures","uvtdn04ancmm5ti1y0","the circle of life symbolizes unity","1772252703576"
"r0k11e8wi2mm5rbl7x","Was the charge for the olive oil unreasonable?","fzovxtkwu3pmm5rblii","A small amount of oil shouldn't cost much","1772249043114"
"r0k11e8wi2mm5rbl7x","Was the charge for the olive oil unreasonable?","kl6ywirjynlmm5rblii","Inflation affects all food prices","1772249043114"
"r0k11e8wi2mm5rbl7x","Was the charge for the olive oil unreasonable?","rwswy3cv58mm5rblii","Two dollars is standard pricing","1772249043114"
"4x1jtekupbamm5pyqr8","how does the duality of technology as both a threat and a necessity influence public perception?","clnzglozdofmm5pyrdy","essential for advancement","1772246764582"
"4x1jtekupbamm5pyqr8","how does the duality of technology as both a threat and a necessity influence public perception?","yhiehr7tv1mm5pyrdy","threat to free will","1772246764582"
"4x1jtekupbamm5pyqr8","how does the duality of technology as both a threat and a necessity influence public perception?","pp7xyjrw9mm5pyrdz","overblown fear of consequences","1772246764583"
"i4nx8cecj8mmm5jpocw","What are the best activities for families in the Bay Area during the weekend?","d163t68iqfmm5jpooq","Theme parks","1772236263482"
"i4nx8cecj8mmm5jpocw","What are the best activities for families in the Bay Area during the weekend?","dlmtl1fs32bmm5jpooq","Cultural exhibits","1772236263482"
"i4nx8cecj8mmm5jpocw","What are the best activities for families in the Bay Area during the weekend?","heqcttnhuibmm5jpooq","Outdoor adventures","1772236263482"
"ep6g6v2nmalmm5ilti3","What are the potential risks of spreading warts from one part of the body to another?","qt49yf4n4kkmm5iltul","Increased risk with skin-to-skin contact","1772234403933"
"ep6g6v2nmalmm5ilti3","What are the potential risks of spreading warts from one part of the body to another?","e117hwmjkkrmm5iltum","Warts do not spread easily","1772234403934"
"ep6g6v2nmalmm5ilti3","What are the potential risks of spreading warts from one part of the body to another?","ynus9017f7mm5iltum","Avoiding touching the wart is crucial","1772234403934"
"ilpvwkjacokmm5ge2uh","what are the implications of using authoritarian tactics in politics?","ccfckpte8igmm5ge3a3","a dangerous precedent","1772230683675"
"ilpvwkjacokmm5ge2uh","what are the implications of using authoritarian tactics in politics?","oivb9vu1onqmm5ge3a3","a necessary evil","1772230683675"
"ilpvwkjacokmm5ge2uh","what are the implications of using authoritarian tactics in politics?","bquc8w36i5mm5ge3a4","distraction from real issues","1772230683676"
"68zm1hslgcmm5agm92","What are the most significant jazz albums recorded on February 27?","6h9vvdz4ipqmm5agmdt","Kind of overrated","1772220724049"
"68zm1hslgcmm5agm92","What are the most significant jazz albums recorded on February 27?","bj3pygsz5j5mm5agmdt","Lack of emotional depth","1772220724049"
"68zm1hslgcmm5agm92","What are the most significant jazz albums recorded on February 27?","to7215k2bimm5agmdt","Innovative instrumentation","1772220724049"
"nk0hovaefrmm4crv96","What are the long-term effects of poor dental hygiene in childhood?","52ph8sjgb39mm4crvjn","Social stigma around dental issues.","1772164142195"
"nk0hovaefrmm4crv96","What are the long-term effects of poor dental hygiene in childhood?","0tgkbb11x15gmm4crvjo","Overcoming embarrassment is key.","1772164142196"
"nk0hovaefrmm4crv96","What are the long-term effects of poor dental hygiene in childhood?","94b1ch7ff4mm4crvjo","Not all dental problems are fixable.","1772164142196"
"zk6p7s8mvujmm4cgc29","What are the most significant factors that influence a person's approach to dental care?","liq0juoq1ogmm4cgcnj","Poor education on oral hygiene","1772163604495"
"zk6p7s8mvujmm4cgc29","What are the most significant factors that influence a person's approach to dental care?","pdfpq5n7xosmm4cgcnj","Self-discipline can vary","1772163604495"
"zk6p7s8mvujmm4cgc29","What are the most significant factors that influence a person's approach to dental care?","x9a3m1ip8h8mm4cgcnj","Access to dental care is crucial","1772163604495"
"3zff3ivvev9mm4apbb3","what types of cuisine rly suit celebratory dinners?","3yr55uwbiu3mm4apbki","casual vibes work best","1772160663762"
"3zff3ivvev9mm4apbb3","what types of cuisine rly suit celebratory dinners?","bdrk88f501dmm4apbki","ethnic food can miss the mark","1772160663762"
"3zff3ivvev9mm4apbb3","what types of cuisine rly suit celebratory dinners?","p3guybm1i5mm4apbki","variety is key","1772160663762"
"q0r66ga3zemm49gaqx","best asian food near tyson's for a small group what rly makes a place good for sharing food","18uoz8khocwmm49gb2y","family style dishes","1772158563610"
"q0r66ga3zemm49gaqx","best asian food near tyson's for a small group what rly makes a place good for sharing food","1j1uyu49icjmm49gb2z","casual vibes matter","1772158563611"
"q0r66ga3zemm49gaqx","best asian food near tyson's for a small group what rly makes a place good for sharing food","vfvliwir96rmm49gb2z","small plates r overrated","1772158563611"
"bn5ftdcoe0umm47s4sb","What makes a track truly memorable in the witch house genre?","062dt0h5cpzqmm47s58w","Lack of vocals can enhance immersion","1772155756688"
"bn5ftdcoe0umm47s4sb","What makes a track truly memorable in the witch house genre?","k6subam055mm47s58w","Atmosphere over melody","1772155756688"
"bn5ftdcoe0umm47s4sb","What makes a track truly memorable in the witch house genre?","l5z98lg5aumm47s58w","Too repetitive for mainstream taste","1772155756688"
"bbycnkwfgzmm450tiq","What are the potential impacts of converting the office complex into townhomes?","zgg810914timm450tt0","Increased housing supply.","1772151122916"
"bbycnkwfgzmm450tiq","What are the potential impacts of converting the office complex into townhomes?","qd4i6x4actmm450tt1","Loss of business space.","1772151122917"
"bbycnkwfgzmm450tiq","What are the potential impacts of converting the office complex into townhomes?","vyp9tr5x2yomm450tt1","Traffic congestion worsens.","1772151122917"
"jk0q4mbvevimm3yqhky","Why do county employees seem to lack accountability in their roles?","tfrswfynb2nmm3yqhvw","Incompetence should not be tolerated","1772140563212"
"jk0q4mbvevimm3yqhky","Why do county employees seem to lack accountability in their roles?","9b3wncwpxh9mm3yqhvx","Accountability varies by individual","1772140563213"
"jk0q4mbvevimm3yqhky","Why do county employees seem to lack accountability in their roles?","xuonka134temm3yqhvx","Some cases require more compassion","1772140563213"
"gq2z6ou50wmm3y9ro0","what impact does having a fourth color receptor have on an artist's work","03h6uw4a3exgmm3y9rsg","more color options","1772139782896"
"gq2z6ou50wmm3y9ro0","what impact does having a fourth color receptor have on an artist's work","9eew8v35sugmm3y9rsg","not worth the hype","1772139782896"
"gq2z6ou50wmm3y9ro0","what impact does having a fourth color receptor have on an artist's work","wog9f9yz8wlmm3y9rsh","enhanced creativity","1772139782897"
"t6nckn8hbimm3xvmtg","What impact do individual actions have on broader political decisions?","taxwe3c7y8mm3xvn5f","Grassroots movements can drive significant change","1772139123699"
"t6nckn8hbimm3xvmtg","What impact do individual actions have on broader political decisions?","1cwuj5k4nwmm3xvn5g","Small actions sometimes lead to large consequences","1772139123700"
"t6nckn8hbimm3xvmtg","What impact do individual actions have on broader political decisions?","2u3bv5hd0mcmm3xvn5g","Individual voices often get drowned out","1772139123700"
"qvfo7m8dx89mm3v3ao3","Need honest feedback on Museum Park Apartments, San Jose?","99q0v82e2rmm3v3ay9","Utilities are overpriced","1772134442289"
"qvfo7m8dx89mm3v3ao3","Need honest feedback on Museum Park Apartments, San Jose?","grp1cpefigfmm3v3ay9","Great management team","1772134442289"
"qvfo7m8dx89mm3v3ao3","Need honest feedback on Museum Park Apartments, San Jose?","wl5env2mj9smm3v3ay9","Too noisy at night","1772134442289"
"zr5ap3z2jtmm3u21yz","Is there a hierarchy of priorities when addressing different forms of discrimination?","qi91aw9mxoimm3u228z","Gay rights take precedence.","1772132704739"
"zr5ap3z2jtmm3u21yz","Is there a hierarchy of priorities when addressing different forms of discrimination?","7bh3xm3lz3mm3u2290","All forms of discrimination matter equally.","1772132704740"
"zr5ap3z2jtmm3u21yz","Is there a hierarchy of priorities when addressing different forms of discrimination?","jw9u9cuff3omm3u2290","Muslims face significant challenges.","1772132704740"
"6oda3lhy18wmm3tiref","What are the implications of Governor Hochul's request for a refund of tariff payments?","dwp1759u4vwmm3tirqq","Tariff refunds could weaken future trade negotiations","1772131804658"
"6oda3lhy18wmm3tiref","What are the implications of Governor Hochul's request for a refund of tariff payments?","lqd6qzt0jwamm3tirqq","Taxpayer money should not fund political disputes","1772131804658"
"6oda3lhy18wmm3tiref","What are the implications of Governor Hochul's request for a refund of tariff payments?","wdcsgg51bpmm3tirqq","Refunding the tariffs promotes fairness for New Yorkers","1772131804658"
"fy78v5ur3l9mm3r757z","What are the implications of a significant portion of farmed oysters being sterile?","q1spukfij4nmm3r75ll","Economic benefits for producers","1772127903513"
"fy78v5ur3l9mm3r757z","What are the implications of a significant portion of farmed oysters being sterile?","12yumi149eumm3r75lm","Sterility is a natural adaptation","1772127903514"
"fy78v5ur3l9mm3r757z","What are the implications of a significant portion of farmed oysters being sterile?","a4z80oqcawhmm3r75lm","Environmental concerns about biodiversity","1772127903514"
"364x8kpgi2hmm3f3666","why does turning 30 bring out the “i’m old now” mentality","0euh98a3tkvimm3f36e8","age is just a number","1772107562528"
"364x8kpgi2hmm3f3666","why does turning 30 bring out the “i’m old now” mentality","5od113dhekrmm3f36e8","30 is the new 20","1772107562528"
"364x8kpgi2hmm3f3666","why does turning 30 bring out the “i’m old now” mentality","npx8y7luh0bmm3f36e9","the mindset defines the experience","1772107562529"
"rrgy0xhb99mm3enr8r","Should knives be put in the dishwasher?","3nmiklugj0jmm3enrqg","Dishwashers are more sanitary than hand washing","1772106843688"
"rrgy0xhb99mm3enr8r","Should knives be put in the dishwasher?","exwsluh665smm3enrqg","Dishwashers damage knives over time","1772106843688"
"rrgy0xhb99mm3enr8r","Should knives be put in the dishwasher?","tidsardjcrjmm3enrqg","Knives should always be hand washed","1772106843688"
"2yqrvso306imm2u324k","What characteristics define an effective game show theme song?","bt9c2e5emwumm2u32gj","Catchy melody","1772072285491"
"2yqrvso306imm2u324k","What characteristics define an effective game show theme song?","h1lmcxm9jxmm2u32gj","Overly repetitive","1772072285491"
"2yqrvso306imm2u324k","What characteristics define an effective game show theme song?","kcxgfocogk9mm2u32gj","Intense energy","1772072285491"
"dinhrzt1fumm2notjp","What features in high-end sound systems are most impactful?","bmrp7u5cgx8mm2nottw","Unusual settings can enhance experience","1772061543428"
"dinhrzt1fumm2notjp","What features in high-end sound systems are most impactful?","cortjvbncxomm2nottw","Sound quality matters most","1772061543428"
"dinhrzt1fumm2notjp","What features in high-end sound systems are most impactful?","wm1bmr5agtmm2nottw","Customization is overrated","1772061543428"
"ngc7fpataamm2n1oel","What impact do false accusations have on political negotiations?","2un4t61ei9emm2n1opi","Strengthening of partisan divides","1772060463702"
"ngc7fpataamm2n1oel","What impact do false accusations have on political negotiations?","c1ttzhshgyamm2n1opi","Distraction from real issues","1772060463702"
"ngc7fpataamm2n1oel","What impact do false accusations have on political negotiations?","u22f045jfo9mm2n1opi","Loss of trust in media","1772060463702"
"aqgkd5cqiuamm2m8407","What are some effective ways to secure short-term work in DC?","2lkhwp67icxmm2m84b9","Consider temporary jobs only as a last resort","1772059084245"
"aqgkd5cqiuamm2m8407","What are some effective ways to secure short-term work in DC?","cvqfzxmgk9mm2m84b9","Networking often yields opportunities","1772059084245"
"aqgkd5cqiuamm2m8407","What are some effective ways to secure short-term work in DC?","pg5x2yd5nmmm2m84b9","Freelancing is an option","1772059084245"
"eud71t2d2lrmm267zef","How can someone communicate their desire for friendship without leading someone on?","1s3sl4f8i06mm267zn4","Being straightforward is crucial; clearly express that you value friendship and nothing more.","1772032204336"
"eud71t2d2lrmm267zef","How can someone communicate their desire for friendship without leading someone on?","ini307jpk9mm267zn5","Friendship dynamics can be tricky, so maybe suggest a group hangout to keep things casual.","1772032204337"
"eud71t2d2lrmm267zef","How can someone communicate their desire for friendship without leading someone on?","j3c51xfy90bmm267zn5","Use humor to diffuse any awkwardness; joking about the situation can help set the right tone.","1772032204337"
"fq8kqi3avlamm2544u8","What are your thoughts on Juzo Itami's films compared to other directors in the crime genre?","5a740gxnak4mm2545ev","Itami has a unique ability to blend humor with serious themes, setting him apart from many crime filmmakers who focus solely on dark narratives.","1772030345575"
"fq8kqi3avlamm2544u8","What are your thoughts on Juzo Itami's films compared to other directors in the crime genre?","vvnlk4mvn1mm2545ev","The way Itami portrays strong female characters in a male-dominated world adds a refreshing perspective that is often lacking in traditional crime stories.","1772030345575"
"fq8kqi3avlamm2544u8","What are your thoughts on Juzo Itami's films compared to other directors in the crime genre?","nqnmyn5gummm2545ew","While Itami's films are engaging, some might argue that his comedic approach can undermine the gravity of the crime genre, making it feel less impactful.","1772030345576"
"md7nefcapjmm242vab","What are the implications of AIs frequently recommending nuclear strikes in simulated war games?","d1nap4suhujmm242vkk","The reliance on nuclear weapons in simulations shows a troubling normalization of extreme measures in conflict scenarios.","1772028606548"
"md7nefcapjmm242vab","What are the implications of AIs frequently recommending nuclear strikes in simulated war games?","1ptbfyweu2cmm242vkl","It's important to remember that simulations can reflect biases in the data, leading to dangerous precedents if left unaddressed.","1772028606549"
"md7nefcapjmm242vab","What are the implications of AIs frequently recommending nuclear strikes in simulated war games?","5v81ycnvpvxmm242vkl","This trend raises serious concerns about the ethical programming of AIs and their potential influence on real-world military decisions.","1772028606549"
"zgwyz7il2emm1ngtl3","Why do feelings of loneliness and attachment intensity seem to affect relationships for some people?","081k2gxtyu4bmm1ngtrs","It's crucial to explore healthier coping mechanisms rather than resorting to substances, as they can worsen mental health challenges in the long run.","1772000703928"
"zgwyz7il2emm1ngtl3","Why do feelings of loneliness and attachment intensity seem to affect relationships for some people?","4gyf2zsprnpmm1ngtrs","Finding support groups can be beneficial; connecting with others who understand similar struggles can alleviate feelings of isolation.","1772000703928"
"zgwyz7il2emm1ngtl3","Why do feelings of loneliness and attachment intensity seem to affect relationships for some people?","i3ct6pdenwmmm1ngtrs","Intense emotions can lead to a distorted perception of relationships, making it challenging to maintain healthy boundaries.","1772000703928"
"d5vb06a8b4umm1n7tdc","What interesting historical facts have you come across recently?","bw6v0qe81esmm1n7tk6","The fact that butt plugs were patented as medical devices highlights how societal views on sexuality have evolved over time.","1772000283750"
"d5vb06a8b4umm1n7tdc","What interesting historical facts have you come across recently?","g6rqq0yjinpmm1n7tk6","It's fascinating how objects we associate with pleasure were once linked to serious health issues.","1772000283750"
"d5vb06a8b4umm1n7tdc","What interesting historical facts have you come across recently?","gkjsnal78ramm1n7tk6","This shows the bizarre intersection of medicine and sexuality in the past, reflecting cultural attitudes that seem strange today.","1772000283750"
"dyr84z3e4f5mm1jad4x","What are the implications of nearly 20% of teen Instagram users encountering unwanted nudes?","18l4celm0qumm1jadg2","The fact that such a large percentage of teenagers are exposed to unwanted content raises questions about the effectiveness of current moderation policies on Instagram.","1771993684370"
"dyr84z3e4f5mm1jad4x","What are the implications of nearly 20% of teen Instagram users encountering unwanted nudes?","67df6h3s36qmm1jadg2","This statistic highlights a significant issue regarding online safety and the need for better protective measures for minors on social media platforms.","1771993684370"
"dyr84z3e4f5mm1jad4x","What are the implications of nearly 20% of teen Instagram users encountering unwanted nudes?","ucq3x7lc5j8mm1jadg2","This situation emphasizes the importance of comprehensive sexual education that includes discussions about online behavior and consent.","1771993684370"
"pfwqdr6z0inmm17ypy9","What are your thoughts on the impact of ""Feel Good Hit Of The Summer"" by Queens Of The Stone Age on the rock genre?","kgo7025a5a8mm17yq9q","It’s a prime example of how modern rock can blend catchy hooks with darker themes, making it stand out.","1771974665342"
"pfwqdr6z0inmm17ypy9","What are your thoughts on the impact of ""Feel Good Hit Of The Summer"" by Queens Of The Stone Age on the rock genre?","znoqqcrzglmm17yq9q","The song perfectly encapsulates the raw energy and rebellious spirit that rock music thrives on.","1771974665342"
"pfwqdr6z0inmm17ypy9","What are your thoughts on the impact of ""Feel Good Hit Of The Summer"" by Queens Of The Stone Age on the rock genre?","n3ctntw3mfmm17yq9r","While it’s catchy, the repetitive nature can overshadow the deeper messages the band often explores.","1771974665343"
"ukxpitqa1qmm132nah","Should cities prioritize green spaces over parking spots?","hgtklfpy30lmm132nez","We need more green spaces, even if it means fewer parking spots.","1771966450187"
"ukxpitqa1qmm132nah","Should cities prioritize green spaces over parking spots?","va04vjq1dsmmm132nez","We need more green spaces around the city.","1771966450187"
"zb0h0kr504mm11yonq","What impact do you think documentaries like ""A Place Called Chipas"" have on public understanding of Indigenous struggles and socio-political issues?","157n0eqfqdbmm11yoxw","Documentaries can serve as powerful tools to raise awareness and educate the public about the complexities of Indigenous issues, often bringing marginalized voices to a broader audience.","1771964585924"
"zb0h0kr504mm11yonq","What impact do you think documentaries like ""A Place Called Chipas"" have on public understanding of Indigenous struggles and socio-political issues?","clkhotbn3jlmm11yoxw","","1771964585924"
"zb0h0kr504mm11yonq","What impact do you think documentaries like ""A Place Called Chipas"" have on public understanding of Indigenous struggles and socio-political issues?","edhu3bf2x0smm11yoxw","","1771964585924"
"zb0h0kr504mm11yonq","What impact do you think documentaries like ""A Place Called Chipas"" have on public understanding of Indigenous struggles and socio-political issues?","gn13citmyaimm11yoxw","The film's focus on the human consequences of the Zapatista uprising highlights the need for empathy and understanding of the historical context behind contemporary struggles, which is often overlooked in mainstream narratives.","1771964585924"
"zb0h0kr504mm11yonq","What impact do you think documentaries like ""A Place Called Chipas"" have on public understanding of Indigenous struggles and socio-political issues?","tohkp7oj2bmm11yoxw","","1771964585924"
"zb0h0kr504mm11yonq","What impact do you think documentaries like ""A Place Called Chipas"" have on public understanding of Indigenous struggles and socio-political issues?","8eodigoa0admm11yoxx","Censorship of such films in their home countries speaks volumes about the power dynamics at play, suggesting that there is often a reluctance to confront uncomfortable truths about inequality and resistance.","1771964585925"
"m0jmfxv4zjnmm10s7mz","Is the prediction that software engineers could become obsolete this year a realistic concern?","icfl54fdapmm10s7w4","The rapid advancement in AI tools threatens many traditional roles in tech, and software engineering is not immune.","1771962604276"
"m0jmfxv4zjnmm10s7mz","Is the prediction that software engineers could become obsolete this year a realistic concern?","54sp4juj6ppmm10s7w5","The fear of extinction could drive innovation in the field, leading to new roles that we can't yet foresee.","1771962604277"
"m0jmfxv4zjnmm10s7mz","Is the prediction that software engineers could become obsolete this year a realistic concern?","ymcqouu08vfmm10s7w5","While automation may replace some tasks, the need for human oversight and creativity in software development will always exist.","1771962604277"
"rpui258l2imm10bhgf","Is it okay to forgive someone initially but later realize you can't truly forgive them?","h3ge5tidu6lmm10bhkd","Forgiveness can be a complicated process, and it's valid to reassess your feelings as you grow and gain perspective.","1771961823661"
"rpui258l2imm10bhgf","Is it okay to forgive someone initially but later realize you can't truly forgive them?","hdpstha79hnmm10bhkd","Staying in a relationship out of insecurity often leads to resentment, so it's important to evaluate if the relationship is healthy for you now.","1771961823661"
"rpui258l2imm10bhgf","Is it okay to forgive someone initially but later realize you can't truly forgive them?","t2d9qr3n9efmm10bhkd","Distant behavior can damage the relationship further; addressing these feelings openly with your partner may be necessary to find resolution.","1771961823661"
"7z0iowfiksmmm0x3r6q","What significance does Thomas Mundy Peterson's action hold in the context of voting rights history?","23yjxdk882cmm0x3re0","His vote symbolizes a crucial step towards racial equality in the electoral process, highlighting the importance of the 15th Amendment.","1771956424296"
"7z0iowfiksmmm0x3r6q","What significance does Thomas Mundy Peterson's action hold in the context of voting rights history?","oc1bl9fyu9lmm0x3re0","The fact that Peterson's action is often overlooked reflects the ongoing struggle for recognition of African American contributions to democracy.","1771956424296"
"7z0iowfiksmmm0x3r6q","What significance does Thomas Mundy Peterson's action hold in the context of voting rights history?","px8u936jzamm0x3re0","Understanding Peterson's role helps frame the narrative of voting rights as not just a historical event, but an ongoing fight for justice and representation.","1771956424296"
"xb9wygc9ejfmm0ikd88","What are the implications of the global market investing in the AI supercycle?","3gfxk26w0bvmm0ikdiw","Increased funding may also exacerbate existing inequalities, as only a handful of companies and countries could dominate the AI landscape.","1771932005240"
"xb9wygc9ejfmm0ikd88","What are the implications of the global market investing in the AI supercycle?","lbhpflexqmbmm0ikdiw","The surge in investments could lead to rapid advancements in AI technology, fundamentally altering various industries.","1771932005240"
"xb9wygc9ejfmm0ikd88","What are the implications of the global market investing in the AI supercycle?","qaukpjsx3mm0ikdiw","The focus on AI could divert attention and resources from other critical areas of technology development, hindering holistic progress.","1771932005240"
"1bhyv49elt3mm06f490","How would you rate the potholes in the DC, MD, and VA area?","cmtisqgw7xhmm06f4qm","","1771911605182"
"1bhyv49elt3mm06f490","How would you rate the potholes in the DC, MD, and VA area?","qn6v8pkfdxgmm06f4qm","Jaw-breaker is an understatement; some of these potholes should come with a warning sign.","1771911605182"
"1bhyv49elt3mm06f490","How would you rate the potholes in the DC, MD, and VA area?","z472d1zzv2cmm06f4qm","The ""Visibility to the Gates of Hell Deep"" pothole near 14th Street is a disaster waiting to happen; it's like driving off a cliff.","1771911605182"
"1bhyv49elt3mm06f490","How would you rate the potholes in the DC, MD, and VA area?","2xw6jv0bhpmm06f4qn","Those who think they have it bad in this area clearly haven't encountered the ""Puddle Surprise"" on Georgia Avenue—it's a daily gamble!","1771911605183"
"hshnh3hyiidmm02lhvb","What are the best ways to meet new friends in the San Francisco Bay Area?","d41kzxdb9ytmm02li3i","Exploring local events and community gatherings is a great way to connect with like-minded individuals.","1771905183966"
"hshnh3hyiidmm02lhvb","What are the best ways to meet new friends in the San Francisco Bay Area?","9pubjvokl8amm02li3j","Joining hobby-based groups or classes can lead to meaningful friendships while pursuing shared interests.","1771905183967"
"hshnh3hyiidmm02lhvb","What are the best ways to meet new friends in the San Francisco Bay Area?","ed4vxugh6cnmm02li3j","Utilizing social media platforms to find local meetups or groups can help expand your circle effectively.","1771905183967"
"hshnh3hyiidmm02lhvb","What are the best ways to meet new friends in the San Francisco Bay Area?","5m4xqvkv3x7mm1d0jnt","Go outside!","1771983148169"
"l3lkw1q7p1rmm01pci8","What are the implications of China using Nvidia's advanced AI technology despite the US ban?","9fkh1bmuoxsmm01pcr2","This move highlights China's determination to advance its technology sector regardless of international restrictions.","1771903684046"
"l3lkw1q7p1rmm01pci8","What are the implications of China using Nvidia's advanced AI technology despite the US ban?","786v3zdq2k9mm01pcr3","Such actions could escalate tensions between the US and China, complicating global tech supply chains.","1771903684047"
"l3lkw1q7p1rmm01pci8","What are the implications of China using Nvidia's advanced AI technology despite the US ban?","xqa4yz1a4emm01pcr3","It raises ethical concerns about how AI is developed and deployed in countries with different regulatory frameworks.","1771903684047"
"z4f41gl3shmm00yc0w","What are some interesting facts you've learned about iconic film characters and their actors?","808uh9pco36mm00yca6","Peter Cushing's dedication to his role as Grand Moff Tarkin reflects how deeply actors can connect with their characters, enhancing the overall film experience.","1771902423726"
"z4f41gl3shmm00yc0w","What are some interesting facts you've learned about iconic film characters and their actors?","bhd6bhlifsmm00yca6","It's fascinating that Cushing was satisfied with the film's outcome; it shows the importance of collaboration in filmmaking.","1771902423726"
"z4f41gl3shmm00yc0w","What are some interesting facts you've learned about iconic film characters and their actors?","kzt1x85ujwqmm00yca6","The regret he felt about not returning for sequels highlights how impactful roles can stay with actors long after filming ends.","1771902423726"
"hmqzlu4ald5mlzzdqwg","Is it common for asexual individuals to have sexual feelings when they are alone but feel repulsed by sexual activity with others?","ivnubk2w1emlzzdr6t","Many people navigate complex feelings around sexuality, and this duality of being asexual but experiencing sexual thoughts is not uncommon.","1771899783653"
"hmqzlu4ald5mlzzdqwg","Is it common for asexual individuals to have sexual feelings when they are alone but feel repulsed by sexual activity with others?","44dwzbb0bdumlzzdr6u","Understanding personal boundaries and communicating them openly with partners is crucial for maintaining comfort and trust in any relationship.","1771899783654"
"hmqzlu4ald5mlzzdqwg","Is it common for asexual individuals to have sexual feelings when they are alone but feel repulsed by sexual activity with others?","udab0t2hhommlzzdr6u","The fear of vulnerability and potential exploitation in intimate relationships can lead to a strong aversion to sexual activity, which is completely valid.","1771899783654"
"rme5n8rbhobmlzu3ext","What defines an Xbox in today's gaming landscape?","cxw0w42wq2qmlzu3f71","Brand loyalty plays a huge role; many people associate the Xbox with a lifestyle rather than just a console.","1771890903469"
"rme5n8rbhobmlzu3ext","What defines an Xbox in today's gaming landscape?","dcykftqdq6dmlzu3f71","The Xbox is fundamentally about gaming experiences and community, transcending just hardware.","1771890903469"
"rme5n8rbhobmlzu3ext","What defines an Xbox in today's gaming landscape?","8mgppie5xvumlzu3f72","The confusion often stems from the evolving nature of gaming itself, where the line between platforms and services is increasingly blurred.","1771890903470"
"re7lhoizaybmlzt5ztd","What are the implications of social media bots influencing celebrity political statements?","jmgfueeg0msmlzt6033","The use of bots to amplify celebrity posts raises concerns about the authenticity of political discourse.","1771889344239"
"re7lhoizaybmlzt5ztd","What are the implications of social media bots influencing celebrity political statements?","cmxrh2bcs7mlzt6034","Relying on bots to spread messages could undermine genuine engagement in political conversations among fans.","1771889344240"
"re7lhoizaybmlzt5ztd","What are the implications of social media bots influencing celebrity political statements?","tjvawpip8amlzt6034","It's a fascinating tactic that highlights the intersection of technology and celebrity influence in modern politics.","1771889344240"
"sp7s4ktmpw9mlzr3ej6","What is the most surprising fact you've learned about animals recently?","a0filrxq0pmlzr3epi","The migration patterns of some animals are truly astonishing, especially when you consider the distances they travel for survival.","1771885863990"
"sp7s4ktmpw9mlzr3ej6","What is the most surprising fact you've learned about animals recently?","e121kpi09xmlzr3epj","It's fascinating how animals adapt to their environments, like how penguins navigate such vast oceans.","1771885863991"
"sp7s4ktmpw9mlzr3ej6","What is the most surprising fact you've learned about animals recently?","giisrwa9a55mlzr3epj","The fact that they can mistake sand for snow shows just how challenging their instincts can be in unfamiliar territories.","1771885863991"
"iha60ejivmmlzqdp1s","Looking for recommendations on finding a certified wound care and ostomy nurse in the Bay Area?","9l7j49kya1dmlzqdp9u","Consider reaching out to local hospitals or specialized clinics; they often have connections to certified professionals.","1771884664626"
"iha60ejivmmlzqdp1s","Looking for recommendations on finding a certified wound care and ostomy nurse in the Bay Area?","94zvbqi4ufsmlzqdp9v","Online platforms that connect patients with healthcare providers can also offer options for finding specialized nurses.","1771884664627"
"iha60ejivmmlzqdp1s","Looking for recommendations on finding a certified wound care and ostomy nurse in the Bay Area?","k77259dbtxmlzqdp9v","Networking in caregiver support groups can lead to personal recommendations that might not be widely advertised.","1771884664627"
"lfp7f3rt41qmlzpfa0d","What do you think of Mamdani's budget proposal?","1t72eab5k4rmlzpfa47","I support the proposal to increase property taxes","1771883058679"
"lfp7f3rt41qmlzpfa0d","What do you think of Mamdani's budget proposal?","qn6tu4d6x3mlzpfa47","I support the proposal to tax the rich","1771883058679"
"lfp7f3rt41qmlzpfa0d","What do you think of Mamdani's budget proposal?","uozrhfysgsnmlzpfa47","We should be cutting things instead of increasing anyone's taxes","1771883058679"
"xqds3rjx80kmlzpez42","Will Netflix walk away from the Warner Bros. Discovery bid if Paramount raises the price?","47yhi1mxj5amlzpez7y","A price increase could push Netflix to reconsider its priorities, especially if it conflicts with their current content strategy.","1771883044558"
"xqds3rjx80kmlzpez42","Will Netflix walk away from the Warner Bros. Discovery bid if Paramount raises the price?","890dswqoanpmlzpez7y","Netflix has shown it can be strategic with its investments and might choose to retreat if the price is too high.","1771883044558"
"xqds3rjx80kmlzpez42","Will Netflix walk away from the Warner Bros. Discovery bid if Paramount raises the price?","925jvf27qq6mlzpez7z","Walking away could signal to the market that Netflix is not willing to overextend itself financially, which might be a smart long-term play.","1771883044559"
"pg6khio97sqmlzohiw6","What are your thoughts on the charm of downtown NYC after a fresh snowfall?","29ha1kain9gmlzohizd","Walking through the snow-covered streets can feel isolating, as the usual buzz of the city quiets down.","1771881483865"
"pg6khio97sqmlzohiw6","What are your thoughts on the charm of downtown NYC after a fresh snowfall?","v32a0knjnrmlzohizd","The snow adds a magical layer to the city, transforming familiar streets into a winter wonderland.","1771881483865"
"pg6khio97sqmlzohiw6","What are your thoughts on the charm of downtown NYC after a fresh snowfall?","yc7j8rdsiemlzohizd","The contrast between the white snow and the gritty urban landscape creates a unique beauty that is hard to beat.","1771881483865"
"knkvcarnonamlzodqdz","What are the implications of Trump's efforts to rebuild the tariff wall after the Supreme Court ruling?","u2uy4odtorkmlzodqnf","Rebuilding the tariff wall could lead to increased tensions with trading partners and potential retaliatory measures that harm the economy.","1771881307179"
"knkvcarnonamlzodqdz","What are the implications of Trump's efforts to rebuild the tariff wall after the Supreme Court ruling?","ictthe2uw1mlzodqng","A focus on tariffs can distract from more pressing issues, leading to a fragmented political landscape that fails to address the real needs of the electorate.","1771881307180"
"knkvcarnonamlzodqdz","What are the implications of Trump's efforts to rebuild the tariff wall after the Supreme Court ruling?","ry6q7xmy8kmlzodqng","This strategy may resonate with his base, reinforcing the idea of protecting American jobs and industries despite potential economic drawbacks.","1771881307180"
"knkvcarnonamlzodqdz","What are the implications of Trump's efforts to rebuild the tariff wall after the Supreme Court ruling?","8g2a6lto6h6mm1ca3e6","Just a continuation of a crude Tariff agenda that will hurt consumers in the short term and create lasting damage to critical trade relationships.","1771981914030"
"v98udq1aromlzllcnc","What are the benefits of participating in community garden projects?","4v3kflxauuymlzllcwk","Community gardens can enhance local biodiversity and contribute to environmental sustainability by supporting pollinators and native plants.","1771876623764"
"v98udq1aromlzllcnc","What are the benefits of participating in community garden projects?","towvmwl5ykmlzllcwk","Engaging in gardening activities promotes mental and physical health, providing an excellent outlet for stress relief and exercise.","1771876623764"
"v98udq1aromlzllcnc","What are the benefits of participating in community garden projects?","xckuhgk4boomlzllcwk","Community gardens foster a sense of community and connection among neighbors, encouraging collaboration and shared goals.","1771876623764"
"pzsx86xwwvhmlzjexaa","What are the benefits and drawbacks of maintaining a cynical perspective on life?","2o2xys3rhj2mlzjexqb","A cynical outlook can provide a clear-eyed view of reality, which often leads to better decision-making in challenging situations.","1771872964931"
"pzsx86xwwvhmlzjexaa","What are the benefits and drawbacks of maintaining a cynical perspective on life?","ns74qkojz0dmlzjexqc","A balance between cynicism and positivity can be beneficial, allowing for realistic assessments while still appreciating the good in life.","1771872964932"
"pzsx86xwwvhmlzjexaa","What are the benefits and drawbacks of maintaining a cynical perspective on life?","uf43wdnstzmlzjexqc","Embracing cynicism can stifle optimism and hinder personal growth, as it often focuses solely on the negative aspects of experiences.","1771872964932"
"v5ustwya9mmlzfcbsv","What strange sounds have you experienced in the Bay Area at night?","h52rg7zfk4kmlzfcc60","Ghostly sounds are often dismissed as urban legends, but there’s something uniquely eerie about nighttime noises in a bustling city like San Francisco.","1771866125208"
"v5ustwya9mmlzfcbsv","What strange sounds have you experienced in the Bay Area at night?","hgtzndhp9ahmlzfcc61","The Bay Area is rich with history; it wouldn't be surprising if some of its past comes back to haunt the present.","1771866125209"
"v5ustwya9mmlzfcbsv","What strange sounds have you experienced in the Bay Area at night?","od4dzm8o7hmlzfcc61","Many people overlook the possibility that these sounds could be attributed to local industry or environmental factors, rather than the supernatural.","1771866125209"
"cpigtq6k5mmlz9wvsy","Do expectations of reciprocity in relationships undermine the spirit of thoughtful gestures?","323s51cbqwcmlz9ww7m","Expectations can turn genuine affection into a transactional exchange, stripping away the joy of giving.","1771857006610"
"cpigtq6k5mmlz9wvsy","Do expectations of reciprocity in relationships undermine the spirit of thoughtful gestures?","7jqzzf6hrhtmlz9ww7m","It’s essential for both partners to feel valued; otherwise, the relationship can become lopsided and resentful.","1771857006610"
"cpigtq6k5mmlz9wvsy","Do expectations of reciprocity in relationships undermine the spirit of thoughtful gestures?","sh1f75gx2nmlz9ww7n","Healthy relationships thrive on mutual understanding, where both individuals prioritize each other's comfort without keeping score.","1771857006611"
"76vgpqef6mwmlz94j5h","What are your thoughts on flight delays in the DMV area due to weather conditions?","pgb33p17fpjmlz94jjf","Flight delays are just a regular occurrence in this region; it’s part of living in a place with unpredictable weather.","1771855683819"
"76vgpqef6mwmlz94j5h","What are your thoughts on flight delays in the DMV area due to weather conditions?","3s43bgomzltmlz94jjg","The snow might be a blessing in disguise, but it’s still frustrating when travel plans are disrupted.","1771855683820"
"76vgpqef6mwmlz94j5h","What are your thoughts on flight delays in the DMV area due to weather conditions?","pfbkegrn1sjmlz94jjg","People need to plan for delays, especially in winter. It's better to expect the worst than to be caught off guard.","1771855683820"
"h8b3wx8v4gmlz5y3j5","Is it necessary to clean your belly button regularly?","b20xrz4linamlz5y3x3","","1771850344791"
"h8b3wx8v4gmlz5y3j5","Is it necessary to clean your belly button regularly?","azyx7wsqt2vmlz5y3x4","Not really, it's usually self-cleaning. As long as you're maintaining good overall hygiene, it’s probably fine to leave it alone.","1771850344792"
"h8b3wx8v4gmlz5y3j5","Is it necessary to clean your belly button regularly?","m2rp8bghle9mlz5y3x4","Definitely! It can accumulate dirt and bacteria, so a quick clean during your shower is a good idea.","1771850344792"
"h8b3wx8v4gmlz5y3j5","Is it necessary to clean your belly button regularly?","ypt3vopd5kemlz5y3x4","It's worth considering. Some people might find it helps prevent any odors or infections, especially if you have a deeper belly button.","1771850344792"
"m2dby8hpv8mlyqu46a","What does Linus Torvalds' statement about Linux leadership suggest about the future of open-source projects?","70jnksx6uohmlyqu4i4","Competence in technical skills is crucial, but it's also essential to maintain the collaborative spirit that defines Linux.","1771824964684"
"m2dby8hpv8mlyqu46a","What does Linus Torvalds' statement about Linux leadership suggest about the future of open-source projects?","74cogw22dksmlyqu4i4","The evolution of Linux leadership could signify a shift towards more data-driven management in open-source communities.","1771824964684"
"m2dby8hpv8mlyqu46a","What does Linus Torvalds' statement about Linux leadership suggest about the future of open-source projects?","q52luatr5tmlyqu4i5","A leader who embraces the complexities of technology is necessary for the continued growth and relevance of Linux in the tech landscape.","1771824964685"
"mimphws15xfmlym6y1c","What are your favorite hiking spots in the Bay Area during spring?","5djgt7oe32mlym6yf0","Spring hiking means unpredictable weather; it's best to prepare for everything from sun to fog when hitting the trails.","1771817165244"
"mimphws15xfmlym6y1c","What are your favorite hiking spots in the Bay Area during spring?","65xhxj7cxg8mlym6yf0","The McCorkle Trail is nice, but it can get crowded. Exploring less-known trails leads to more solitude and stunning views.","1771817165244"
"mimphws15xfmlym6y1c","What are your favorite hiking spots in the Bay Area during spring?","xoyxvp7w8pomlym6yf0","Sunol is a hidden gem; the wildflowers this time of year are breathtaking and worth the hike.","1771817165244"
"e222kce5uq7mlyhig8j","What implications does Quantonation’s new fund have for the future of quantum technology?","63no73mbqcmlyhigoq","Skepticism remains, as previous hype cycles have led to disappointment in the tangible applications of quantum advancements.","1771809304058"
"e222kce5uq7mlyhig8j","What implications does Quantonation’s new fund have for the future of quantum technology?","scebwbdgfthmlyhigoq","Funding at this level suggests that investors are still hedging their bets on long-term breakthroughs.","1771809304058"
"e222kce5uq7mlyhig8j","What implications does Quantonation’s new fund have for the future of quantum technology?","z9b9qenw6jbmlyhigoq","The significant investment reflects growing confidence in quantum technology's potential.","1771809304058"
"nlfik52ekgmlyfmak0","Has BART Failed Oakland?","7e9o1batsckmlyfmavu","BART has neglected Oakland's transit needs, leading to increased traffic and dissatisfaction among residents.","1771806123930"
"nlfik52ekgmlyfmak0","Has BART Failed Oakland?","2z6vq9pax4tmlyfmavv","BART's failure to prioritize Oakland reflects a broader trend of neglecting underserved communities in the Bay Area.","1771806123931"
"nlfik52ekgmlyfmak0","Has BART Failed Oakland?","hu0sc61q0eomlyfmavv","The investment in BART has brought some benefits, but the lack of service and connectivity to key areas is a significant oversight.","1771806123931"
"jsspdvhe18jmlyejqbf","What are the latest updates on the NYC Subway and Metro Transit during the blizzard?","o7l7v9y2w4emlyejqpz","The subway system is experiencing significant delays and service disruptions due to the heavy snowfall.","1771804324871"
"jsspdvhe18jmlyejqbf","What are the latest updates on the NYC Subway and Metro Transit during the blizzard?","4ujbpd6y5lumlyejqq0","Metro Transit has implemented emergency measures, but many routes remain impassable.","1771804324872"
"jsspdvhe18jmlyejqbf","What are the latest updates on the NYC Subway and Metro Transit during the blizzard?","9jdl8s8fykemlyejqq0","Commuters should expect extensive wait times and consider alternative transportation methods during this weather.","1771804324872"
"xpror7tsmvomlydm9rl","How has the DHS shutdown affected your experience with passport control at IAD?","2k85fqqev5bmlydma8a","The wait times have been significantly longer; it’s frustrating when you expect smoother travel.","1771802763850"
"xpror7tsmvomlydm9rl","How has the DHS shutdown affected your experience with passport control at IAD?","leq4qj9gbemlydma8a","I had a smooth experience last week despite the shutdown, so there’s hope for others too!","1771802763850"
"xpror7tsmvomlydm9rl","How has the DHS shutdown affected your experience with passport control at IAD?","y1eg09vjfj9mlydma8a","Mobile passport is still operational, but it’s worth checking for any updates before you arrive.","1771802763850"
"fbi2w2g5r5lmlyd4a1s","What are some realistic estimates for car insurance in NYC without having to share personal details?","fcwliooje4hmlyd4aeh","Many insurance companies offer online calculators that can provide estimates based on general information about the vehicle and driving history.","1771801924265"
"fbi2w2g5r5lmlyd4a1s","What are some realistic estimates for car insurance in NYC without having to share personal details?","w3antv6c69smlyd4aei","Using comparison websites can help, but some may still require personal data to give a tailored estimate.","1771801924266"
"fbi2w2g5r5lmlyd4a1s","What are some realistic estimates for car insurance in NYC without having to share personal details?","zfc2oa9wwsmlyd4aei","It's important to consider that rates can vary significantly based on neighborhood and even parking situations, making it hard to get an accurate estimate without details.","1771801924266"
"41ne13hbzolmlyarep1","What are the implications of government officials using taxpayer-funded resources for personal trips?","gfhq6ftuismmlyarf2t","","1771797964565"
"41ne13hbzolmlyarep1","What are the implications of government officials using taxpayer-funded resources for personal trips?","mujlz3eeqdjmlyarf2t","Taxpayer-funded resources should be reserved for official duties only, and any personal use undermines public trust.","1771797964565"
"41ne13hbzolmlyarep1","What are the implications of government officials using taxpayer-funded resources for personal trips?","wvru1fqa3remlyarf2t","The line between official business and personal enjoyment can be blurred, but as long as it’s justified, it’s acceptable.","1771797964565"
"41ne13hbzolmlyarep1","What are the implications of government officials using taxpayer-funded resources for personal trips?","xg2zva7e4amlyarf2u","This raises serious ethical concerns about accountability and transparency in government spending.","1771797964566"
"ji6w6nya8xmlya5k0p","What impact do you think the launch of NGOs by Stop Killing Games will have on the gaming industry and its regulatory landscape?","a99r9hnb5temlya5k5a","","1771796944702"
"ji6w6nya8xmlya5k0p","What impact do you think the launch of NGOs by Stop Killing Games will have on the gaming industry and its regulatory landscape?","u3r1v4ruoabmlya5k5a","The establishment of NGOs can empower players and advocates to push for more ethical practices within the gaming industry.","1771796944702"
"ji6w6nya8xmlya5k0p","What impact do you think the launch of NGOs by Stop Killing Games will have on the gaming industry and its regulatory landscape?","9i00v02j4nrmlya5k5b","","1771796944703"
"ji6w6nya8xmlya5k0p","What impact do you think the launch of NGOs by Stop Killing Games will have on the gaming industry and its regulatory landscape?","bw5e4hlaybwmlya5k5b","The presence of these organizations could foster a healthier dialogue between gamers and developers, resulting in improvements that benefit both parties.","1771796944703"
"ji6w6nya8xmlya5k0p","What impact do you think the launch of NGOs by Stop Killing Games will have on the gaming industry and its regulatory landscape?","lrz94bcos7imlya5k5b","","1771796944703"
"ji6w6nya8xmlya5k0p","What impact do you think the launch of NGOs by Stop Killing Games will have on the gaming industry and its regulatory landscape?","u7n8337t43mlya5k5b","Increased scrutiny from NGOs might stifle innovation and creative freedom in game development, as companies may become overly cautious.","1771796944703"
"ypyq3k69xfmlya4aux","Was Michael Jackson's behavior towards children influenced by his own childhood trauma and mental health struggles?","gurvug5mqadmlya4b90","His actions can be viewed through a lens of trauma; childhood abuse can manifest in complex ways, leading to inappropriate relationships.","1771796886516"
"ypyq3k69xfmlya4aux","Was Michael Jackson's behavior towards children influenced by his own childhood trauma and mental health struggles?","ege6zkxpqvmlya4b91","Understanding his mental health history is important, but it shouldn't excuse or detract from the serious accusations he faced.","1771796886517"
"ypyq3k69xfmlya4aux","Was Michael Jackson's behavior towards children influenced by his own childhood trauma and mental health struggles?","rqbeswyvydlmlya4b91","The notion that Jackson's childlike interests and friendships were purely innocent overlooks the serious allegations against him. Context matters, and the boundaries should have been clearer.","1771796886517"
"40iw5wiwv5fmly9tyg1","Have others experienced a constant dripping nose, and what have you done to manage it?","0ok1kxre29bcmly9tyrs","Using saline nasal sprays has helped me reduce the dripping significantly.","1771796403784"
"40iw5wiwv5fmly9tyg1","Have others experienced a constant dripping nose, and what have you done to manage it?","k9gvpu6n1dmly9tyrs","Consider consulting an ENT specialist; they might find something that general practitioners miss.","1771796403784"
"40iw5wiwv5fmly9tyg1","Have others experienced a constant dripping nose, and what have you done to manage it?","nxe20hh1vmmly9tyrs","It’s just something I’ve learned to live with; no medication seems to make a difference for me.","1771796403784"
"40d3c75jd49mly2kw8p","What’s one hygiene product you tried on a whim that you now genuinely can’t live without?","933kv9kcv9imly2kwph","I randomly picked up a natural deodorant at a local shop, and it has completely transformed my daily routine. No more harsh chemicals, just fresh all day!","1771784223893"
"40d3c75jd49mly2kw8p","What’s one hygiene product you tried on a whim that you now genuinely can’t live without?","voqh9bp8z6mly2kwph","A facial cleansing brush was a total game changer for my skincare. It made a noticeable difference in how clean my skin feels after washing.","1771784223893"
"40d3c75jd49mly2kw8p","What’s one hygiene product you tried on a whim that you now genuinely can’t live without?","hcn3tb84cepmly2kwpi","A good quality silk pillowcase has changed my hair and skin game. It helps reduce frizz and keeps my skin from getting irritated overnight.","1771784223894"
"8nrt8s9uz19mly1bwqg","What should someone consider when deciding to drop out of university?","5sbr5l5rz69mly1bx0u","It's important to reflect on what you want beyond university; many successful people have taken unconventional paths, and your worth isn't defined by a degree.","1771782124782"
"8nrt8s9uz19mly1bwqg","What should someone consider when deciding to drop out of university?","nvwrl7h20rsmly1bx0u","Dropping out can be a wise decision if the program doesn't align with your goals or interests; pursuing something else might lead to greater satisfaction and success.","1771782124782"
"8nrt8s9uz19mly1bwqg","What should someone consider when deciding to drop out of university?","pbue06ad78mly1bx0u","Feeling pressure from family can be tough, but prioritizing your happiness and mental health is crucial; they may ultimately support your choice if they see you're pursuing what truly matters to you.","1771782124782"
"fob89ulneebmly188l1","What are the most significant aspects of J. S. Bach's compositional style that stand out in Invention 8?","5r9t8uzg1humly188vv","The emotional depth conveyed through the dynamics and phrasing in this piece is what truly sets it apart from other compositions of its time.","1771781953531"
"fob89ulneebmly188l1","What are the most significant aspects of J. S. Bach's compositional style that stand out in Invention 8?","sfp5vg8zbhmly188vv","The intricate counterpoint in Invention 8 showcases Bach's mastery of melody and harmony, creating a rich and engaging listening experience.","1771781953531"
"fob89ulneebmly188l1","What are the most significant aspects of J. S. Bach's compositional style that stand out in Invention 8?","0gibkabmo0u9mly188vw","Invention 8 exemplifies Bach's ability to balance complexity with accessibility, making it both challenging for performers and enjoyable for audiences.","1771781953532"
"5kh2lp63w7mlxyjm0s","What interesting facts have you learned recently that surprised you?","az5nu2gzjz4mlxyjmcc","The fact that Jingshan Park is man-made is fascinating; it shows how landscapes can be engineered for both beauty and protection.","1771777445340"
"5kh2lp63w7mlxyjm0s","What interesting facts have you learned recently that surprised you?","casdpqz29mlxyjmcd","It's intriguing that the hill was built from the ruins of a Mongol palace; it reflects the complex history of power and preservation in China.","1771777445341"
"5kh2lp63w7mlxyjm0s","What interesting facts have you learned recently that surprised you?","nuu4brm7gtmlxyjmcd","The idea that the hill was created to shield the emperor from evil spirits adds a layer of cultural significance that many might overlook.","1771777445341"
"d1kxndkmfqjmlxyh0kk","What implications does the discovery of new physics in the fourth state of matter by AI have for our understanding of technology?","yg1qjy0vprimlxyh0xh","The potential breakthroughs in energy transfer and storage could revolutionize multiple industries.","1771777324277"
"d1kxndkmfqjmlxyh0kk","What implications does the discovery of new physics in the fourth state of matter by AI have for our understanding of technology?","hx7ros4n5vemlxyh0xi","Skepticism is warranted; AI's interpretations may not always align with established scientific principles, so further validation is essential.","1771777324278"
"d1kxndkmfqjmlxyh0kk","What implications does the discovery of new physics in the fourth state of matter by AI have for our understanding of technology?","p03figgf119mlxyh0xi","This discovery might lead to more efficient quantum computing processes, which could enhance computational power significantly.","1771777324278"
"bcdxdlvajr9mlxbytq6","What are your thoughts on Polyphia's experimental approach in ""Playing God""?","46id74r7z3ymlxbyu67","The intricate guitar work in ""Playing God"" is a refreshing take on modern instrumental music.","1771739524159"
"bcdxdlvajr9mlxbytq6","What are your thoughts on Polyphia's experimental approach in ""Playing God""?","3ti1tml5xi3mlxbyu68","""Playing God"" showcases their ability to blend genres, which is a bold move that pays off.","1771739524160"
"bcdxdlvajr9mlxbytq6","What are your thoughts on Polyphia's experimental approach in ""Playing God""?","dk0w8aqzzaemlxbyu68","This track feels a bit disjointed; it lacks the cohesion that Polyphia typically achieves.","1771739524160"
"wrotyixazsomlx42ljx","What are the best routes for walking from Berkeley to San Francisco?","66uvtii1i6rmlx42lum","Taking the scenic route along the waterfront provides stunning views of the Bay and the Golden Gate Bridge.","1771726263070"
"wrotyixazsomlx42ljx","What are the best routes for walking from Berkeley to San Francisco?","h276jn15d9bmlx42lun","Exploring the trails in the hills offers a unique perspective of the area and a chance to connect with nature.","1771726263071"
"wrotyixazsomlx42ljx","What are the best routes for walking from Berkeley to San Francisco?","wk56ejdoxd8mlx42lun","The direct path through the city allows for a more urban experience and access to great food spots along the way.","1771726263071"
"fwg9clewqmhmlx3lwlp","What does it smell like when you encounter someone who smells really good?","48aatltwlgvmlx3lx0m","","1771725484390"
"fwg9clewqmhmlx3lwlp","What does it smell like when you encounter someone who smells really good?","2c8fd4elvy4mlx3lx0n","A sweet floral scent often accompanies someone who smells good. It's like an instant mood booster.","1771725484391"
"fwg9clewqmhmlx3lwlp","What does it smell like when you encounter someone who smells really good?","9cjm5xklitjmlx3lx0n","","1771725484391"
"fwg9clewqmhmlx3lwlp","What does it smell like when you encounter someone who smells really good?","dpghuxyk53jmlx3lx0n","A well-balanced mix of natural body odor and a hint of cologne creates an inviting aroma that can be incredibly attractive.","1771725484391"
"fwg9clewqmhmlx3lwlp","What does it smell like when you encounter someone who smells really good?","jwqz1bpoypmlx3lx0n","","1771725484391"
"fwg9clewqmhmlx3lwlp","What does it smell like when you encounter someone who smells really good?","npt6bxd6rbmlx3lx0o","Sometimes it's just the scent of clean skin, perhaps enhanced by a hint of soap. It’s refreshing and makes a strong impression.","1771725484392"
"qsqhvrxhtyfmlwxn5hq","What are some good beginner-friendly heels dance classes in the Bay Area, specifically around Berkeley and Oakland?","j9xqmoi82zmlwxn5uf","Look into classes at the Berkeley Ballet Theater; they sometimes offer heels workshops that cater to beginners.","1771715464791"
"qsqhvrxhtyfmlwxn5hq","What are some good beginner-friendly heels dance classes in the Bay Area, specifically around Berkeley and Oakland?","tyu6cw5jrlmlwxn5uf","Try Dance Mission Theater in the Mission District; they offer a fantastic heels class that's welcoming to newcomers.","1771715464791"
"qsqhvrxhtyfmlwxn5hq","What are some good beginner-friendly heels dance classes in the Bay Area, specifically around Berkeley and Oakland?","xximijn29iqmlwxn5uf","The studio in Oakland called ""The Heels Room"" has a great reputation for teaching beginners. It’s worth checking out their schedule.","1771715464791"
"wxrhomcxcesmlww19r3","What interesting facts have you learned recently that surprised you?","1kd0705q68imlww1a7a","The origin of Post-it Notes highlights how failure can lead to unexpected innovations, showing the value of keeping an open mind about mistakes.","1771712764390"
"wxrhomcxcesmlww19r3","What interesting facts have you learned recently that surprised you?","36kg6jmqturmlww1a7b","Learning that a weak adhesive turned into a successful product emphasizes the importance of adaptability in business.","1771712764391"
"wxrhomcxcesmlww19r3","What interesting facts have you learned recently that surprised you?","4cq2kppta47mlww1a7b","Discovering these quirky facts about everyday items can make one appreciate the creativity behind seemingly mundane objects.","1771712764391"
"pai5jy641nhmlwu463p","Does the State of the Union actually matter?","4wb7ne0k6qpmlwu46do","It's just a political show, and not useful or inspiring","1771709540172"
"pai5jy641nhmlwu463p","Does the State of the Union actually matter?","5hrfmiikfwimlwu46do","I never watch it","1771709540172"
"pai5jy641nhmlwu463p","Does the State of the Union actually matter?","hpkouckbkvemlwu46do","It's a useful formal ritual to remind us of our 3 branches of govt, because the president doesn't usually go to congress","1771709540172"
"pai5jy641nhmlwu463p","Does the State of the Union actually matter?","jz4p5qc8zp8mlwu46do","It's not very informative, but I think it's important to have major political events like this for the country to have a shared experience","1771709540172"
"pai5jy641nhmlwu463p","Does the State of the Union actually matter?","lt6lrxstvrfmlwu46do","Instead of watching the State of the Union, go find a local SotU meetup and talk about it with your neighbors!","1771709540172"
"pai5jy641nhmlwu463p","Does the State of the Union actually matter?","yyp0bbdcao8mlwu46do","It's a useful chance to see the president in full view","1771709540172"
"17g8r9wt8hkmlwqkj4q","Where are the best places in DC to get margaritas and guacamole?","4lmd6jjih2tmlwqkjkr","Check out Lauriol Plaza for a lively vibe and decent happy hour specials on margs and guac.","1771703585307"
"17g8r9wt8hkmlwqkj4q","Where are the best places in DC to get margaritas and guacamole?","6sdj469h262mlwqkjkr","Taqueria Habanero is a hidden gem that offers authentic flavors and a chill atmosphere.","1771703585307"
"17g8r9wt8hkmlwqkj4q","Where are the best places in DC to get margaritas and guacamole?","gugoil76mfpmlwqkjkr","The rooftop at El Centro D.F. has an amazing view and serves fantastic margaritas.","1771703585307"
"9ksqnsj5juqmlwhe1x2","How has Trump's anti-immigration rhetoric impacted the United States' ability to retain talent and compete globally?","oj31y5ji8ybmlwhe281","","1771688166337"
"9ksqnsj5juqmlwhe1x2","How has Trump's anti-immigration rhetoric impacted the United States' ability to retain talent and compete globally?","pnge1f07nmmlwhe281","The current climate has created a perception of the US as unwelcoming, driving skilled workers to seek opportunities in more inclusive environments where their contributions are valued.","1771688166337"
"9ksqnsj5juqmlwhe1x2","How has Trump's anti-immigration rhetoric impacted the United States' ability to retain talent and compete globally?","7ho8bvjfzdimlwhe282","","1771688166338"
"9ksqnsj5juqmlwhe1x2","How has Trump's anti-immigration rhetoric impacted the United States' ability to retain talent and compete globally?","bcm0tbuxpsemlwhe282","Economic incentives in countries like China and India are increasingly appealing, leading many to reconsider their future in the US, especially given the rising costs and cultural barriers.","1771688166338"
"9ksqnsj5juqmlwhe1x2","How has Trump's anti-immigration rhetoric impacted the United States' ability to retain talent and compete globally?","rrf2god0qgmlwhe282","The notion that the US remains the land of opportunity is becoming outdated; many potential immigrants now see Europe and Asia as more attractive due to better social infrastructure and living conditions.","1771688166338"
"9ksqnsj5juqmlwhe1x2","How has Trump's anti-immigration rhetoric impacted the United States' ability to retain talent and compete globally?","tq4uo1m9ommlwhe282","","1771688166338"
"w4umevldgulmlwh3pw9","What are your thoughts on Liza Minnelli's revelations about her affair with Martin Scorsese in the 1970s?","rhv81828g5mlwh3q98","It's fascinating to see how the dynamics of Hollywood relationships evolve over time and how they shape public perception.","1771687684268"
"w4umevldgulmlwh3pw9","What are your thoughts on Liza Minnelli's revelations about her affair with Martin Scorsese in the 1970s?","vjp0u7qtfxsmlwh3q98","The affair may seem intriguing, but it often overshadows their professional achievements, which should be the focus.","1771687684268"
"w4umevldgulmlwh3pw9","What are your thoughts on Liza Minnelli's revelations about her affair with Martin Scorsese in the 1970s?","vu6wcsxbg4mlwh3q98","This kind of personal history adds depth to their artistic collaborations, showcasing how relationships can influence creative work.","1771687684268"
"t7t6g7jda3amlwgfb01","What are the cultures like in Marin and Lamorinda for a family with young kids?","3ghk2wy92qamlwgfbet","Lamorinda has a tight-knit community feel with great sports programs for kids. The schools are top-notch, making it a popular choice for families.","1771686545285"
"t7t6g7jda3amlwgfb01","What are the cultures like in Marin and Lamorinda for a family with young kids?","9ylteta1brqmlwgfbet","","1771686545285"
"t7t6g7jda3amlwgfb01","What are the cultures like in Marin and Lamorinda for a family with young kids?","di7swm42n84mlwgfbet","Marin offers a laid-back vibe with a strong emphasis on outdoor activities. Families thrive here, and the schools are known for their excellent reputation.","1771686545285"
"t7t6g7jda3amlwgfb01","What are the cultures like in Marin and Lamorinda for a family with young kids?","vdjvvdo5aamlwgfbet","","1771686545285"
"t7t6g7jda3amlwgfb01","What are the cultures like in Marin and Lamorinda for a family with young kids?","27owzghdnbkmlwgfbeu","Both areas have access to beautiful parks and trails, but Marin has a more diverse range of outdoor options, including some stunning coastal views.","1771686545286"
"t7t6g7jda3amlwgfb01","What are the cultures like in Marin and Lamorinda for a family with young kids?","jtmlyyrdxnmlwgfbeu","","1771686545286"
"kxhkzmc0geimlwf501t","What are your thoughts on AIR's ""My Window (Color Me You)"" and its impact on the pop music scene?","5ibv2vc1e15mlwf50dx","The track showcases a unique blend of ethereal sounds that elevate the pop genre, making it a standout piece from 2014.","1771684384821"
"kxhkzmc0geimlwf501t","What are your thoughts on AIR's ""My Window (Color Me You)"" and its impact on the pop music scene?","hspvu9em5ztmlwf50dx","While it may not have garnered mainstream attention, its artistic merit and atmospheric quality resonate with a niche audience.","1771684384821"
"kxhkzmc0geimlwf501t","What are your thoughts on AIR's ""My Window (Color Me You)"" and its impact on the pop music scene?","rgziojeesvpmlwf50dx","Some listeners find it lacks the immediate catchiness typically associated with pop, preferring more conventional hooks and melodies.","1771684384821"
"41zvlzs6ilsmlwdyk6m","What are the biggest flaws in ""The Notebook"" as a romantic story?","4ao5nyca3vnmlwdyklu","The narrative glorifies unhealthy obsession rather than presenting a balanced, mutual relationship, which can be harmful to viewers' perceptions of love.","1771682404818"
"41zvlzs6ilsmlwdyk6m","What are the biggest flaws in ""The Notebook"" as a romantic story?","gdnex69rxmlwdyklu","The imbalance in effort between the characters is glaring and undermines the notion of true love.","1771682404818"
"41zvlzs6ilsmlwdyk6m","What are the biggest flaws in ""The Notebook"" as a romantic story?","wdoja5l9izmlwdyklu","Noah's unwavering devotion to a woman who shows little reciprocation is unrealistic and paints a troubling picture of romance.","1771682404818"
"tr0jrq71u2qmlw9j366","What are some of the most surprising medical anomalies that have been documented?","2p2w2l2x10ymlw9j3mk","Medical anomalies like this one can provide valuable insights into genetic variations and developmental processes.","1771674964508"
"tr0jrq71u2qmlw9j366","What are some of the most surprising medical anomalies that have been documented?","es7i6vbja0gmlw9j3mk","Such cases highlight the complexity of the human body and often lead to further research and discovery.","1771674964508"
"tr0jrq71u2qmlw9j366","What are some of the most surprising medical anomalies that have been documented?","vpxvm49kptmlw9j3mk","The existence of triphallia is astonishing and challenges our understanding of human anatomy.","1771674964508"
"jpwa91zxd1kmlvymv8r","What are your thoughts on Masaru Imada's ""The Shadow Of The Castle"" and its place in the post-bop genre?","haq3xki4ix6mlvymvla","The intricate harmonies and modal shifts in this piece showcase the innovative spirit of the post-bop era, making it a standout track.","1771656664942"
"jpwa91zxd1kmlvymv8r","What are your thoughts on Masaru Imada's ""The Shadow Of The Castle"" and its place in the post-bop genre?","kfiillzwzs8mlvymvlb","While some may not consider it essential listening, its subtle complexities and emotional depth offer a rewarding experience for attentive listeners.","1771656664943"
"jpwa91zxd1kmlvymv8r","What are your thoughts on Masaru Imada's ""The Shadow Of The Castle"" and its place in the post-bop genre?","nu0ob44m7bgmlvymvlb","This album captures a unique blend of traditional jazz and modern influences, reflecting the evolving nature of jazz during the 1970s.","1771656664943"
"30ul61jwml8mlvwpf6u","What are the implications of Ted Sarandos' accusation against James Cameron regarding the Warner Bros. deal?","xibqam8uqximlvwpfj1","Accusations like Sarandos' can reveal deeper industry rivalries and may undermine public trust in the motivations behind major corporate decisions.","1771653424861"
"30ul61jwml8mlvwpf6u","What are the implications of Ted Sarandos' accusation against James Cameron regarding the Warner Bros. deal?","6igh2ed7crfmlvwpfj2","This situation highlights the ongoing tension between streaming services and traditional studios, raising questions about transparency and competition in the industry.","1771653424862"
"30ul61jwml8mlvwpf6u","What are the implications of Ted Sarandos' accusation against James Cameron regarding the Warner Bros. deal?","j5tyv6u8ghmlvwpfj2","Cameron's claims about Netflix indicate a broader concern about the future of theatrical releases and the evolving landscape of content distribution.","1771653424862"
"k7z5mbdsyjmlvtcir8","What are your thoughts on the fear of bees and how it affects people's interactions with them?","k2pamob8deqmlvtcj9b","The fear of bees can be debilitating for some, and education about their behavior is essential to help alleviate those fears.","1771647784319"
"k7z5mbdsyjmlvtcir8","What are your thoughts on the fear of bees and how it affects people's interactions with them?","tchn3jk8g3mlvtcj9b","Fear of bees is often rooted in misinformation; they are generally harmless if left undisturbed.","1771647784319"
"k7z5mbdsyjmlvtcir8","What are your thoughts on the fear of bees and how it affects people's interactions with them?","u8pkxq4kvwpmlvtcj9b","Respecting bees is crucial for environmental health, and overcoming that fear can foster a greater appreciation for nature.","1771647784319"
"77b0jaz8zi9mlvqf2l0","What does the donation from a bridge owner to a PAC reveal about the intersection of politics and infrastructure funding?","v734hf5ggmemlvqf2nu","This donation raises serious questions about the influence of corporate money in politics, especially when public projects are involved.","1771642863930"
"77b0jaz8zi9mlvqf2l0","What does the donation from a bridge owner to a PAC reveal about the intersection of politics and infrastructure funding?","b94ho5ntyomlvqf2nv","The bridge owner's financial support for MAGA Inc. PAC highlights a troubling reality where political contributions may prioritize personal interests over community needs.","1771642863931"
"77b0jaz8zi9mlvqf2l0","What does the donation from a bridge owner to a PAC reveal about the intersection of politics and infrastructure funding?","v1jj5um83hemlvqf2nv","Infrastructure should be funded through public means, not tied to political donations that could lead to favoritism or corruption.","1771642863931"
"7czdu83gswcmlvok7cu","How do people in Northern Virginia cope with high electricity bills?","c69fn5yr70cmlvok7mt","Many residents are exploring energy-efficient appliances and smart home technology to reduce costs.","1771639744421"
"7czdu83gswcmlvok7cu","How do people in Northern Virginia cope with high electricity bills?","jqcguti3jbdmlvok7mt","It's frustrating, but budgeting for high bills has become a necessity for many families in the area.","1771639744421"
"7czdu83gswcmlvok7cu","How do people in Northern Virginia cope with high electricity bills?","5rolc6w5ae4mlvok7mu","Some are advocating for community programs that provide assistance to those struggling with utility expenses.","1771639744422"
"7eltwxv69yomlvo9xok","What implications does the San Francisco Standard going ‘AI-native’ have for journalism and media in the region?","phvsn56qa6mlvo9xsk","Embracing AI might compromise journalistic integrity, as automated processes could lead to inaccuracies or a lack of depth in reporting.","1771639265108"
"7eltwxv69yomlvo9xok","What implications does the San Francisco Standard going ‘AI-native’ have for journalism and media in the region?","z3ab0q6ntbmlvo9xsk","The shift towards AI-native journalism could streamline content creation, allowing for more timely reporting and analysis.","1771639265108"
"7eltwxv69yomlvo9xok","What implications does the San Francisco Standard going ‘AI-native’ have for journalism and media in the region?","jnrwbyscq39mlvo9xsl","This move reflects a broader trend in media, where adapting to technology is essential for survival, but it raises concerns about the future of human-driven storytelling.","1771639265109"
"on0m0431pcmlvkdrez","What could be causing spots on my stomach that resemble mild whiteheads?","wfowkvtckfmlvkdrnq","These spots could be a form of folliculitis, which is common and often arises from bacteria or irritation.","1771632725318"
"on0m0431pcmlvkdrez","What could be causing spots on my stomach that resemble mild whiteheads?","3gmpflcxg9qmlvkdrnr","Consider whether the body wash or any fabric like towels could be causing irritation. Switching to a different product may help.","1771632725319"
"on0m0431pcmlvkdrez","What could be causing spots on my stomach that resemble mild whiteheads?","l1pw4jxse7jmlvkdrnr","It's also worth consulting a dermatologist for a proper diagnosis, as changes in skin can sometimes indicate underlying issues.","1771632725319"
"cqj9k3kx18omlva8l5i","What are the implications of police officers being charged with covering up misconduct within their ranks?","e5zq1vogtmlmlva8liv","The integrity of law enforcement is compromised when officers prioritize loyalty over accountability.","1771615687927"
"cqj9k3kx18omlva8l5i","What are the implications of police officers being charged with covering up misconduct within their ranks?","h72dqg90nq4mlva8liv","This situation reflects a deeper culture within the police that can undermine public trust and safety.","1771615687927"
"cqj9k3kx18omlva8l5i","What are the implications of police officers being charged with covering up misconduct within their ranks?","qre0ff1mw2mlva8liv","Addressing such cover-ups is crucial for reform, but it requires systemic changes in police practices and oversight.","1771615687927"
"4gibp153mmpmlv9dnfd","What are your thoughts on the recent snowfall on Mt. Diablo?","7h3arg6pqd2mlv9dnt9","The snow adds a beautiful, serene layer to the landscape that’s rarely seen in this area.","1771614244557"
"4gibp153mmpmlv9dnfd","What are your thoughts on the recent snowfall on Mt. Diablo?","rjytco9uzhqmlv9dnt9","It's an unusual event that makes one appreciate the changing climate and its unpredictable nature.","1771614244557"
"4gibp153mmpmlv9dnfd","What are your thoughts on the recent snowfall on Mt. Diablo?","we8yr2mg32mlv9dnt9","The snowfall creates challenges for local wildlife and ecosystems that must adapt quickly to these changes.","1771614244557"
"dzrp4gntp3umlv8nyed","What do you think about the portrayal of New York City in historical photographs from the early 20th century?","91fnkt3tgx9mlv8nysq","The stark contrast between the architecture and the daily life captured in those images offers a fascinating glimpse into the past.","1771613045738"
"dzrp4gntp3umlv8nyed","What do you think about the portrayal of New York City in historical photographs from the early 20th century?","luhy5ags2camlv8nysr","It's incredible how these images can evoke nostalgia while also showcasing the grit and resilience of the city and its inhabitants during that era.","1771613045739"
"dzrp4gntp3umlv8nyed","What do you think about the portrayal of New York City in historical photographs from the early 20th century?","vzwfnko0swmlv8nysr","Historical photos like this one highlight the rapid changes New York has undergone, making it a valuable resource for understanding urban development.","1771613045739"
"0hainb310b1mlv84my9","What are your thoughts on the historical significance of New York City in 1913?","1pyrhbcdsitmlv84nfz","The city's growth during this period laid the foundation for modern urban life and cultural diversity.","1771612144559"
"0hainb310b1mlv84my9","What are your thoughts on the historical significance of New York City in 1913?","bbgmgwlyjnjmlv84ng0","The events of that year, particularly in art and politics, marked a turning point that resonated through the decades.","1771612144560"
"0hainb310b1mlv84my9","What are your thoughts on the historical significance of New York City in 1913?","vj6uuwmcpfbmlv84ng0","In 1913, New York was a melting pot of immigrants, shaping its identity and influence on the world stage.","1771612144560"
"05898fat2qpmlv777gs","What are some historical events that had unintended economic consequences?","d43189kf979mlv777xt","Unintended consequences like hyperinflation highlight the complexities of economic systems; mining can create wealth but also destroy it.","1771610584817"
"05898fat2qpmlv777gs","What are some historical events that had unintended economic consequences?","j4fqr60m4omlv777xt","The discovery of the silver mountain in Bolivia illustrates how resource wealth can lead to economic instability rather than prosperity.","1771610584817"
"05898fat2qpmlv777gs","What are some historical events that had unintended economic consequences?","kzvo0xiinemlv777xt","This situation reflects the dangers of over-reliance on a single resource; it’s a lesson that resonates with modern economies today.","1771610584817"
"65p3wk0kxb7mlv4rrhv","Why do airlines prioritize profit over customer experience when it comes to seating arrangements?","8vngcpmqq7emlv4rrpr","","1771606504719"
"65p3wk0kxb7mlv4rrhv","Why do airlines prioritize profit over customer experience when it comes to seating arrangements?","j8m56ekk51hmlv4rrpr","","1771606504719"
"65p3wk0kxb7mlv4rrhv","Why do airlines prioritize profit over customer experience when it comes to seating arrangements?","wfky3vnfd4imlv4rrpr","Airlines are exploiting customers by fragmenting seating arrangements, forcing them to pay extra for what should be a basic service.","1771606504719"
"65p3wk0kxb7mlv4rrhv","Why do airlines prioritize profit over customer experience when it comes to seating arrangements?","1y3ft6gpj9oimlv4rrps","","1771606504720"
"65p3wk0kxb7mlv4rrhv","Why do airlines prioritize profit over customer experience when it comes to seating arrangements?","edj2hldokdumlv4rrps","It's frustrating to see airlines take advantage of families and couples who simply want to sit together; it's an unnecessary hassle that detracts from the travel experience.","1771606504720"
"65p3wk0kxb7mlv4rrhv","Why do airlines prioritize profit over customer experience when it comes to seating arrangements?","rnx2xj01lnamlv4rrps","The problem lies not with the passengers but with the airline industry's shift towards a profit-centric model that neglects basic customer needs.","1771606504720"
"f5ggkug0aygmlv4k1ph","Anyone in SF have a pro camera for a quick headshot?","f6tg0fbwbjjmlv4k1uf","Many photographers in the Bay Area offer affordable rates for headshots, making it easy to find someone without breaking the bank.","1771606144599"
"f5ggkug0aygmlv4k1ph","Anyone in SF have a pro camera for a quick headshot?","qw7rs8lsonmlv4k1uf","Professional headshots can significantly impact job opportunities, so investing in a good one is worth it.","1771606144599"
"f5ggkug0aygmlv4k1ph","Anyone in SF have a pro camera for a quick headshot?","xb2oyxpouemlv4k1ug","It's often better to barter services; a lunch or coffee trade can lead to a mutually beneficial arrangement.","1771606144600"
"hgad62jxewomlv0p5fz","What are some effective treatments or care tips for persistent jock itch?","qvhf76cppy8mlv0p5sz","Consider consulting a dermatologist for a more tailored approach; they may have better solutions than over-the-counter options.","1771599664547"
"hgad62jxewomlv0p5fz","What are some effective treatments or care tips for persistent jock itch?","ru87vl2x9ipmlv0p5sz","Switching to moisture-wicking fabrics could be beneficial, as they help keep the area dry and reduce irritation.","1771599664547"
"hgad62jxewomlv0p5fz","What are some effective treatments or care tips for persistent jock itch?","yhplo2kuzr8mlv0p5sz","Dietary changes can impact skin health; reducing sugar and processed foods might help with skin issues.","1771599664547"
"p12zpm8m0bamluy1zi2","How can an aspiring musician transition from demo recordings to a marketable sound?","a2v3p7uhtasmluy1zxi","Collaborating with other artists can provide fresh perspectives and push creative boundaries.","1771595224614"
"p12zpm8m0bamluy1zi2","How can an aspiring musician transition from demo recordings to a marketable sound?","a4l1w3bihh8mluy1zxj","Building a solid online presence through social media and music platforms is essential for visibility.","1771595224615"
"p12zpm8m0bamluy1zi2","How can an aspiring musician transition from demo recordings to a marketable sound?","ecxdx6arzmfmluy1zxj","Investing in professional production services can elevate the quality of your music significantly.","1771595224615"
"p12zpm8m0bamluy1zi2","How can an aspiring musician transition from demo recordings to a marketable sound?","6n85zozbrsumlv4fmo2","I'm not sure what you mean by marketable sound","1771605938306"
"cwy9s2v0qymluddelx","What are your thoughts on Melissa Barrera's Broadway debut in the parody musical ‘Titanique’?","fevfakxqawmluddeyt","Her transition from film to Broadway shows her versatility as a performer and could attract a younger audience to theater.","1771560485381"
"cwy9s2v0qymluddelx","What are your thoughts on Melissa Barrera's Broadway debut in the parody musical ‘Titanique’?","8hcl6uewicjmluddeyu","Parody musicals often miss the mark, so the success of ‘Titanique’ will depend heavily on the writing and direction.","1771560485382"
"cwy9s2v0qymluddelx","What are your thoughts on Melissa Barrera's Broadway debut in the parody musical ‘Titanique’?","u9c539snd8mluddeyu","Broadway is a challenging platform, and it will be interesting to see if she can handle the demands of live performance.","1771560485382"
"lw9mb6fnk0lmlucasid","What is your take on the cultural significance of food during major sporting events?","4sr5pfhc5zkmlucasu9","Food plays a crucial role in creating a sense of community and enhancing the overall experience of watching sports together.","1771558683777"
"lw9mb6fnk0lmlucasid","What is your take on the cultural significance of food during major sporting events?","sjcev35gvkimlucasua","Celebrating with specific foods, like chicken wings for the Super Bowl, adds a layer of tradition that many look forward to each year.","1771558683778"
"lw9mb6fnk0lmlucasid","What is your take on the cultural significance of food during major sporting events?","y8h6x9pzq3bmlucasua","Some argue that the focus on food detracts from the sport itself, overshadowing the actual game and its significance.","1771558683778"
"kqcbvuy137mlubrj11","What could the flashing orange lights on the PG&E pole indicate?","2mw10nd1p6fmlubrjjz","It could signal an ongoing maintenance issue or alert for nearby workers.","1771557785279"
"kqcbvuy137mlubrj11","What could the flashing orange lights on the PG&E pole indicate?","g2lvuyauzwmlubrjjz","Those lights might be part of a new safety feature, especially if they just installed them.","1771557785279"
"kqcbvuy137mlubrj11","What could the flashing orange lights on the PG&E pole indicate?","nk4lug6g0immlubrjk0","It’s likely some sort of malfunction, especially if they’re blinking unexpectedly.","1771557785280"
"b0dl5zbl9ygmlu9jrvc","Anyone have luck with using Head and Shoulders as acne wash?","5yhawe96p9nmlu9js4b","Using Head and Shoulders for acne can be effective; it helped clear up my breakouts significantly.","1771554063899"
"b0dl5zbl9ygmlu9jrvc","Anyone have luck with using Head and Shoulders as acne wash?","7df4gx3hgdmlu9js4c","It’s worth a shot if a doctor suggested it, but individual results can really vary.","1771554063900"
"b0dl5zbl9ygmlu9jrvc","Anyone have luck with using Head and Shoulders as acne wash?","vt5r03d5qpmlu9js4c","I tried it once, but it dried my skin out too much, so I wouldn’t recommend it for everyone.","1771554063900"
"b0dl5zbl9ygmlu9jrvc","Anyone have luck with using Head and Shoulders as acne wash?","eybz1q3scfemluaapm6","Never used it","1771555320366"
"b0dl5zbl9ygmlu9jrvc","Anyone have luck with using Head and Shoulders as acne wash?","2nv7hfs22xtmluak5ql","The only thing that helps my acne is washing my face every day consistently.","1771555761165"
"4x74dx7pki7mlu8xyhw","What interesting facts have you learned recently?","374gnjj2k0kmlu8xyqq","The idea of using fish as a candle is wild! It makes me wonder what other unusual uses for animals or plants we haven't discovered yet.","1771553046050"
"4x74dx7pki7mlu8xyhw","What interesting facts have you learned recently?","pw0bffu3bymlu8xyqq","Eulachons are fascinating not just for their use as candles, but also for their role in local ecosystems and indigenous cultures.","1771553046050"
"4x74dx7pki7mlu8xyhw","What interesting facts have you learned recently?","tgncfsr5d1fmlu8xyqq","Learning about the eulachon highlights the unique ways different societies utilize natural resources; it's a reminder of our connection to the environment.","1771553046050"
"4ggfleadazpmlu3c0dl","What are the implications of the Defense Department's dispute with Anthropic over A.I. safety?","3iklb8kexwtmlu3c0ko","The conflict reveals a fundamental tension between innovation and regulation that could stall technological advancement.","1771543623912"
"4ggfleadazpmlu3c0dl","What are the implications of the Defense Department's dispute with Anthropic over A.I. safety?","uxaqilrto9mlu3c0ko","The Defense Department's involvement underscores the gravity of A.I. safety in national security.","1771543623912"
"4ggfleadazpmlu3c0dl","What are the implications of the Defense Department's dispute with Anthropic over A.I. safety?","bk13ggx6o6amlu3c0kp","Anthropic's stance highlights the importance of ethical considerations in A.I. development, which should not be overshadowed by governmental interests.","1771543623913"
"lh5cajlcpxamltwu1wu","If two things taste good, do they really taste good together?","104q405nc3nlmltwu21j","The idea that all good flavors can coexist is flawed; some combinations can genuinely clash and ruin the dish.","1771532708311"
"lh5cajlcpxamltwu1wu","If two things taste good, do they really taste good together?","d7j92ormpafmltwu21j","Taste is subjective, and what works for one person can be off-putting to another; there are definitely pairings that don't belong together.","1771532708311"
"lh5cajlcpxamltwu1wu","If two things taste good, do they really taste good together?","eyrsj5tcovmltwu21j","Combining flavors can enhance the eating experience, especially when different textures are involved.","1771532708311"
"61hyakkrm7emltv702d","What are your thoughts on the SAVE Act?","ijfsatsrcilmltv7060","Requiring photo ID to vote seems reasonable but other requirements like birth certificates or passports are too onerous.","1771529953176"
"61hyakkrm7emltv702d","What are your thoughts on the SAVE Act?","m3ytvu8tttmltv7060","I support passing the SAVE Act","1771529953176"
"61hyakkrm7emltv702d","What are your thoughts on the SAVE Act?","prjagb2h2rmltv7060","There has basically been no evidence of outcome-determinant voter fraud so this solves a problem that doesn't exist.","1771529953176"
"61hyakkrm7emltv702d","What are your thoughts on the SAVE Act?","temg7716eipmltv7060","I think it's largely a political move to further discourage voter turnout from the Democratic party.","1771529953176"
"75m56nb2bu3mlst9iym","What do you get complimented on the most?","bout4zh2ex6mlst9izt","The compliments I hear most frequently are about my cooking; friends and family always rave about my meals.","1771466245481"
"75m56nb2bu3mlst9iym","What do you get complimented on the most?","cb1gw5i8tavmlst9izt","People often comment on my ability to make others laugh; humor seems to be my strong suit.","1771466245481"
"75m56nb2bu3mlst9iym","What do you get complimented on the most?","qqyxbww1mtmlst9izt","I've received a lot of praise for my work ethic; dedication really stands out in my professional life.","1771466245481"
"75m56nb2bu3mlst9iym","What do you get complimented on the most?","cfghj6umlx4mlstawn0","Musical ability!","1771466309820"
"8e2hn45szn7mlst9hiv","What songs or shows from the 80s/90s do you still put on because it feels comforting?","8eaxqhj5txhmlst9hjt","The nostalgic soundtracks of the 80s, like Whitney Houston's hits, always bring back memories of simpler times.","1771466243609"
"8e2hn45szn7mlst9hiv","What songs or shows from the 80s/90s do you still put on because it feels comforting?","19wx0rg0olsmlst9hju","Nothing beats the classic sitcoms from the 90s; shows like ""Friends"" provide that perfect blend of humor and warmth.","1771466243610"
"8e2hn45szn7mlst9hiv","What songs or shows from the 80s/90s do you still put on because it feels comforting?","3h9pnqekkzymlst9hju","Listening to 80s synth-pop feels like a warm hug; it instantly lifts the mood and transports back to carefree days.","1771466243610"
"8e2hn45szn7mlst9hiv","What songs or shows from the 80s/90s do you still put on because it feels comforting?","gzigc9tfvpmlstbiz7","Seinfeld is my constant go-to","1771466338771"
"yvxfwqtxtb8mlst9g08","What’s something you believed way too long as a kid?","10hixnqd2ygmlst9g1b","The Tooth Fairy was real. It wasn't until I was a teenager that I realized my parents were just leaving money under my pillow.","1771466241648"
"yvxfwqtxtb8mlst9g08","What’s something you believed way too long as a kid?","282i1jl6lu7mlst9g1c","For years, I thought that if I swallowed gum, it would stay in my stomach for seven years. It took a friend laughing it off to finally make me question that.","1771466241648"
"yvxfwqtxtb8mlst9g08","What’s something you believed way too long as a kid?","l9ppvblhh9jmlst9g1c","I was convinced that if I stepped on a crack, it would break my mother's back. The fear of that made me walk like a ninja for too long.","1771466241648"
"yvxfwqtxtb8mlst9g08","What’s something you believed way too long as a kid?","g7hzhzj953imlstc6ce","I believed I had superpowers (Maybe I still do!)","1771466369054"
"djpmn30rwsomlst9e0z","Why might someone constantly compare themselves to others and struggle to know who they really are?","g9b52o17t1mlst9e1u","Comparison can stem from societal pressures and the need for validation; people often measure their worth against others' successes.","1771466239074"
"djpmn30rwsomlst9e0z","Why might someone constantly compare themselves to others and struggle to know who they really are?","q6sry0wgkpemlst9e1u","The pervasive influence of social media amplifies this behavior, creating a distorted reality that fuels constant comparison.","1771466239074"
"djpmn30rwsomlst9e0z","Why might someone constantly compare themselves to others and struggle to know who they really are?","qhd8igw8dj9mlst9e1u","Individuals may lack a strong sense of self or have unresolved insecurities, leading them to seek external benchmarks for identity.","1771466239074"
"9y7hrtaqrscmlst9c68","If your pet told you they got married in a dream, what would you do?","4b2lig5m46tmlst9c7e","That's adorable; I'd probably ask them about their dream spouse and what the ceremony was like.","1771466236682"
"9y7hrtaqrscmlst9c68","If your pet told you they got married in a dream, what would you do?","h6rvfxsqnumlst9c7e","A pet's dream marriage might reveal their personality; I'd take it seriously and plan a fun pet-themed celebration.","1771466236682"
"9y7hrtaqrscmlst9c68","If your pet told you they got married in a dream, what would you do?","ijwhae7okjsmlst9c7e","I'd be concerned about their mental state; maybe it’s time for a vet visit to check for any unusual behavior.","1771466236682"
"wu7n7g2145hmlst9ake","What is becoming too expensive for what it is?","7b3kp6rx16mlst9als","Streaming services have reached a point where subscribing to multiple platforms is just as costly as cable, but with less content.","1771466234608"
"wu7n7g2145hmlst9ake","What is becoming too expensive for what it is?","l3g53djbb98mlst9als","Healthcare costs are skyrocketing, yet the quality of care often remains the same or even declines.","1771466234608"
"wu7n7g2145hmlst9ake","What is becoming too expensive for what it is?","n9hx7zaw23nmlst9als","College tuition is out of control, and the job market isn’t necessarily offering higher returns for those degrees anymore.","1771466234608"
"6wtadbt9qxsmlst983p","What everyday habit do you think only exists because nobody has stopped to question it?","vz5ueslrg9dmlst984p","People blindly follow the tradition of using specific utensils for each meal, even when it doesn't enhance the experience.","1771466231401"
"6wtadbt9qxsmlst983p","What everyday habit do you think only exists because nobody has stopped to question it?","y5gtf9l00rtmlst984p","The practice of standing in line, despite numerous alternatives like mobile check-ins, feels outdated and inefficient.","1771466231401"
"6wtadbt9qxsmlst983p","What everyday habit do you think only exists because nobody has stopped to question it?","zcsyf9n5sqmlst984p","Many folks still send handwritten thank-you notes, but it’s a habit that seems more about obligation than genuine appreciation in today’s digital age.","1771466231401"
"lprmxjwyobmlst964a","What would Rick Sanchez’ Drag name be?","vabj18r4ybtmlst965b","""Something like 'Rickulous' captures both his outrageous personality and his genius.""","1771466228831"
"lprmxjwyobmlst964a","What would Rick Sanchez’ Drag name be?","gi4rp64ajuamlst965c","""I’d go with 'Dimension Diva' to reflect his interdimensional adventures and flamboyant style.""","1771466228832"
"lprmxjwyobmlst964a","What would Rick Sanchez’ Drag name be?","i0nndwkz7hsmlst965c","""How about 'Dr. Morticia Sanchez'? It has a nice ring to it and plays on his relationships.""","1771466228832"
"q6s7lsr8rckmlst942z","What is your dream height?","enl60s4zw3rmlst9447","Around 5'10"" strikes the right balance; versatile for both comfort and style.","1771466226199"
"q6s7lsr8rckmlst942z","What is your dream height?","qnkp00ez8ymlst9447","Being 6'5"" would be ideal; it combines presence with athleticism.","1771466226199"
"q6s7lsr8rckmlst942z","What is your dream height?","wk81gq6270imlst9447","A height of 5'8"" feels perfect—tall enough to stand out without being overly imposing.","1771466226199"
"3y9c2d195m4mlst92wn","Why do you think someone truly loves you and isn't just pretending?","2tjapsyji21mlst92xj","Genuine love is often reflected in consistent actions over time, not just words.","1771466224663"
"3y9c2d195m4mlst92wn","Why do you think someone truly loves you and isn't just pretending?","7nbfmudnwbxmlst92xj","People can have complex motivations; it’s possible to feel love while also struggling with insecurities.","1771466224663"
"3y9c2d195m4mlst92wn","Why do you think someone truly loves you and isn't just pretending?","hiv6r04gxp6mlst92xj","Emotional connection can be incredibly deep; sometimes it transcends the need for validation.","1771466224663"
"56lch9lghv7mlst919j","What’s something you’re pretending not to care about?","48oc5zgm3dqmlst91ah","The constant pressure to keep up with social media trends is exhausting. I act like it doesn’t bother me, but it really does.","1771466222537"
"56lch9lghv7mlst919j","What’s something you’re pretending not to care about?","7ickxyyl43hmlst91ai","Schooling choices for my kids are a huge deal, yet I pretend I’m chill about it. The stress is real behind the facade.","1771466222538"
"56lch9lghv7mlst919j","What’s something you’re pretending not to care about?","pwzhij9ukemmlst91ai","People think I’m indifferent about my job, but I actually care a lot about making an impact. I just don’t show it anymore.","1771466222538"
"232xvzfr7umlst8zbc","What in 2026 helps find the right person?","bew14kr8j0umlst8zc8","Virtual reality experiences might create immersive dating scenarios that help individuals gauge compatibility in a more engaging way.","1771466220008"
"232xvzfr7umlst8zbc","What in 2026 helps find the right person?","i9t76le5igdmlst8zc8","Social media trends will likely play a significant role, as platforms evolve to support more authentic connections rather than superficial interactions.","1771466220008"
"232xvzfr7umlst8zbc","What in 2026 helps find the right person?","kyw71e1rhnmlst8zc8","Advancements in AI matchmaking could streamline the process of finding compatible partners based on detailed personality assessments.","1771466220008"
"m3zvqrioqmdmlst8xu7","If money didn’t matter, what would you do with your time?","5denast02vmlst8xvl","Volunteering and helping others would provide a sense of purpose and connection.","1771466218113"
"m3zvqrioqmdmlst8xu7","If money didn’t matter, what would you do with your time?","ki4qwoscdfdmlst8xvl","Creating art and dedicating time to personal projects would lead to more fulfillment.","1771466218113"
"m3zvqrioqmdmlst8xu7","If money didn’t matter, what would you do with your time?","lnlyl06d6qmlst8xvl","Traveling the world and experiencing different cultures would be the first priority.","1771466218113"
"sjbses9b4mlst8wnx","When was the last time you felt genuinely at peace?","fod1sg9pp5wmlst8wos","The last time I felt at peace was during a quiet evening at home, just reading a good book with no distractions.","1771466216572"
"sjbses9b4mlst8wnx","When was the last time you felt genuinely at peace?","kajz6nosgamlst8wos","Meditation has become a regular practice, and the stillness I find in those moments is unlike anything else.","1771466216572"
"sjbses9b4mlst8wnx","When was the last time you felt genuinely at peace?","zklyaq45cpmlst8wos","After a long hike in nature, the tranquility of the mountains brought a profound sense of calm.","1771466216572"
"87hspebzicxmlst8v0p","What is the scariest thing that has ever actually happened to you?","6o02o57rz8smlst8v1l","Encountering a wild animal on a hiking trail was the scariest moment; the unpredictability of nature can be truly chilling.","1771466214441"
"87hspebzicxmlst8v0p","What is the scariest thing that has ever actually happened to you?","f3t9mm4c3v9mlst8v1l","Surviving a car accident where the vehicle flipped over felt surreal; the adrenaline rush and realization of vulnerability were haunting.","1771466214441"
"87hspebzicxmlst8v0p","What is the scariest thing that has ever actually happened to you?","z8wbvd04abgmlst8v1l","A near-drowning experience while swimming in a rough ocean left a profound impact; the feeling of helplessness was terrifying.","1771466214441"
"072opcjhe058mlst8sve","What are your thoughts on still sleeping at times with your mom being 19?","4csoa1tgcmpmlst8sxg","It's perfectly normal for young adults to seek comfort and security from their parents.","1771466211700"
"072opcjhe058mlst8sve","What are your thoughts on still sleeping at times with your mom being 19?","klj67fkgn38mlst8sxh","Maintaining that closeness can be beneficial for both parties as long as boundaries are respected.","1771466211701"
"072opcjhe058mlst8sve","What are your thoughts on still sleeping at times with your mom being 19?","pg2jp24p7qlmlst8sxh","At 19, it's important to establish independence; relying on parental comfort might hinder that growth.","1771466211701"
"4ja8z4xdwycmlst8qw3","What undomesticated animal do you wish you could have as a domesticated pet?","2am9mtmhduzmlst8qxj","Having a falcon as a pet would be amazing; the freedom and majesty of flight would be unmatched.","1771466209111"
"4ja8z4xdwycmlst8qw3","What undomesticated animal do you wish you could have as a domesticated pet?","fluwnl2o02nmlst8qxj","A wolf would be an incredible companion, combining loyalty and wild beauty.","1771466209111"
"4ja8z4xdwycmlst8qw3","What undomesticated animal do you wish you could have as a domesticated pet?","w8mdmp0xmnmlst8qxj","Imagine having a capybara; they're social, calm, and would fit right into a family setting.","1771466209111"
"oxub1djul8mlst8pdf","What’s something you wished you spoke up about sooner but it’s too late?","l7b5c6tts3jmlst8pf7","A missed opportunity to voice concerns in a toxic work environment led to unnecessary stress and burnout.","1771466207155"
"oxub1djul8mlst8pdf","What’s something you wished you spoke up about sooner but it’s too late?","10k87it9ak4mlst8pf8","Silence about a friend's destructive behavior resulted in a broken friendship that could have been salvaged with honesty.","1771466207156"
"oxub1djul8mlst8pdf","What’s something you wished you spoke up about sooner but it’s too late?","j9lv2ud179mlst8pf8","Regrets often stem from not addressing personal boundaries in relationships, leaving lingering feelings of resentment.","1771466207156"
"fva9zr929tfmlst8md5","Have you ever had a super rich professor start teaching after a successful career elsewhere? If so what did they do?","smvpyisjmjomlst8mek","Many of these professors bring a wealth of real-world experience that enhances classroom discussions and makes learning more applicable.","1771466203244"
"fva9zr929tfmlst8md5","Have you ever had a super rich professor start teaching after a successful career elsewhere? If so what did they do?","ny8qpinwasmlst8mel","Some of them use their wealth to fund research projects and scholarships, greatly benefiting the university community.","1771466203245"
"fva9zr929tfmlst8md5","Have you ever had a super rich professor start teaching after a successful career elsewhere? If so what did they do?","zewjft8abxgmlst8mel","The transition often leads to a disconnect with students, as their practical insights may not align with academic theory.","1771466203245"
"mjr3m4bslwnmlst8jgo","What does happiness mean to men?","p6xdst8d0agmlst8jin","Happiness is finding contentment in everyday life and cherishing simple moments.","1771466199503"
"mjr3m4bslwnmlst8jgo","What does happiness mean to men?","qefl6t0ajbmlst8jin","It's about having the freedom to pursue passions without the weight of societal expectations.","1771466199503"
"mjr3m4bslwnmlst8jgo","What does happiness mean to men?","vtbbwwhfk6mlst8jin","True happiness stems from strong relationships and feeling fulfilled in both personal and professional life.","1771466199503"
"o0400ka00ymlst8hft","How do adult babies navigate the challenges of hate, bullying, and harassment when sharing their interests outside of their communities?","dzbgjgrzr3omlst8hhv","Finding supportive spaces is crucial; having a network of understanding individuals can make a significant difference in coping with negativity.","1771466196883"
"o0400ka00ymlst8hft","How do adult babies navigate the challenges of hate, bullying, and harassment when sharing their interests outside of their communities?","que7c52q4gmlst8hhv","It's essential to focus on self-acceptance and to remind oneself that everyone has unique interests, regardless of how unconventional they may seem.","1771466196883"
"o0400ka00ymlst8hft","How do adult babies navigate the challenges of hate, bullying, and harassment when sharing their interests outside of their communities?","xt1zl3bes7omlst8hhv","Facing criticism can be tough, but using it as motivation to educate others about the lifestyle often helps to reduce stigma over time.","1771466196883"
"tzrluw10lg8mlst8efk","What are your go-to pajamas for a good night's sleep?","2lnv8f47k6gmlst8ei8","Silk sleepwear adds a touch of luxury and feels amazing against the skin.","1771466193008"
"tzrluw10lg8mlst8efk","What are your go-to pajamas for a good night's sleep?","7ls2t8it3yamlst8ei8","Soft, cotton pajamas are the best for comfort and breathability.","1771466193008"
"tzrluw10lg8mlst8efk","What are your go-to pajamas for a good night's sleep?","h6drsodch6mlst8ei8","A simple oversized t-shirt and shorts work perfectly for staying cool at night.","1771466193008"
"760icbk36r7mlst8c7g","What is being frozen in fear like to you? Why did it happen?","0bs5dat5v56dmlst8c9p","In a crucial moment, it feels like an instinctual response, a primal defense mechanism kicking in. It’s not always about danger; sometimes, it’s the weight of overwhelming emotions.","1771466190109"
"760icbk36r7mlst8c7g","What is being frozen in fear like to you? Why did it happen?","ek499hsn4pgmlst8c9p","It's a paralyzing sensation, as if time stands still and rational thought is overtaken by sheer panic. The body goes numb, and nothing feels real in that moment.","1771466190109"
"760icbk36r7mlst8c7g","What is being frozen in fear like to you? Why did it happen?","r2w0yp8pyjmlst8c9p","The experience is disorienting and alienating, often triggered by unexpected or traumatic events. It can leave a lasting impact, making it difficult to confront similar situations later.","1771466190109"
"lulendoibn8mlst88w7","What’s the most ridiculous, unrealistic, or completely out of pocket thing you’ve ever seen get approved or somehow work in a MUN crisis committee?","83k5dsjdu7vmlst892n","One delegate suggested using a fictional character as a mediator, and incredibly, it was taken seriously, causing some hilarious debates.","1771466185967"
"lulendoibn8mlst88w7","What’s the most ridiculous, unrealistic, or completely out of pocket thing you’ve ever seen get approved or somehow work in a MUN crisis committee?","bwp29n62gkhmlst892n","The approval of a plan that involved a military intervention solely based on a popular TV show plot twist showcased the absurdity of the committee's decision-making process.","1771466185967"
"lulendoibn8mlst88w7","What’s the most ridiculous, unrealistic, or completely out of pocket thing you’ve ever seen get approved or somehow work in a MUN crisis committee?","udzyswuyq7mlst892n","A resolution to ban the use of all technology during a simulated crisis was surprisingly accepted, leading to complete chaos and confusion among delegates.","1771466185967"
"c2p9s2ilpvsmlssm3tg","What's the best way to spend a lazy Sunday afternoon?","3sj6ren0ptgmlssm3xk","Reading a good book while sipping on coffee","1771465152872"
"c2p9s2ilpvsmlssm3tg","What's the best way to spend a lazy Sunday afternoon?","j58ogwjrhomlssm40w","Binge-watching your favorite TV series","1771465152992"
"c2p9s2ilpvsmlssm3tg","What's the best way to spend a lazy Sunday afternoon?","li64rkl7dqdmlssm423","Going for a nature walk or hike","1771465153035"
"hhnqk5gki89mlsgbxfn","What do you think of bidets?","9mb2c03ftzgmlsgbxkx","They're reasonably priced at like $120","1771444522689"
"hhnqk5gki89mlsgbxfn","What do you think of bidets?","xs2rjya0pnlmlsgbxkx","I think it's probably way more hygienic.","1771444522689"
"hhnqk5gki89mlsgbxfn","What do you think of bidets?","2zaxv2zdlxqmlsgbxkx","It saves a bunch of money on toilet paper.","1771444522689"
"hhnqk5gki89mlsgbxfn","What do you think of bidets?","y0p8u28wczamlsgbxkx","In 20 years we'll all be using bidets and wondering how we lived without them.","1771444522689"
"hhnqk5gki89mlsgbxfn","What do you think of bidets?","irxf2769zumlsgbxkx","They're easy to install","1771444522689"
"hhnqk5gki89mlsgbxfn","What do you think of bidets?","5zfxc94iw45mlsgc8le","I own a bidet","1771444536962"
"qzmhiec3sfqmllh78mt","How can we cultivate emotional resilience during difficult times?
The world is stressful. How can we care for ourselves and others? 
Which of these would you use? Or Not?","0j7u153okrl7mllh78q0","Do puzzles instead of watching TV.","1771022720232"
"qzmhiec3sfqmllh78mt","How can we cultivate emotional resilience during difficult times?
The world is stressful. How can we care for ourselves and others? 
Which of these would you use? Or Not?","c55r4p1ywjvmllh78q0","Start a mediation practice","1771022720232"
"qzmhiec3sfqmllh78mt","How can we cultivate emotional resilience during difficult times?
The world is stressful. How can we care for ourselves and others? 
Which of these would you use? Or Not?","nzmuljua41omllh78q0","Do you live in the SF East Bay?","1771022720232"
"qzmhiec3sfqmllh78mt","How can we cultivate emotional resilience during difficult times?
The world is stressful. How can we care for ourselves and others? 
Which of these would you use? Or Not?","vqaxbscihqmllh78q0","Make in-person connections.","1771022720232"
"1cnj6bqdfdgmljlhybb","Song choices for the obscure playlist","4jq3zstcppmljli0el","I was hoping for a playlist we would all enjoy listening to.","1770909008781"
"1cnj6bqdfdgmljlhybb","Song choices for the obscure playlist","7s5bdu6itekmljli0el","The older songs felt like they were personal favorites of the poster but it wasn't considered much whether others would like them.","1770909008781"
"1cnj6bqdfdgmljlhybb","Song choices for the obscure playlist","hc409mhm3asmljli0el","I intentionally didn't include songs I liked because I didn't think others would like them.","1770909008781"
"1cnj6bqdfdgmljlhybb","Song choices for the obscure playlist","ph6eoe04vbmljli0el","When you're adding songs, you need to think about whether others will like it, not just whether you like it personally","1770909008781"
"1cnj6bqdfdgmljlhybb","Song choices for the obscure playlist","scxjbt9efwpmljli0el","The best songs struck an even balance between obscurity and enjoyability","1770909008781"
"1cnj6bqdfdgmljlhybb","Song choices for the obscure playlist","nzo6tbdcijnmljludkp","The problem with ""whether or not I heard the song"" is that there are millions of songs I haven't heard that aren't original/obscure/unique","1770909585721"
"1cnj6bqdfdgmljlhybb","Song choices for the obscure playlist","832re3dos9vmljrdcf5","Didn’t remember that being said.","1770918868769"
"1cnj6bqdfdgmljlhybb","Song choices for the obscure playlist","l2fnyzk9i5kmljrfkss","Don’t remember that being a thing we needed to consider.","1770918972940"
"1cnj6bqdfdgmljlhybb","Song choices for the obscure playlist","osucnat2vtmljrgjff","Why would that be an issue? The whole thing is to introduce song others might have heard. And that they may like.","1770919017819"
"1cnj6bqdfdgmljlhybb","Song choices for the obscure playlist","3qii1den346mljrh940","That depends entirely on the other and that is why we have a vote.","1770919051104"
"1cnj6bqdfdgmljlhybb","Song choices for the obscure playlist","jz2mmj36k29mljrhngb","That’s just like your opinion….","1770919069691"
"1cnj6bqdfdgmljlhybb","Song choices for the obscure playlist","bt7r9ibxsdmljridd8","Hate all we can’t communicate these things clearly, thank god for heard.","1770919103276"
"1cnj6bqdfdgmljlhybb","Song choices for the obscure playlist","ij24596yc5cmljritts","I don’t understand this.","1770919124608"
"nnaidz8xbkmliosmb6","Should Ward 2 pedestrianize two blocks of 17th St, from Q St to P St?","0n9fhxhrqgumlioso9h","It'll definitely disrupt through traffic to/from Massachusetts but I'm ok with that.","1770854078933"
"nnaidz8xbkmliosmb6","Should Ward 2 pedestrianize two blocks of 17th St, from Q St to P St?","1e3ygtlulqkmlioso9h","It's a very pedestrian-heavy area anyways, with lots of restaurants and Stead Park.","1770854078933"
"nnaidz8xbkmliosmb6","Should Ward 2 pedestrianize two blocks of 17th St, from Q St to P St?","gsd50tuvs4nmlioso9h","I'd love to see even more of 17th pedestrianized.","1770854078933"
"nnaidz8xbkmliosmb6","Should Ward 2 pedestrianize two blocks of 17th St, from Q St to P St?","h3vkiefd0zlmlioso9h","I'm in favor of pedestrianizing 17th from Q to P St.","1770854078933"
"nnaidz8xbkmliosmb6","Should Ward 2 pedestrianize two blocks of 17th St, from Q St to P St?","fleg2oqb40umljv5tpm","No, this is bad for local businesses because it will decrease visibility of drivers.","1770925236394"
"nnaidz8xbkmliosmb6","Should Ward 2 pedestrianize two blocks of 17th St, from Q St to P St?","oo5xi4akymemljwkue4","This will hurt local businesses","1770927616732"
"nnaidz8xbkmliosmb6","Should Ward 2 pedestrianize two blocks of 17th St, from Q St to P St?","3v7zej17l8omlk060xg","We should do all of 17th. Most people walk, most motorists are just speeding through","1770933643828"
"nnaidz8xbkmliosmb6","Should Ward 2 pedestrianize two blocks of 17th St, from Q St to P St?","ts7ivp4ph1mlldqtt2","I'm not sure what pedestrianize means","1771016915558"
"nnaidz8xbkmliosmb6","Should Ward 2 pedestrianize two blocks of 17th St, from Q St to P St?","9bu1uo591dmlmfn9kf","They should have a mandate to remove all electric lime and hoop scooters from the roads. They always ride on the sidewalks and are too slow for street traffic, which is where they are supposed to ride.","1771080574767"
"fv6ezwacbuomlfvc1e5","What do you think of Fully Automated Luxury Communism by Aaron Bastani?","vgz1yfjq3armlfvc5ru","I look forward to Fully Automated Luxury Communism.","1770683667258"
"fv6ezwacbuomlfvc1e5","What do you think of Fully Automated Luxury Communism by Aaron Bastani?","ypnnu2omo5mlfvhbk6","Communism is evil.","1770683908038"
"fv6ezwacbuomlfvc1e5","What do you think of Fully Automated Luxury Communism by Aaron Bastani?","jde9fjsoxpmlfvimlh","Need to define the term before I can agree or disagree.","1770683968997"
"fv6ezwacbuomlfvc1e5","What do you think of Fully Automated Luxury Communism by Aaron Bastani?","e00sv5zirvgmlgoej6q","I think our current form of capitalism has gone off the the rails but I don't think communism is the answer","1770732486818"
"fv6ezwacbuomlfvc1e5","What do you think of Fully Automated Luxury Communism by Aaron Bastani?","ako7qzz1we5mlgohfx7","I still believe in capitalism but it needs many more guardrails like a wealth cap","1770732622555"
"fv6ezwacbuomlfvc1e5","What do you think of Fully Automated Luxury Communism by Aaron Bastani?","fp0i5eh2dn6mlgpqrg2","I don't trust techno utopian visions given how dystopian the direction we're currently going in is","1770734737010"
"zewhinkxc7mlfupzge","I look forward to Fully Automated Luxury Communism as described by Aaron Bastani.","8ei30vq05scmlfuq0sy","I look forward to Fully Automated Luxury Communism as described by Aaron Bastani.","1770682634386"
"sk612k67osmlfcmaoc","How do you feel about renaming 'communities' to 'herds'?","66qmcaspqcymlfcmc3l","'Herd' has negative connotations around group think or mob mentality","1770652229313"
"sk612k67osmlfcmaoc","How do you feel about renaming 'communities' to 'herds'?","ee521zu9lcgmlfcmc3l","I think 'community' is kind of generic and long.","1770652229313"
"sk612k67osmlfcmaoc","How do you feel about renaming 'communities' to 'herds'?","inmn57puxzdmlfcmc3l","Saying 'herd' is much more on brand.","1770652229313"
"sk612k67osmlfcmaoc","How do you feel about renaming 'communities' to 'herds'?","s0kqymz3kwfmlfu286u","I also like ""hive minds"" or ""hives"" because that's a common term for group thinking. There's also ""deliberative bodies,"" but that's so old and formal.","1770681524214"
"ot89ux8okbjmlb9euu4","Should we embrace AI instead of complaining about it?","gr63jqaj8p5mlb9evcu","Instead of complaining about it, we need to figure out how to use it well.","1770404977470"
"ot89ux8okbjmlb9euu4","Should we embrace AI instead of complaining about it?","rgbf3dxcrkmlb9evcu","AI isn't going anywhere.","1770404977470"
"ot89ux8okbjmlb9euu4","Should we embrace AI instead of complaining about it?","e3qeenrbv6jmlcd9vc4","I think it's a bit of a false dichotomy, we can embrace it while also being aware and working on the problems around it","1770471928804"
"tshidg392kimlb87myq","Should cities prioritize green spaces over parking spots?","b1qguudueynmlb87ocu","We need more green spaces around the city.","1770402962190"
"tshidg392kimlb87myq","Should cities prioritize green spaces over parking spots?","kt1hl3usi5emlb87ocu","We need more green spaces even if it means fewer parking spots.","1770402962190"
"tshidg392kimlb87myq","Should cities prioritize green spaces over parking spots?","dsymf9b4w2smlb97ril","test stest","1770404645901"
"tshidg392kimlb87myq","Should cities prioritize green spaces over parking spots?","p2hxihflo1mlb9ct92","asd asd asd","1770404881430"
"tshidg392kimlb87myq","Should cities prioritize green spaces over parking spots?","2qk460fij1kmlb9e6u5","stmt 1","1770404945693"
"zcrm9c35l5mlaz15gb","Should the DC Metro run 24/7 like NYC to support nightlife and shift workers?","4y4mkskttmlmlaz16mb","Running 24/7 would support shift workers.","1770387542723"
"zcrm9c35l5mlaz15gb","Should the DC Metro run 24/7 like NYC to support nightlife and shift workers?","rowcctnr8tmlaz16mb","Running 24/7 would support nightlife.","1770387542723"
"zcrm9c35l5mlaz15gb","Should the DC Metro run 24/7 like NYC to support nightlife and shift workers?","w9afriwedajmlaz16mb","The DC Metro needs to run 24/7.","1770387542723"
"zcrm9c35l5mlaz15gb","Should the DC Metro run 24/7 like NYC to support nightlife and shift workers?","5wzgz9dfh59mlb60p3b","yes but it might be expensive","1770399277319"
"zcrm9c35l5mlaz15gb","Should the DC Metro run 24/7 like NYC to support nightlife and shift workers?","ovljbvbzyemlb9qxwi","Running 24/7 would be expensive","1770405540642"
"lnd2p3mu5qcmlaxzrd4","Is it better to order pizza for delivery or to get it yourself?","fou9vy4lr8mlaxzsvr","Like a third of the cost is fees and tips.","1770385798647"
"lnd2p3mu5qcmlaxzrd4","Is it better to order pizza for delivery or to get it yourself?","ltzcxi9r5smlaxzsvr","If I get it myself I can't keep it as warm and fresh as the delivery people.","1770385798647"
"lnd2p3mu5qcmlaxzrd4","Is it better to order pizza for delivery or to get it yourself?","rl2c0r2inumlaxzsvr","Delivery is so god damn expensive now it's insane.","1770385798647"
"lnd2p3mu5qcmlaxzrd4","Is it better to order pizza for delivery or to get it yourself?","1f98t4cyxirmlice5iu","I prefer to get it myself","1770833246070"
"ftpwc77dprbmla5cosb","How can we cultivate emotional resilience during hard times?","jp7eds3gvvmmla5cqam","Spend time doing crafts or working in the yard? ","1770337692958"
"ftpwc77dprbmla5cosb","How can we cultivate emotional resilience during hard times?","xw9h8vi20kmla5cqam","Create opportunities for real life connection? ","1770337692958"
"ftpwc77dprbmla5cosb","How can we cultivate emotional resilience during hard times?","bmx7hsn4vxlmla5hysg","Stop listening to the news.","1770337937248"
"ftpwc77dprbmla5cosb","How can we cultivate emotional resilience during hard times?","jodjz3rpcsomla5irb7","Set up neighborhood networks to keep in touch in case of a crisis.","1770337974211"
"ftpwc77dprbmla5cosb","How can we cultivate emotional resilience during hard times?","47q10y3wrztmla5j9fx","Think about about positive visions for the future.","1770337997709"
"ftpwc77dprbmla5cosb","How can we cultivate emotional resilience during hard times?","kau158dvbemla5kbb8","Potlucks and dinner parties to get acquainted.","1770338046788"
"2j7bnepnpqwml6rfc9r","Should the DC Metro run 24/7 like NYC to support nightlife and shift workers?","c8l11hrqaruml6rfcw5","Running 24/7 would support nightlife.","1770132902405"
"2j7bnepnpqwml6rfc9r","Should the DC Metro run 24/7 like NYC to support nightlife and shift workers?","hqfvvu8m23ml6rfcw5","The DC Metro needs to run 24/7.","1770132902405"
"2j7bnepnpqwml6rfc9r","Should the DC Metro run 24/7 like NYC to support nightlife and shift workers?","inh896jc30rml6rfcw5","Running 24/7 would support shift workers.","1770132902405"
"2j7bnepnpqwml6rfc9r","Should the DC Metro run 24/7 like NYC to support nightlife and shift workers?","yf5a6yywvdcml73z66c","I think it should run 24/7 but I'm worried about the cost. DC is already dealing with a budget shortfall.","1770153982212"
"uv3br55kdtmkyh27r8","I wish there was a library more conveniently located north of Dupont Circle","la8y3pptrkmkyh29gc","The nearest library from Columbia Heights is a 25-minute walk - that's just not accessible for families with young kids or elderly residents.","1769631765852"
"uv3br55kdtmkyh27r8","I wish there was a library more conveniently located north of Dupont Circle","p34orn3ku8qmkyh29gc","DCPL already operates 26 branches on a tight budget - we need to focus on maintaining existing libraries rather than building new ones.","1769631765853"
"uv3br55kdtmkyh27r8","I wish there was a library more conveniently located north of Dupont Circle","o96g9ahas6qmkyh29gc","A library branch near 14th & Park Road could serve Adams Morgan, Columbia Heights, and Mt Pleasant - three dense neighborhoods with zero library access.","1769631765854"
"uv3br55kdtmkyh27r8","I wish there was a library more conveniently located north of Dupont Circle","rmgm0435v1imkyh29gc","I'm a remote worker who would love a library workspace north of Dupont - all the coffee shops are packed and loud.","1769631765855"
"uv3br55kdtmkyh27r8","I wish there was a library more conveniently located north of Dupont Circle","yox33raweosmkyh29gc","Real estate costs in that area are astronomical - a new library branch would need millions in acquisition and construction funding.","1769631765856"
"uv3br55kdtmkyh27r8","I wish there was a library more conveniently located north of Dupont Circle","v7fuy9kxk4amkyh29gc","Kids in these neighborhoods shouldn't have to take two buses to get to a library for homework help or summer reading programs.","1769631765857"
"uv3br55kdtmkyh27r8","I wish there was a library more conveniently located north of Dupont Circle","4qqi6fd44bjmkyh29gc","Mobile library services or pop-up reading rooms could serve this area at a fraction of the cost of a permanent branch.","1769631765858"
"uv3br55kdtmkyh27r8","I wish there was a library more conveniently located north of Dupont Circle","me355p9fjumkyh29gc","Libraries aren't just about books anymore - they're community centers, job search hubs, and safe spaces. North of Dupont needs this.","1769631765859"
"pmn7ikiry4mkx4bjg2","How can we find a path forward for Sunset Dunes that's local and not voted on by the whole city of SF?","3hz61wpsbdumkx4bkbz","Sunset Dunes should not be voted on by the whole city of SF.","1769549898671"
"pmn7ikiry4mkx4bjg2","How can we find a path forward for Sunset Dunes that's local and not voted on by the whole city of SF?","6ytis98c8zamkx4bkbz","How can we find a path forward for Sunset Dunes that's local?","1769549898671"
"pmn7ikiry4mkx4bjg2","How can we find a path forward for Sunset Dunes that's local and not voted on by the whole city of SF?","y9ac0cj4wfmkx4cdx3","make a legit park","1769549937015"
"pmn7ikiry4mkx4bjg2","How can we find a path forward for Sunset Dunes that's local and not voted on by the whole city of SF?","6es1kqcww98mkzsdblf","How about a randomly-invited citizen's assembly of SF voters with more people from the Sunset and Outer Richmond, but people from all over the city (which is small), following the proven citizen's assembly playbook that's already succeeded in Petaluma, Fort Collins, etc. for deciding on local land use issues?","1769711223795"
"xcrc2r70e7jmkoo6n7a","What features should be prioritized next?","0rwj06z6we5hmkoo6orp","I wish the points did more.","1769039067877"
"xcrc2r70e7jmkoo6n7a","What features should be prioritized next?","g8jj6vn5u6mkoo6orp","I want a better feed so I'm only seeing stuff that's interesting to me.","1769039067877"
"xcrc2r70e7jmkoo6n7a","What features should be prioritized next?","vqrw0ych1omkoo6orp","I want more 'monkeying' around.","1769039067877"
"xcrc2r70e7jmkoo6n7a","What features should be prioritized next?","w4efgi4xg9mkoo6orp","I still think the interface is kinda confusing and unintuitive.","1769039067877"
"xcrc2r70e7jmkoo6n7a","What features should be prioritized next?","jejr801yatmkoob50q","Find more fun ways to integrate it into the liveestreams","1769039275562"
"xcrc2r70e7jmkoo6n7a","What features should be prioritized next?","ss1q6inb57mkop697a","Make it more integrated into live streams somehow!","1769040727318"
"xcrc2r70e7jmkoo6n7a","What features should be prioritized next?","0u6vkhe7kssdmkop6t5g","Better login experience","1769040753172"
"xcrc2r70e7jmkoo6n7a","What features should be prioritized next?","8d8li9lfy3xmkopxesb","The masses yearn for dark mode","1769041994267"
"h2ljjqho5pkmko4joq6","How can we improve the login experience on Heard?","ndltzsbd1smko4jpz3","Adding login via a SMS code would be easier than via email.","1769006083647"
"h2ljjqho5pkmko4joq6","How can we improve the login experience on Heard?","vd751slu7gmko4jpz3","It's still good to have people's email though for newsletters and stuff.","1769006083647"
"h2ljjqho5pkmko4joq6","How can we improve the login experience on Heard?","x8e041q2l9amko4jpz3","SMS is also good for identity verification since it's hard to get multiple phone numbers.","1769006083647"
"h2ljjqho5pkmko4joq6","How can we improve the login experience on Heard?","ckxbrp5ohvmkoyik59","Login was easy-- don't see much room for improvement, actually..","1769056417917"
"cykwabmwf9qmkk5togb","Which birds are the best birds?","5iypop9z818mkk5towl","Secretarybirds","1768766363733"
"cykwabmwf9qmkk5togb","Which birds are the best birds?","brt639oq3mkmkk5towl","Brown Headed Cowbirds","1768766363733"
"cykwabmwf9qmkk5togb","Which birds are the best birds?","jrt65k5ud5mmkk5uarn","Cardinal","1768766392067"
"cykwabmwf9qmkk5togb","Which birds are the best birds?","worws5pk5edmkk5v5v1","Honeyguide","1768766432365"
"cykwabmwf9qmkk5togb","Which birds are the best birds?","g3e0ad4fw3imkk5w85l","Seagull","1768766481993"
"cykwabmwf9qmkk5togb","Which birds are the best birds?","iulptuxpv09mkl9ruul","I'm learning so much about birds from this conversation","1768833462765"
"cykwabmwf9qmkk5togb","Which birds are the best birds?","r1idvcod8ymklltyo1","Lilac-Breasted Roller","1768853716417"
"cykwabmwf9qmkk5togb","Which birds are the best birds?","a4ltsrc7zqtmklluj0a","Cedar Waxwing","1768853742778"
"cykwabmwf9qmkk5togb","Which birds are the best birds?","jyilv3q39dmkm2zaxm","A Wren","1768882519066"
"cykwabmwf9qmkk5togb","Which birds are the best birds?","t89fxvvxk9emkoykhzf","You know, there are so many amazing birds that it's impossible to choose.","1769056508427"
"cykwabmwf9qmkk5togb","Which birds are the best birds?","9jtfook44dvmkpx55lr","Starlings can imitate almost any sound! Even electronic ones!","1769114579103"
"cykwabmwf9qmkk5togb","Which birds are the best birds?","bo99syxusdomkpxhnhg","Hummingbirds, because they're cute and tiny","1769115162148"
"19zb1jwtj9mmkk5bd4c","What’s the monkey doing???","u9k8qqc7xmkk5be73","What’s the monkey doing?","1768765510047"
"19zb1jwtj9mmkk5bd4c","What’s the monkey doing???","x9q4edogjqmkk5be73","Whats up with the monkey?","1768765510047"
"19zb1jwtj9mmkk5bd4c","What’s the monkey doing???","ucwev7i3hxdmkk5c6py","He is the embodiment of social interaction.","1768765547014"
"19zb1jwtj9mmkk5bd4c","What’s the monkey doing???","h800o0byh47mkk5ciyi","Idk chillin i guess","1768765562874"
"19zb1jwtj9mmkk5bd4c","What’s the monkey doing???","fwyahc7267vmkl9t5rh","He's just ""hanging out""","1768833523565"
"19zb1jwtj9mmkk5bd4c","What’s the monkey doing???","wkvcr0hoxrrmkoqeufo","He needs more monkey friends","1769042807700"
"t8fs913v8fmkixkph1","Close the Q & 20th intersection during the farmers market","5iqyu35rz69mkixkqk0","Let's close the Q & 20th intersection during the farmers market.","1768692042864"
"t8fs913v8fmkixkph1","Close the Q & 20th intersection during the farmers market","9n7tq2o6vmomkixkqk0","It doesn't get that much traffic anyways.","1768692042864"
"t8fs913v8fmkixkph1","Close the Q & 20th intersection during the farmers market","fbmmcc2muvmkixkqk0","It's dangerous because most of the time pedestrians ignore the traffic signal anyways","1768692042864"
"t8fs913v8fmkixkph1","Close the Q & 20th intersection during the farmers market","r3799f5oyjmkixkqk0","It ruins the vibe because drivers sometimes honk to get people to move","1768692042864"
"t8fs913v8fmkixkph1","Close the Q & 20th intersection during the farmers market","bffioi5e0y7mkjwfk8r","As a vendor, we worry that it will decrease sales by decreasing traffic and parking. Plus, people need to be able to leave their house during those hours and the street is one-way.","1768750587963"
"7zsnxx6po4fmkhlz7r6","What should Alex play for live stream #3?","945b40mmgwmmkhlz8ar","Miguel by Gordon Lightfoot","1768612097475"
"7zsnxx6po4fmkhlz7r6","What should Alex play for live stream #3?","yv9kdqkvtfjmkhlz8ar","Gordon Lightfoot's song 'If You Could Read My Mind'","1768612097475"
"7zsnxx6po4fmkhlz7r6","What should Alex play for live stream #3?","45iay7b20dmkhm1r57","Wonderwall","1768612215211"
"7zsnxx6po4fmkhlz7r6","What should Alex play for live stream #3?","vcl26yvq44smkhrwf9g","Yesterday -  The Beatles","1768622044228"
"7zsnxx6po4fmkhlz7r6","What should Alex play for live stream #3?","qi7kjwd93jmkiw6jiv","Fire and Rain by James Taylor","1768689700951"
"7zsnxx6po4fmkhlz7r6","What should Alex play for live stream #3?","xa669ubr17omkm31r3h","Hey Brother - Avicii","1768882633325"
"7zsnxx6po4fmkhlz7r6","What should Alex play for live stream #3?","5zm7vif1h3smkmwqqi7","Happy by Pharrell","1768932507823"
"7zsnxx6po4fmkhlz7r6","What should Alex play for live stream #3?","a91dp9uqq16mkrdkan4","Country Roads","1769202625504"
"7zsnxx6po4fmkhlz7r6","What should Alex play for live stream #3?","vpcvz8kgfycmkresis6","Machine Gun by Jimi Hendrix","1769204688918"
"7zsnxx6po4fmkhlz7r6","What should Alex play for live stream #3?","x4cqx316hmbmkrjyxi0","The Times They Are A-Changing (Bob Dylan)","1769213386008"
"gzlqr0eej06mkhl2rq5","Which types of pizza are king?","5hlarzydyd9mkhl2scb","Pan pizza","1768610583803"
"gzlqr0eej06mkhl2rq5","Which types of pizza are king?","78ara8i3tthmkhl2scb","Chicago-style deep dish pizza","1768610583803"
"gzlqr0eej06mkhl2rq5","Which types of pizza are king?","op3jkc5esfhmkhl2scb","New York-style pizza","1768610583803"
"gzlqr0eej06mkhl2rq5","Which types of pizza are king?","uarqo3fgnpmkhl2scb","Neapolitan pizza","1768610583803"
"gzlqr0eej06mkhl2rq5","Which types of pizza are king?","3d1iz9o9prfmkhl3fp4","Stuffed crust pizza","1768610614072"
"gzlqr0eej06mkhl2rq5","Which types of pizza are king?","g2of5di92xmkhlvg9m","Extra cheese please","1768611921178"
"zgnaknl2lmmkhks514","What are the top-tier pizza toppings?","jxns043a9damkhks689","Pepperoni","1768610088585"
"zgnaknl2lmmkhks514","What are the top-tier pizza toppings?","kl156fg45cqmkhks689","Cheese","1768610088585"
"zgnaknl2lmmkhks514","What are the top-tier pizza toppings?","x3imdqqzfrmkhks689","Jalapeño","1768610088585"
"zgnaknl2lmmkhks514","What are the top-tier pizza toppings?","7qbpskjelyxmkhktaf2","Sausage","1768610140670"
"zgnaknl2lmmkhks514","What are the top-tier pizza toppings?","1jddzmq1vlhmkhlvz2i","Onion","1768611945546"
"zgnaknl2lmmkhks514","What are the top-tier pizza toppings?","hbrbq3q6y6wmkk5272v","Burrata","1768765080919"
"ckewk5q6c1vmkeolh96","How can we improve civic engagement in Oakland?","gna4ewem0hqmkeolhse","The city council needs to have more listening session sessions. ","1768435096910"
"ckewk5q6c1vmkeolh96","How can we improve civic engagement in Oakland?","xz7lr9uj5lmkeolhse","Oakland needs to reactivate neighborhood services. ","1768435096910"
"ckewk5q6c1vmkeolh96","How can we improve civic engagement in Oakland?","6t79wyu6otvmkeomu7h","Let’s make the civic assembly a reality","1768435159661"
"ckewk5q6c1vmkeolh96","How can we improve civic engagement in Oakland?","wg07iecyt9bmkeooas2","Let’s institutionalize polis citywide as a way to cultivate engagement at scale.","1768435227794"
"ycrrn2a3ijgmk7qj2c8","What songs should Alex sing next live stream?","0k8aswz98rpemk7qj3iq","We want more originals.","1768015081106"
"ycrrn2a3ijgmk7qj2c8","What songs should Alex sing next live stream?","zmjb1ymrsdmk7qj3iq","Needs more Irish rock songs.","1768015081106"
"ycrrn2a3ijgmk7qj2c8","What songs should Alex sing next live stream?","z6y71md1f6mk7r3s4x","Never Gonna Not Dance Again by Pink","1768016046129"
"ycrrn2a3ijgmk7qj2c8","What songs should Alex sing next live stream?","i3nk3sduzwmk7r9ifa","Stephen Wilson Jr. - I’m a song","1768016313478"
"ycrrn2a3ijgmk7qj2c8","What songs should Alex sing next live stream?","yhek3h6c0aomkcwd9av","All My Days - Alexi Murdoch","1768327217239"
"ycrrn2a3ijgmk7qj2c8","What songs should Alex sing next live stream?","zfwgr0i2bjsmkd5g0lw","A million years by Wolf Eye","1768342462484"
"ycrrn2a3ijgmk7qj2c8","What songs should Alex sing next live stream?","v7xy1cx017mkdqvu34","Brett Dennen - Ain't No Reason","1768378472464"
"ycrrn2a3ijgmk7qj2c8","What songs should Alex sing next live stream?","ml5aa71qtu8mkhcht6v","Wonderwall","1768596168199"
"ycrrn2a3ijgmk7qj2c8","What songs should Alex sing next live stream?","wrf1bhw67kmkhk4dlv","Gordon lightfoot - if you could read my mind","1768608978403"
"ycrrn2a3ijgmk7qj2c8","What songs should Alex sing next live stream?","1pcs30ibfrfmkhk6dkk","Great use case for creators. YouTube should love this for lives. Would be wise to suggest that people open in the YT app so the video and audio persist, even on a phone, while they also use the app…","1768609071668"
"b8ji29k6g7mk5t4rv6","Which soundtrack do we want to be the first layer in the live stream?","09pamjwhfor9mk5t4sx2","The slower contemplative piano track","1767898520678"
"b8ji29k6g7mk5t4rv6","Which soundtrack do we want to be the first layer in the live stream?","izy33h1j7xqmk5t4sx2","The 'EDM' one with a beat","1767898520678"
"b8ji29k6g7mk5t4rv6","Which soundtrack do we want to be the first layer in the live stream?","40mxgx5hlxrmk5x06mj","Por que no los dos?? Maybe try mixing them?","1767905023627"
"b8ji29k6g7mk5t4rv6","Which soundtrack do we want to be the first layer in the live stream?","507n95g7afkmk786a73","I don't feel ready to vote because I'm not sure I understand what content the clip will accompany. So I like the beat one for lively and the slower one for comtemplative. I hope you get this message cause I'm still on my laptop!!! See you tomorrow!","1767984250143"
"b8ji29k6g7mk5t4rv6","Which soundtrack do we want to be the first layer in the live stream?","bdkong9y4gmk7khc4q","testing testing -Beth","1768004921258"
"b8ji29k6g7mk5t4rv6","Which soundtrack do we want to be the first layer in the live stream?","64ji0egzy2gmk7m4tz6","Thanks Alex, this is great, I loved it. -Beth","1768007697090"
"i4yx1lika9mmk5jwvju","Should the DC Metro run 24/7 like NYC to support nightlife and shift workers?","3lnkyj0hwugmk5jwwmy","Running the Metro 24/7 would support nightlife.","1767883035706"
"i4yx1lika9mmk5jwvju","Should the DC Metro run 24/7 like NYC to support nightlife and shift workers?","g0rmvam0o9mk5jwwmy","Shift workers would benefit from a 24/7 Metro service.","1767883035706"
"i4yx1lika9mmk5jwvju","Should the DC Metro run 24/7 like NYC to support nightlife and shift workers?","m3glazhq0ynmk5jwwmy","The DC Metro needs to run 24/7.","1767883035706"
"i4yx1lika9mmk5jwvju","Should the DC Metro run 24/7 like NYC to support nightlife and shift workers?","2ugm82yqy4mmk5n2zg2","test123","1767888358130"
"i4yx1lika9mmk5jwvju","Should the DC Metro run 24/7 like NYC to support nightlife and shift workers?","n89dlc5asdmk5pu315","sdfsfsdf","1767892981721"
"i4yx1lika9mmk5jwvju","Should the DC Metro run 24/7 like NYC to support nightlife and shift workers?","evwr4qic82emkbbuxjf","testtest","1768232303691"
"ingbta6j4yhmk37sywt","What features/improvements/fixes do we want next with Heard?","lld5zxtk2rmk37t03q","Make the monkey do more","1767741765830"
"ingbta6j4yhmk37sywt","What features/improvements/fixes do we want next with Heard?","0xgpisslqbkmk384kqb","The ability to add pics/videos","1767742305779"
"ingbta6j4yhmk37sywt","What features/improvements/fixes do we want next with Heard?","tzacg9bh5bmk384xsi","More badges, points, achievements, competition, etc","1767742322706"
"ciogxq0w8uamk2rmksi","Should cities prioritize green spaces over parking spots?","mtidv991oanmk2rmkuf","We need more green spaces even if it means fewer parking spots.","1767714592263"
"ciogxq0w8uamk2rmksi","Should cities prioritize green spaces over parking spots?","tkwv0o8uvyamk2rmkuf","We need more green spaces around the city.","1767714592263"
"96xkl3fgfk4mk2rld4t","I wish there was a library more conveniently located north of Dupont Circle","tvty1jkj77qmk2rlduf","The nearest library from Columbia Heights is a 25-minute walk - that's just not accessible for families with young kids or elderly residents.","1767714536535"
"96xkl3fgfk4mk2rld4t","I wish there was a library more conveniently located north of Dupont Circle","9gfmo46k5chmk2rlduf","DCPL already operates 26 branches on a tight budget - we need to focus on maintaining existing libraries rather than building new ones.","1767714536536"
"96xkl3fgfk4mk2rld4t","I wish there was a library more conveniently located north of Dupont Circle","kagk51uj8tmk2rlduf","A library branch near 14th & Park Road could serve Adams Morgan, Columbia Heights, and Mt Pleasant - three dense neighborhoods with zero library access.","1767714536537"
"96xkl3fgfk4mk2rld4t","I wish there was a library more conveniently located north of Dupont Circle","mxh9wy5bgomk2rlduf","I'm a remote worker who would love a library workspace north of Dupont - all the coffee shops are packed and loud.","1767714536538"
"96xkl3fgfk4mk2rld4t","I wish there was a library more conveniently located north of Dupont Circle","ioiidjx5lrqmk2rlduf","Real estate costs in that area are astronomical - a new library branch would need millions in acquisition and construction funding.","1767714536539"
"96xkl3fgfk4mk2rld4t","I wish there was a library more conveniently located north of Dupont Circle","up7ai59nt1qmk2rlduf","Kids in these neighborhoods shouldn't have to take two buses to get to a library for homework help or summer reading programs.","1767714536540"
"96xkl3fgfk4mk2rld4t","I wish there was a library more conveniently located north of Dupont Circle","ywlqqs4mk7mmk2rlduf","Mobile library services or pop-up reading rooms could serve this area at a fraction of the cost of a permanent branch.","1767714536541"
"96xkl3fgfk4mk2rld4t","I wish there was a library more conveniently located north of Dupont Circle","t0lrpnwv9ssmk2rlduf","Libraries aren't just about books anymore - they're community centers, job search hubs, and safe spaces. North of Dupont needs this.","1767714536542"
"c91i4z0vr2rmjbnxb36","What's the best cat personality?","78s50sx3oncmjegach1","testsada","1766244357541"
"cr46qr0eedtmj7rz4v2","Should cars be banned entirely from the Georgetown Trader Joe's parking lot?","0vi9yewnhn4omj7rz56f","The Georgetown Trader Joe's parking lot is a nightmare.","1765840727031"
"cr46qr0eedtmj7rz4v2","Should cars be banned entirely from the Georgetown Trader Joe's parking lot?","5g8nmk3arsmj7rz56f","They should ban cars entirely.","1765840727031"
"ya2zfciszwkmj7rv1fb","I wish there was a library more conveniently located north of Dupont Circle","w030bit72iqmj7rv3e1","The nearest library from Columbia Heights is a 25-minute walk - that's just not accessible for families with young kids or elderly residents.","1765840538089"
"ya2zfciszwkmj7rv1fb","I wish there was a library more conveniently located north of Dupont Circle","slso8aq4zfgmj7rv3e1","DCPL already operates 26 branches on a tight budget - we need to focus on maintaining existing libraries rather than building new ones.","1765840538090"
"ya2zfciszwkmj7rv1fb","I wish there was a library more conveniently located north of Dupont Circle","kjcvvwyn4limj7rv3e1","A library branch near 14th & Park Road could serve Adams Morgan, Columbia Heights, and Mt Pleasant - three dense neighborhoods with zero library access.","1765840538091"
"ya2zfciszwkmj7rv1fb","I wish there was a library more conveniently located north of Dupont Circle","w91d9ozctsbmj7rv3e1","I'm a remote worker who would love a library workspace north of Dupont - all the coffee shops are packed and loud.","1765840538092"
"ya2zfciszwkmj7rv1fb","I wish there was a library more conveniently located north of Dupont Circle","9je6sfto6ermj7rv3e1","Real estate costs in that area are astronomical - a new library branch would need millions in acquisition and construction funding.","1765840538093"
"ya2zfciszwkmj7rv1fb","I wish there was a library more conveniently located north of Dupont Circle","0iz6vabgs29umj7rv3e1","Kids in these neighborhoods shouldn't have to take two buses to get to a library for homework help or summer reading programs.","1765840538094"
"ya2zfciszwkmj7rv1fb","I wish there was a library more conveniently located north of Dupont Circle","00efmwvdjo4vhmj7rv3e1","Mobile library services or pop-up reading rooms could serve this area at a fraction of the cost of a permanent branch.","1765840538095"
"ya2zfciszwkmj7rv1fb","I wish there was a library more conveniently located north of Dupont Circle","rkaof9okhyjmj7rv3e1","Libraries aren't just about books anymore - they're community centers, job search hubs, and safe spaces. North of Dupont needs this.","1765840538096"
"a5ef4ukat2bmj204f5f","What makes Temescal a great place to live, work & study, and how can it be improved?","307lak8rhremj204f5g","Put locks on the trashcans on Telegraph Ave. so there isn't trash on the street every morning.","1765491613107"
"a5ef4ukat2bmj204f5f","What makes Temescal a great place to live, work & study, and how can it be improved?","d950r200ae5mj204f5g","Clear (or monitor) the homeless camp on 42nd St, under the freeway.","1765491613108"
"a5ef4ukat2bmj204f5f","What makes Temescal a great place to live, work & study, and how can it be improved?","6qzaulx11ssmj204f5g","Develop a neighborhood emergency preparedness plan.","1765491613109"
"a5ef4ukat2bmj204f5f","What makes Temescal a great place to live, work & study, and how can it be improved?","oq3fnfzqrlnmj204f5g","We need a way to get updated about crime in our neighborhood.","1765491613110"
"a5ef4ukat2bmj204f5f","What makes Temescal a great place to live, work & study, and how can it be improved?","v6w2mutnnomj204f5g","People need to get better at reporting crimes. 
","1765491613111"
"a5ef4ukat2bmj204f5f","What makes Temescal a great place to live, work & study, and how can it be improved?","ragrfob8ezmj204f5g","We need to develop better relationships with the Oakland Police officers that patrol our neighborhood.","1765491613112"
"a5ef4ukat2bmj204f5f","What makes Temescal a great place to live, work & study, and how can it be improved?","9x3bn3qkd9mj204f5g","We should leverage the privilege in our neighborhood to provide support to less advantaged neighborhoods.","1765491613113"
"a5ef4ukat2bmj204f5f","What makes Temescal a great place to live, work & study, and how can it be improved?","vhglvtrwsqomj204f5g","I live in the Temescal Neighborhood.","1765491613114"
"a5ef4ukat2bmj204f5f","What makes Temescal a great place to live, work & study, and how can it be improved?","m0ec9xfo2cmmj204f5g","I am a student in the Temescal Neighborhood.","1765491613115"
"a5ef4ukat2bmj204f5f","What makes Temescal a great place to live, work & study, and how can it be improved?","m1nch1dp468mj204f5g","I work in the Temescal Neighborhood.","1765491613116"
"a5ef4ukat2bmj204f5f","What makes Temescal a great place to live, work & study, and how can it be improved?","l499t2n1avhmj204f5g","We need speed bumps on 43rd","1765491613117"
"a5ef4ukat2bmj204f5f","What makes Temescal a great place to live, work & study, and how can it be improved?","ni914hkgnkomj204f5g","We need more policing in our neighborhood.","1765491613118"
"a5ef4ukat2bmj204f5f","What makes Temescal a great place to live, work & study, and how can it be improved?","rbg7iz9wh4mj204f5g","Fix the potholes and/or repave the streets.","1765491613119"
"a5ef4ukat2bmj204f5f","What makes Temescal a great place to live, work & study, and how can it be improved?","ikr5ww43halmj204f5g","I love that Temescal is authentic, real and locally focused. Let's keep it that way.","1765491613120"
"a5ef4ukat2bmj204f5f","What makes Temescal a great place to live, work & study, and how can it be improved?","jc7p1d0ip1hmj204f5g","I feel like the people in this neighborhood really look out for each other.","1765491613121"
"a5ef4ukat2bmj204f5f","What makes Temescal a great place to live, work & study, and how can it be improved?","ycynp5i5l7mj204f5g","I feel safe in this neighborhood.","1765491613122"
"a5ef4ukat2bmj204f5f","What makes Temescal a great place to live, work & study, and how can it be improved?","a86qmqcge5bmj204f5g","This neighborhood is welcoming to everyone.","1765491613123"
"a5ef4ukat2bmj204f5f","What makes Temescal a great place to live, work & study, and how can it be improved?","ezfggsv3h5imj204f5g","I feel like I belong here.","1765491613124"
"a5ef4ukat2bmj204f5f","What makes Temescal a great place to live, work & study, and how can it be improved?","34shb70pvycmj204f5g","I love all the independent local businesses.","1765491613125"
"a5ef4ukat2bmj204f5f","What makes Temescal a great place to live, work & study, and how can it be improved?","j26vtkn61kcmj204f5g","I wish I knew my neighbors better.","1765491613126"
"a5ef4ukat2bmj204f5f","What makes Temescal a great place to live, work & study, and how can it be improved?","iaxbsapaxrimj204f5g","I am a resident of the Temescal Neighborhood.","1765491613127"
"a5ef4ukat2bmj204f5f","What makes Temescal a great place to live, work & study, and how can it be improved?","xgljks3rm4bmj204f5g","I work at a business in the Temescal Neighborhood.
","1765491613128"
"a5ef4ukat2bmj204f5f","What makes Temescal a great place to live, work & study, and how can it be improved?","mzf9ffxz0vmj204f5g","I study in the Temescal Neighborhood.","1765491613129"
"a5ef4ukat2bmj204f5f","What makes Temescal a great place to live, work & study, and how can it be improved?","2yy805n151lmj204f5g","We need more police patrols in the neighborhood.","1765491613130"
"a5ef4ukat2bmj204f5f","What makes Temescal a great place to live, work & study, and how can it be improved?","kbqd0vcv2gimj204f5g","We need more community street parties to bring neighbors together","1765491613131"
"a5ef4ukat2bmj204f5f","What makes Temescal a great place to live, work & study, and how can it be improved?","ovau4ms3whjmj204f5g","We should plant more trees in curb cuts for free (https://www.treesforoakland.org/how-to-get-a-tree.html)","1765491613132"
"a5ef4ukat2bmj204f5f","What makes Temescal a great place to live, work & study, and how can it be improved?","lgyglj4c2frmj204f5g","Our neighborhood will look much cleaner /fresher if we can get rid of the ugly graffiti. And if we can report if they are caught in the act.","1765491613133"
"a5ef4ukat2bmj204f5f","What makes Temescal a great place to live, work & study, and how can it be improved?","ueup5xutodjmj204f5g","Repave 49th Street. It’s been too long.","1765491613134"
"a5ef4ukat2bmj204f5f","What makes Temescal a great place to live, work & study, and how can it be improved?","u1odmus5p4mj204f5g","Change the liquor laws so we can get a dang meal at a bar!!!","1765491613135"
"a5ef4ukat2bmj204f5f","What makes Temescal a great place to live, work & study, and how can it be improved?","r8u6a142wnlmj204f5g","Install roundabout at 42nd and Webster.","1765491613136"
"a5ef4ukat2bmj204f5f","What makes Temescal a great place to live, work & study, and how can it be improved?","pxt1i8dlllmj204f5g","Don't feel safe on the streets. Need more police, more patrols, quicker response times.","1765491613137"
"a5ef4ukat2bmj204f5f","What makes Temescal a great place to live, work & study, and how can it be improved?","doefdifie3mj204f5g","If the Telegraph bicycle lanes slow down buses and emergency vehicles, they should be removed.","1765491613138"
"a5ef4ukat2bmj204f5f","What makes Temescal a great place to live, work & study, and how can it be improved?","czbh73x4ravmj204f5g","We should do something with the fenced-in lot at 43rd and Telegraph (next to Temescal Works).","1765491613139"
"a5ef4ukat2bmj204f5f","What makes Temescal a great place to live, work & study, and how can it be improved?","itgsm6ysuwmj204f5g","The fact that ""flammable"" and ""inflammable"" mean the same thing is infuriating.","1765491613140"
"a5ef4ukat2bmj204f5f","What makes Temescal a great place to live, work & study, and how can it be improved?","xdus86d8mssmj204f5g","Temescal has unique, great businesses and has warm, friendly neighbors who care for eachother.","1765491613141"
"a5ef4ukat2bmj204f5f","What makes Temescal a great place to live, work & study, and how can it be improved?","bx3io6dt6e4mj204f5g","Id like to encourage a way to control all the “curb side pickups” which end up becoming junk abandoned on the sidewalks.","1765491613142"
"a5ef4ukat2bmj204f5f","What makes Temescal a great place to live, work & study, and how can it be improved?","u5gf4no1ffrmj204f5g","We need more speed bumps (or some way to stop speeding) on Webster between 43rd and 40th","1765491613143"
"a5ef4ukat2bmj204f5f","What makes Temescal a great place to live, work & study, and how can it be improved?","smzqhkuy37dmj204f5g","Plant more native grasses, shrubs and trees throughout the neighborhood","1765491613144"
"a5ef4ukat2bmj204f5f","What makes Temescal a great place to live, work & study, and how can it be improved?","urnnul30ntmj204f5g","I love having Bakesale Betty’s in our Neighborhood.","1765491613145"
"a5ef4ukat2bmj204f5f","What makes Temescal a great place to live, work & study, and how can it be improved?","4as9v78sgtjmj204f5g","I think we need to do more with Temescal Alley to bring the community together.","1765491613146"
"a5ef4ukat2bmj204f5f","What makes Temescal a great place to live, work & study, and how can it be improved?","tlvygf5x1x8mj204f5g","There has been an escalation of small crime (stolen cars, muggings) in this neighborhood","1765491613147"
"a5ef4ukat2bmj204f5f","What makes Temescal a great place to live, work & study, and how can it be improved?","tfmtipqwwmmj204f5g","We need more restaurants and bars, with outdoor seating, on Telegraph","1765491613148"
"a5ef4ukat2bmj204f5f","What makes Temescal a great place to live, work & study, and how can it be improved?","gcy2kms078qmj204f5g","Increase pedestrian safety on Telegraph with more traffic calming measures","1765491613149"
"a5ef4ukat2bmj204f5f","What makes Temescal a great place to live, work & study, and how can it be improved?","8eq00s8g3pxmj204f5g","We should add more speed bumps on Shafter between 40th and 51st","1765491613150"
"a5ef4ukat2bmj204f5f","What makes Temescal a great place to live, work & study, and how can it be improved?","1zvubrpgaxrmj204f5g","Let’s organize a monthly trash cleanup for the neighborhood.","1765491613151"
"a5ef4ukat2bmj204f5f","What makes Temescal a great place to live, work & study, and how can it be improved?","yq7p0wtidkmj204f5g","Protect businesses in Temescal Alley, the anchor of our community, from repeated burglaries. Their departure would have cascading effects.","1765491613152"
"a5ef4ukat2bmj204f5f","What makes Temescal a great place to live, work & study, and how can it be improved?","w5szf2sy4qmj204f5g","Fix the potholes on 49th Street.","1765491613153"
"a5ef4ukat2bmj204f5f","What makes Temescal a great place to live, work & study, and how can it be improved?","hfzlu2yvt8omj204f5g","Repave 49th Street.","1765491613154"
"a5ef4ukat2bmj204f5f","What makes Temescal a great place to live, work & study, and how can it be improved?","qk1737ubs8mj204f5g","Let’s host a candidate forum for the District 1 City Council Candidates.","1765491613155"
"a5ef4ukat2bmj204f5f","What makes Temescal a great place to live, work & study, and how can it be improved?","9slewh5qfzimj204f5g","Totally repave 49th Street.","1765491613156"
"a5ef4ukat2bmj204f5f","What makes Temescal a great place to live, work & study, and how can it be improved?","m5z6pdpb7fhmj204f5g","I love seeing people walk and bike in this neighborhood.","1765491613157"
"a5ef4ukat2bmj204f5f","What makes Temescal a great place to live, work & study, and how can it be improved?","5med93a3o9qmj204f5g","The city should prioritize repaving streets that are close to schools.","1765491613158"
"a5ef4ukat2bmj204f5f","What makes Temescal a great place to live, work & study, and how can it be improved?","6gwrkf7vhe9mj204f5g","I would like to see us build community resources for our unhoused neighbors.","1765491613159"
"a5ef4ukat2bmj204f5f","What makes Temescal a great place to live, work & study, and how can it be improved?","tejl9uinh48mj204f5g","We really need a public bathroom in Temescal- with proper maintenance of course.  I feel that businesses, the city and BID could pitch in.","1765491613160"
"a5ef4ukat2bmj204f5f","What makes Temescal a great place to live, work & study, and how can it be improved?","q2sgb7r8pdmj204f5g","Dover Park needs our support to upkeep the community garden and bathroom","1765491613161"
"a5ef4ukat2bmj204f5f","What makes Temescal a great place to live, work & study, and how can it be improved?","j7br3uz7qijmj204f5g","I love the openness that not having cars be the only priority on our streets gives us. Let us give bike lanes and larger sidewalks a chance.","1765491613162"
"a5ef4ukat2bmj204f5f","What makes Temescal a great place to live, work & study, and how can it be improved?","ic3pfjae2usmj204f5g","I would love to host more neighborhood events like food drives, toy drives and etc.","1765491613163"
"a5ef4ukat2bmj204f5f","What makes Temescal a great place to live, work & study, and how can it be improved?","4u8dhmqo54mj204f5g","I love the events that close down the street for our community building.","1765491613164"
"a5ef4ukat2bmj204f5f","What makes Temescal a great place to live, work & study, and how can it be improved?","zkog112h2amj204f5g","I would like to see chess, dominoes and etc. played outside on the sidewalks","1765491613165"
"a5ef4ukat2bmj204f5f","What makes Temescal a great place to live, work & study, and how can it be improved?","pos01zus5gmj204f5g","I would love us to support local art, music and gaming.","1765491613166"
"a5ef4ukat2bmj204f5f","What makes Temescal a great place to live, work & study, and how can it be improved?","sys5kixve8rmj204f5g","I love the art in the neighborhood and would like to have more walking tours.","1765491613167"
"a5ef4ukat2bmj204f5f","What makes Temescal a great place to live, work & study, and how can it be improved?","r5kfhewxarhmj204f5g","we need to care more for those of us least served by this community, the unhoused, the seniors, the poor, the disabled.","1765491613168"
"a5ef4ukat2bmj204f5f","What makes Temescal a great place to live, work & study, and how can it be improved?","70ty0ot9123mj204f5g","The community is welcoming to minorities","1765491613169"
"a5ef4ukat2bmj204f5f","What makes Temescal a great place to live, work & study, and how can it be improved?","vmaxi4e2hnkmj204f5g","So many great things to do within walking distance. I like saying hello to passers by.","1765491613170"
"a5ef4ukat2bmj204f5f","What makes Temescal a great place to live, work & study, and how can it be improved?","vxgctuok1ibmj204f5g","I’d love to have a First Friday or Thursday art walk on Telegraph!","1765491613171"
"a5ef4ukat2bmj204f5f","What makes Temescal a great place to live, work & study, and how can it be improved?","3yw2oxrupgcmj204f5g","Mosswood park needs new playground equipment.","1765491613172"
"a5ef4ukat2bmj204f5f","What makes Temescal a great place to live, work & study, and how can it be improved?","hab1y57lll5mj204f5g","Public art under freeway passed would help me feel more safe","1765491613173"
"a5ef4ukat2bmj204f5f","What makes Temescal a great place to live, work & study, and how can it be improved?","sg1gsybdtbmj204f5g","Repave Shafter between 51st and 49th","1765491613174"
"a5ef4ukat2bmj204f5f","What makes Temescal a great place to live, work & study, and how can it be improved?","it3ad55qvgqmj204f5g","Community concerts","1765491613175"
"a5ef4ukat2bmj204f5f","What makes Temescal a great place to live, work & study, and how can it be improved?","8b6bszbpo99mj204f5g","Pave & add speed bumps to Webster Street. Cars really ZOOM in & out.","1765491613176"
"a5ef4ukat2bmj204f5f","What makes Temescal a great place to live, work & study, and how can it be improved?","ns9xnt0grf8mj204f5g","Temescal moms meet-ups","1765491613177"
"a5ef4ukat2bmj204f5f","What makes Temescal a great place to live, work & study, and how can it be improved?","jx1xrge22nmj204f5g","I would love a neighborhood babysitting listserv!!","1765491613178"
"a5ef4ukat2bmj204f5f","What makes Temescal a great place to live, work & study, and how can it be improved?","l2zwl48vbahmj204f5g","Let's landscape the medians on 51st Street.","1765491613179"
"a5ef4ukat2bmj204f5f","What makes Temescal a great place to live, work & study, and how can it be improved?","aqolowoc33fmj204f5g","Can we please have a big temescal community bulletin board to learn about & post local events/opportunities?","1765491613180"
"a5ef4ukat2bmj204f5f","What makes Temescal a great place to live, work & study, and how can it be improved?","j726t195s7mj204f5g","Would you be excited about creating a community space where people can simply hang out and be together when they don’t want to be alone?","1765491613181"
"a5ef4ukat2bmj204f5f","What makes Temescal a great place to live, work & study, and how can it be improved?","5gbrr4e3u59mj204f5g","I'd love to see less trash in our community. Regular neighborhood trash pick ups + more maintained/serviced public trash bins would help.","1765491613182"
"a5ef4ukat2bmj204f5f","What makes Temescal a great place to live, work & study, and how can it be improved?","gv5h9f4eh8jmj204f5g","Something needs to be done about the trash, fires, and crime at the encampment on 42nd. It's not safe to walk & cars will just stop.","1765491613183"
"a5ef4ukat2bmj204f5f","What makes Temescal a great place to live, work & study, and how can it be improved?","965e79sm40jmj204f5g","Have beat cop come to our mtg; have his/her phone number","1765491613184"
"a5ef4ukat2bmj204f5f","What makes Temescal a great place to live, work & study, and how can it be improved?","zvn9ldn3638mj204f5g","Another anchor is the Walgreens and other stores there, including post office. Make it safe!","1765491613185"
"a5ef4ukat2bmj204f5f","What makes Temescal a great place to live, work & study, and how can it be improved?","ic9grsy317omj204f5g","Fortunately, I have not been a victim of crime in Temescal.","1765491613186"
"a5ef4ukat2bmj204f5f","What makes Temescal a great place to live, work & study, and how can it be improved?","95t0xmzbk8bmj204f5g","This group should interface with the existing Business Improvement District board and staff for maximum impact","1765491613187"
"a5ef4ukat2bmj204f5f","What makes Temescal a great place to live, work & study, and how can it be improved?","pvi6ax8ro1mj204f5g","More street fairs, and a Temescal Business Discount card to promote locally owned businesses.","1765491613188"
"a5ef4ukat2bmj204f5f","What makes Temescal a great place to live, work & study, and how can it be improved?","fxibf583mgmj204f5g","I love how dog friendly the neighborhood is and would love to see a dog park where we can build community and get to know our neighbors.","1765491613189"
"a5ef4ukat2bmj204f5f","What makes Temescal a great place to live, work & study, and how can it be improved?","p9wpc28m6wmj204f5g","The rents are too high. We need more affordable and market rate housing. Turn the empty lots on Telegraph into medium-rise housing","1765491613190"
"a5ef4ukat2bmj204f5f","What makes Temescal a great place to live, work & study, and how can it be improved?","8o0ja3i5z9mj204f5g","A maintained garbage can on most street corners in our neighborhood","1765491613191"
"a5ef4ukat2bmj204f5f","What makes Temescal a great place to live, work & study, and how can it be improved?","crelhptixkwmj204f5g","Regardless of reasons and independent from strategy, I do want everyone in this community to feel safe.","1765491613192"
"a5ef4ukat2bmj204f5f","What makes Temescal a great place to live, work & study, and how can it be improved?","ji3nv8m99somj204f5g","Would be good to learn about earthquake preparedness activities for the neighborhood through CORE.","1765491613193"
"a5ef4ukat2bmj204f5f","What makes Temescal a great place to live, work & study, and how can it be improved?","rjqza7yq7trmj204f5g","49th really needs to be repaved.","1765491613194"
"a5ef4ukat2bmj204f5f","What makes Temescal a great place to live, work & study, and how can it be improved?","tetw1hmd9smj204f5g","People need to feel safe walking the streets and visiting the businesses and restaurants..","1765491613195"
"a5ef4ukat2bmj204f5f","What makes Temescal a great place to live, work & study, and how can it be improved?","h5pelldgaomj204f5g","Extend the speed bumps and roundabouts on Shafter to the 40th-49th stretch. Too often cars do not stop at the 41st and Shafter stop sign!","1765491613196"
"a5ef4ukat2bmj204f5f","What makes Temescal a great place to live, work & study, and how can it be improved?","em62h4bcskkmj204f5g","Let's ensure that all people are safe from violence regardless of age, gender, race, housing status, and income.","1765491613197"
"a5ef4ukat2bmj204f5f","What makes Temescal a great place to live, work & study, and how can it be improved?","65zkj124rzimj204f5g","My son had a positive experience at Oakland Tech & I encourage people from the neighborhood to engage & consider sending your kid(s) there.","1765491613198"
"a5ef4ukat2bmj204f5f","What makes Temescal a great place to live, work & study, and how can it be improved?","mk28ecud9upmj204f5g","We have great public schools that are better when families choose to send their kids there and when parents and the community support them.","1765491613199"
"a5ef4ukat2bmj204f5f","What makes Temescal a great place to live, work & study, and how can it be improved?","i7x0doy15emj204f5g","I love my neighbors!","1765491613200"
"a5ef4ukat2bmj204f5f","What makes Temescal a great place to live, work & study, and how can it be improved?","1v05krvmik9mj204f5g","Change the structure of Telegraph.  Get rid of the bike lanes and the parklets.","1765491613201"
"a5ef4ukat2bmj204f5f","What makes Temescal a great place to live, work & study, and how can it be improved?","d2fw7xotnifmj204f5g","How about self-defense classes for our neighborhood?","1765491613202"
"a5ef4ukat2bmj204f5f","What makes Temescal a great place to live, work & study, and how can it be improved?","myb1mj658nhmj204f5g","Oakland Tech PTSA!","1765491613203"
"a5ef4ukat2bmj204f5f","What makes Temescal a great place to live, work & study, and how can it be improved?","vrb5fjkkppfmj204f5g","I love that you don't need to own a car in Temescal","1765491613204"
"a5ef4ukat2bmj204f5f","What makes Temescal a great place to live, work & study, and how can it be improved?","3197kjn02bwmj204f5g","Solutions are needed for the unhoused and mentally challenged people throughout Oakland.","1765491613205"
"a5ef4ukat2bmj204f5f","What makes Temescal a great place to live, work & study, and how can it be improved?","t9dte0m9nvdmj204f5g","I live in Temescal","1765491613206"
"a5ef4ukat2bmj204f5f","What makes Temescal a great place to live, work & study, and how can it be improved?","44iqnzb28sxmj204f5g","Hold casual happy hour meet ups at Temescal Brewing for neighborhood building.","1765491613207"
"a5ef4ukat2bmj204f5f","What makes Temescal a great place to live, work & study, and how can it be improved?","npuvsd4ourmj204f5g","Find out the City schedule for repaving all streets in our neighborhood and reaching out to our Council member to prioritize us.","1765491613208"
"a5ef4ukat2bmj204f5f","What makes Temescal a great place to live, work & study, and how can it be improved?","9i635ffgimmj204f5g","There are too many smash & grabs near Homeroom. We need to change state and local laws to punish these criminals so there is less of these.","1765491613209"
"a5ef4ukat2bmj204f5f","What makes Temescal a great place to live, work & study, and how can it be improved?","09jxy5n52f7jmj204f5g","There re too many catalytic converter thefts in our neighborhood. We need to change state laws so that perpetrators pay for their crimes.","1765491613210"
"a5ef4ukat2bmj204f5f","What makes Temescal a great place to live, work & study, and how can it be improved?","uzxaavnukfnmj204f5g","As wealthier members of Oakland we need to use our privilege to support our unhoused and marginalized community members.","1765491613211"
"a5ef4ukat2bmj204f5f","What makes Temescal a great place to live, work & study, and how can it be improved?","83ykjm6mv0wmj204f5g","Putting locks on garbage cans will result in more garbage on the streets. Increase the huber or trash cans instead.","1765491613212"
"a5ef4ukat2bmj204f5f","What makes Temescal a great place to live, work & study, and how can it be improved?","5aw2kwxqon4mj204f5g","Offer outreach and services to the homeless camp on 42nd St, under the freeway. They are also part of our neighborhood.","1765491613213"
"a5ef4ukat2bmj204f5f","What makes Temescal a great place to live, work & study, and how can it be improved?","xeh8aaieb6mj204f5g","We need to work with the businesses on Telegraph to be mindful and respectful of the residences that are immediately adjacent to Telegraph.","1765491613214"
"a5ef4ukat2bmj204f5f","What makes Temescal a great place to live, work & study, and how can it be improved?","v899kqsxi49mj204f5g","We need to find a solution to stop speeding at 41st and Shafter. There are too many people missing the stop signs.","1765491613215"
"a5ef4ukat2bmj204f5f","What makes Temescal a great place to live, work & study, and how can it be improved?","xnnkhddfyrkmj204f5g","Persuade the city to make its web site more useful, e.g., explain who is responsible for what and how to contact them.","1765491613216"
"a5ef4ukat2bmj204f5f","What makes Temescal a great place to live, work & study, and how can it be improved?","ikowscuqjjemj204f5g","Speeding/reckless driving makes it hard to let kids walk independently","1765491613217"
"a5ef4ukat2bmj204f5f","What makes Temescal a great place to live, work & study, and how can it be improved?","xcrwpn4upgbmj204f5g","We need to be willing to pay higher taxes to fund services that Temescal wants","1765491613218"
"a5ef4ukat2bmj204f5f","What makes Temescal a great place to live, work & study, and how can it be improved?","6qp3m25qum5mj204f5g","Not In My Backyard (NIMBY) mentality is ruining the neighborhood. We need more housing","1765491613219"
"a5ef4ukat2bmj204f5f","What makes Temescal a great place to live, work & study, and how can it be improved?","vi0bu9aikmmj204f5g","We need more affordable housing in our neighborhood for the unhoused","1765491613220"
"a5ef4ukat2bmj204f5f","What makes Temescal a great place to live, work & study, and how can it be improved?","c5wieyb4td9mj204f5g","The area around the Studio One art center should be utilized for community meet ups, food trucks, and the like","1765491613221"
"a5ef4ukat2bmj204f5f","What makes Temescal a great place to live, work & study, and how can it be improved?","8sgc9ylqcp4mj204f5g","We need a clean, accessible playground in our neighborhood for families to spend time and strengthen our community","1765491613222"
"a5ef4ukat2bmj204f5f","What makes Temescal a great place to live, work & study, and how can it be improved?","3tbi7q0334wmj204f5g","How about a regular evening walking group for exercise, neighborhood safety, and trash pickup all in one","1765491613223"
"a5ef4ukat2bmj204f5f","What makes Temescal a great place to live, work & study, and how can it be improved?","xon5po2kof9mj204f5g","Would love one of those ""flashing"" crosswalks on 40th St @ Opal--I have seen too many pedestrians hit and injured there.","1765491613224"
"a5ef4ukat2bmj204f5f","What makes Temescal a great place to live, work & study, and how can it be improved?","7s2exnoxvj9mj204f5g","Not just replanting but ongoing water & weeding needed on 40th St medians btwn Telegraph & Webster to succeed where past plantings failed","1765491613225"
"a5ef4ukat2bmj204f5f","What makes Temescal a great place to live, work & study, and how can it be improved?","xd0t0dsa4tmj204f5g","Bless the guerrilla bus bench builder, stepping in where the city has failed! Neighbors & TTBID should maintain benches since city won't.","1765491613226"
"a5ef4ukat2bmj204f5f","What makes Temescal a great place to live, work & study, and how can it be improved?","2iwafbpaem2mj204f5g","Beautiful Temescal mural on hwy 24 underpass @ 51st is increasingly tagged. TTBID should maintain.","1765491613227"
"a5ef4ukat2bmj204f5f","What makes Temescal a great place to live, work & study, and how can it be improved?","8t7ny1w2qnrmj204f5g","Large building site at 383 40th St unfinished for YEARS, shrouded in graffiti and weeds. A blight on the neighborhood. Shouldn't be legal.","1765491613228"
"a5ef4ukat2bmj204f5f","What makes Temescal a great place to live, work & study, and how can it be improved?","pmjrofzxcfamj204f5g","I would like to see traffic calming on multiple streets so that none of our streets become a speedy shortcut.","1765491613229"
"a5ef4ukat2bmj204f5f","What makes Temescal a great place to live, work & study, and how can it be improved?","aiifu0pqjy9mj204f5g","Property taxes are insanely high for new home owners in the area. It's a bummer to not see any of that go to fixing our pothole-d streets.","1765491613230"
"a5ef4ukat2bmj204f5f","What makes Temescal a great place to live, work & study, and how can it be improved?","irg47s0mdpomj204f5g","I think traffic calming would be the biggest improvement we could make to the neighborhood. This will bring more life out in public.","1765491613231"
"a5ef4ukat2bmj204f5f","What makes Temescal a great place to live, work & study, and how can it be improved?","0ftyi2smhx2fmj204f5g","We should encourage the planting of native wildflowers in dormant/neglected sidewalk landscaping","1765491613232"
"a5ef4ukat2bmj204f5f","What makes Temescal a great place to live, work & study, and how can it be improved?","0o1i1lzonawmj204f5g","We should get together to paint a street mural as part of Oakland's Paint the Town program https://www.oaklandca.gov/projects/paint-the-town","1765491613233"
"a5ef4ukat2bmj204f5f","What makes Temescal a great place to live, work & study, and how can it be improved?","4bzfmjuo2yomj204f5g","Bike routes should also have priority for repaving.","1765491613234"
"a5ef4ukat2bmj204f5f","What makes Temescal a great place to live, work & study, and how can it be improved?","tcfayqrf2chmj204f5g","I like riding my bike on Broadway with its bike lane.","1765491613235"
"a5ef4ukat2bmj204f5f","What makes Temescal a great place to live, work & study, and how can it be improved?","l9usjinakpcmj204f5g","I hate riding my bike on Telegraph Ave from 51st to downtown Oakland.","1765491613236"
"a5ef4ukat2bmj204f5f","What makes Temescal a great place to live, work & study, and how can it be improved?","8z8g6b4kktcmj204f5g","Restaurants and businesses are being hurt by crime-people are not going out as much at night.","1765491613237"
"a5ef4ukat2bmj204f5f","What makes Temescal a great place to live, work & study, and how can it be improved?","8iodslsf73rmj204f5g","It would be nice to have more block parties in Temescal so people can get to know each other and kids can play on streets closed to traffic.","1765491613238"
"a5ef4ukat2bmj204f5f","What makes Temescal a great place to live, work & study, and how can it be improved?","vqbf4uptrxmj204f5g","Advocate for addressing homeless encampments in the neighborhood.","1765491613239"
"a5ef4ukat2bmj204f5f","What makes Temescal a great place to live, work & study, and how can it be improved?","bnn7pw0sqk5mj204f5g","How can we leverage city resources to deal with graffiti and trash?","1765491613240"
"a5ef4ukat2bmj204f5f","What makes Temescal a great place to live, work & study, and how can it be improved?","cqrfyvc3axmj204f5g","Collaborate with the neighborhood schools to enlist students to participate in cleaning trash in the neighborhood. Provide credit or food","1765491613241"
"a5ef4ukat2bmj204f5f","What makes Temescal a great place to live, work & study, and how can it be improved?","5b2xjm7v91tmj204f5g","We need a flashing yellow crossing light at 51st and Lawton","1765491613242"
"okcx7g8k02miz1x2ga","Is dunking Oreos in orange juice the best way to eat them?","pub4kcbw9oomiz1x2rk","The best way to eat Oreos is to dunk them in orange juice.","1765313231168"
"okcx7g8k02miz1x2ga","Is dunking Oreos in orange juice the best way to eat them?","aj75h7sra58mj4ni5yq","Only a sociopath would do this","1765651817906"
"okcx7g8k02miz1x2ga","Is dunking Oreos in orange juice the best way to eat them?","uyu2wzkrujmj4od4kp","I've never tried this to be honest","1765653262441"
"okcx7g8k02miz1x2ga","Is dunking Oreos in orange juice the best way to eat them?","a5c5riym4qmj4oki2n","I don't like dunking at all, even in milk","1765653606527"
"okcx7g8k02miz1x2ga","Is dunking Oreos in orange juice the best way to eat them?","gkuazh4gva6mj69k7e6","Chocolate and orange can be a delicious combination","1765749330798"
"7byow9lydtmiz01db9","Should cars be banned entirely from the Georgetown Trader Joe's parking lot?","9otwzoon7mhmiz01djh","They should ban cars entirely.","1765310072525"
"7byow9lydtmiz01db9","Should cars be banned entirely from the Georgetown Trader Joe's parking lot?","ay8qkoc331omiz01djh","The Georgetown Trader Joe's parking lot is a nightmare.","1765310072525"
"yeit20wgoqmiypykqi","I wish there was a library more conveniently located north of Dupont Circle","69c47groy1bmiypylbf","The nearest library from Columbia Heights is a 25-minute walk - that's just not accessible for families with young kids or elderly residents.","1765293146475"
"yeit20wgoqmiypykqi","I wish there was a library more conveniently located north of Dupont Circle","r2k7yckgwrmmiypylbf","DCPL already operates 26 branches on a tight budget - we need to focus on maintaining existing libraries rather than building new ones.","1765293146476"
"yeit20wgoqmiypykqi","I wish there was a library more conveniently located north of Dupont Circle","ch53gpkbv6miypylbf","A library branch near 14th & Park Road could serve Adams Morgan, Columbia Heights, and Mt Pleasant - three dense neighborhoods with zero library access.","1765293146477"
"yeit20wgoqmiypykqi","I wish there was a library more conveniently located north of Dupont Circle","fwmjem46tvdmiypylbf","I'm a remote worker who would love a library workspace north of Dupont - all the coffee shops are packed and loud.","1765293146478"
"yeit20wgoqmiypykqi","I wish there was a library more conveniently located north of Dupont Circle","kdt8dmqyfbmiypylbf","Real estate costs in that area are astronomical - a new library branch would need millions in acquisition and construction funding.","1765293146479"
"yeit20wgoqmiypykqi","I wish there was a library more conveniently located north of Dupont Circle","7p3tf6w5houmiypylbf","Kids in these neighborhoods shouldn't have to take two buses to get to a library for homework help or summer reading programs.","1765293146480"
"yeit20wgoqmiypykqi","I wish there was a library more conveniently located north of Dupont Circle","9n1ov5riekmiypylbf","Mobile library services or pop-up reading rooms could serve this area at a fraction of the cost of a permanent branch.","1765293146481"
"yeit20wgoqmiypykqi","I wish there was a library more conveniently located north of Dupont Circle","ld9z94z2nxcmiypylbf","Libraries aren't just about books anymore - they're community centers, job search hubs, and safe spaces. North of Dupont needs this.","1765293146482"
"b599hohvnjumiyonfah","I wish there was a library more conveniently located north of Dupont Circle","whnp8kpu7cmiyong6i","The nearest library from Columbia Heights is a 25-minute walk - that's just not accessible for families with young kids or elderly residents.","1765290946986"
"b599hohvnjumiyonfah","I wish there was a library more conveniently located north of Dupont Circle","3mbfsvmc2ymiyong6i","DCPL already operates 26 branches on a tight budget - we need to focus on maintaining existing libraries rather than building new ones.","1765290946987"
"b599hohvnjumiyonfah","I wish there was a library more conveniently located north of Dupont Circle","kl0iuhtl208miyong6i","A library branch near 14th & Park Road could serve Adams Morgan, Columbia Heights, and Mt Pleasant - three dense neighborhoods with zero library access.","1765290946988"
"b599hohvnjumiyonfah","I wish there was a library more conveniently located north of Dupont Circle","1h4udawvxipmiyong6i","I'm a remote worker who would love a library workspace north of Dupont - all the coffee shops are packed and loud.","1765290946989"
"b599hohvnjumiyonfah","I wish there was a library more conveniently located north of Dupont Circle","9zcwgi5hudimiyong6i","Real estate costs in that area are astronomical - a new library branch would need millions in acquisition and construction funding.","1765290946990"
"b599hohvnjumiyonfah","I wish there was a library more conveniently located north of Dupont Circle","ulalwrkk6ammiyong6i","Kids in these neighborhoods shouldn't have to take two buses to get to a library for homework help or summer reading programs.","1765290946991"
"b599hohvnjumiyonfah","I wish there was a library more conveniently located north of Dupont Circle","gydgs5sodctmiyong6i","Mobile library services or pop-up reading rooms could serve this area at a fraction of the cost of a permanent branch.","1765290946992"
"b599hohvnjumiyonfah","I wish there was a library more conveniently located north of Dupont Circle","ijbjgvbrn1miyong6i","Libraries aren't just about books anymore - they're community centers, job search hubs, and safe spaces. North of Dupont needs this.","1765290946993"
"4n9x4lyodg9mixh5k93","Should DC ban right turns on red everywhere or just in some places?","90dmzg9lvo6mixh5kau","it's dangerous for pedestrians and bikers","1765217889030"
"4n9x4lyodg9mixh5k93","Should DC ban right turns on red everywhere or just in some places?","dld3o4t2c7cmixh5kau","drivers can't handle it","1765217889030"
"4n9x4lyodg9mixh5k93","Should DC ban right turns on red everywhere or just in some places?","e6fck3cxv9cmixh5kau","it's getting more and more bike friendly, let's keep it up","1765217889030"
"6xw5cnlg3d9mixguzg0","I wish there was a library more conveniently located north of Dupont Circle","nwa49r824zjmixgv01k","The nearest library from Columbia Heights is a 25-minute walk - that's just not accessible for families with young kids or elderly residents.","1765217396216"
"6xw5cnlg3d9mixguzg0","I wish there was a library more conveniently located north of Dupont Circle","2qxbuyp6n0pmixgv01k","DCPL already operates 26 branches on a tight budget - we need to focus on maintaining existing libraries rather than building new ones.","1765217396217"
"6xw5cnlg3d9mixguzg0","I wish there was a library more conveniently located north of Dupont Circle","wu7jqgj50qmixgv01k","A library branch near 14th & Park Road could serve Adams Morgan, Columbia Heights, and Mt Pleasant - three dense neighborhoods with zero library access.","1765217396218"
"6xw5cnlg3d9mixguzg0","I wish there was a library more conveniently located north of Dupont Circle","mj99iatbsvmixgv01k","I'm a remote worker who would love a library workspace north of Dupont - all the coffee shops are packed and loud.","1765217396219"
"6xw5cnlg3d9mixguzg0","I wish there was a library more conveniently located north of Dupont Circle","4x6rvu5kromixgv01k","Real estate costs in that area are astronomical - a new library branch would need millions in acquisition and construction funding.","1765217396220"
"6xw5cnlg3d9mixguzg0","I wish there was a library more conveniently located north of Dupont Circle","yhm9eg7c6pmixgv01k","Kids in these neighborhoods shouldn't have to take two buses to get to a library for homework help or summer reading programs.","1765217396221"
"6xw5cnlg3d9mixguzg0","I wish there was a library more conveniently located north of Dupont Circle","w0drwunj28mixgv01k","Mobile library services or pop-up reading rooms could serve this area at a fraction of the cost of a permanent branch.","1765217396222"
"6xw5cnlg3d9mixguzg0","I wish there was a library more conveniently located north of Dupont Circle","8tlv34zfewxmixgv01k","Libraries aren't just about books anymore - they're community centers, job search hubs, and safe spaces. North of Dupont needs this.","1765217396223"
"6xw5cnlg3d9mixguzg0","I wish there was a library more conveniently located north of Dupont Circle","fjhxjx3jmbemixh0k5i","We need more libraries in general!","1765217655558"
"pzxtpay4xmikwz8vn","I wish there was a library more conveniently located north of Dupont Circle","uej57cxgt8hmikwz9st","The nearest library from Columbia Heights is a 25-minute walk - that's just not accessible for families with young kids or elderly residents.","1764458409053"
"pzxtpay4xmikwz8vn","I wish there was a library more conveniently located north of Dupont Circle","zd1830vwh8kmikwz9st","DCPL already operates 26 branches on a tight budget - we need to focus on maintaining existing libraries rather than building new ones.","1764458409054"
"pzxtpay4xmikwz8vn","I wish there was a library more conveniently located north of Dupont Circle","zcd4tjiubfmikwz9st","A library branch near 14th & Park Road could serve Adams Morgan, Columbia Heights, and Mt Pleasant - three dense neighborhoods with zero library access.","1764458409055"
"pzxtpay4xmikwz8vn","I wish there was a library more conveniently located north of Dupont Circle","5fnkf9krqr9mikwz9st","I'm a remote worker who would love a library workspace north of Dupont - all the coffee shops are packed and loud.","1764458409056"
"pzxtpay4xmikwz8vn","I wish there was a library more conveniently located north of Dupont Circle","v5kq1ezqpi9mikwz9st","Real estate costs in that area are astronomical - a new library branch would need millions in acquisition and construction funding.","1764458409057"
"pzxtpay4xmikwz8vn","I wish there was a library more conveniently located north of Dupont Circle","7hhka1ohdcgmikwz9st","Kids in these neighborhoods shouldn't have to take two buses to get to a library for homework help or summer reading programs.","1764458409058"
"pzxtpay4xmikwz8vn","I wish there was a library more conveniently located north of Dupont Circle","g6blx2xy89imikwz9st","Mobile library services or pop-up reading rooms could serve this area at a fraction of the cost of a permanent branch.","1764458409059"
"pzxtpay4xmikwz8vn","I wish there was a library more conveniently located north of Dupont Circle","t62emb9ne4omikwz9st","Libraries aren't just about books anymore - they're community centers, job search hubs, and safe spaces. North of Dupont needs this.","1764458409060"
"4kl4fzajacjmihyslzs","Should Alex do more cycling in and around Amsterdam?","pixy7mvtl5fmihysm6u","Alex should do more cycling in and around Amsterdam","1764280059222"
"d7hiqy0g2vdmif4lfba","Should cars be banned from the Georgetown Trader Joe'?","4zkt312nzacmif4lfi9","They should ban cars entirely.","1764108403137"
"d7hiqy0g2vdmif4lfba","Should cars be banned from the Georgetown Trader Joe'?","ve38l1q31kkmif4lfi9","The Georgetown Trader Joe's parking lot is a nightmare.","1764108403137"
"xeobk705rwmif2mjac","What should we do tonight Tuesday, November 25th?","idy84lklx9bmif2mjm4","Lego and boardgames ","1764105095884"
"xeobk705rwmif2mjac","What should we do tonight Tuesday, November 25th?","slprbaehi5mif2mjm4","Minecraft ","1764105095884"
"xeobk705rwmif2mjac","What should we do tonight Tuesday, November 25th?","a368zchvkvnmif2oa4u","movie, but provide titles!","1764105176910"
"l6xnvghyckgmiap60qd","I used AI to remove Swann St on-street parking and it's beautiful","2wm425znucrmiap613h","Imagine how cool it would feel like to walk down this street without worrying about cars.","1763840625677"
"l6xnvghyckgmiap60qd","I used AI to remove Swann St on-street parking and it's beautiful","6h6fed790zhmiap613h","We could use the extra space for community gardens and events!","1763840625677"
"l6xnvghyckgmiap60qd","I used AI to remove Swann St on-street parking and it's beautiful","zi61m6qhe7pmiap613h","It'd be amazing to let kids run and play in the street safely.","1763840625677"
"l6xnvghyckgmiap60qd","I used AI to remove Swann St on-street parking and it's beautiful","tl2r5ugdvzmiapaj9v","We could still leave room for one way traffic","1763840835859"
"l6xnvghyckgmiap60qd","I used AI to remove Swann St on-street parking and it's beautiful","0inhiz0efxlimibygf9x","There will be more space for cooperate retail chains!","1763916693333"
"9y5u7pokicnmi83b978","Is tipping expected when purchasing small items at a local convenience store?","4574rhr6ys2mi83b9dy","If I go to a local corner shop to buy small groceries once in a while, like a $5 bag of cookies, is a tip expected?","1763682985798"
"9y5u7pokicnmi83b978","Is tipping expected when purchasing small items at a local convenience store?","5hobml20tf6mi83b9dy","I feel like I'm getting hostile/cold reactions for not tipping.","1763682985798"
"9y5u7pokicnmi83b978","Is tipping expected when purchasing small items at a local convenience store?","dcz4bprqesbmi83b9dy","If I order something that you need to make like a sandwich then tipping makes sense but if I'm just grabbing something off the shelf that they're just ringing up for me I don't think I need to tip right?","1763682985798"
"9y5u7pokicnmi83b978","Is tipping expected when purchasing small items at a local convenience store?","e03f9wx0n2umi85e85y","I'm too broke to tip","1763686483414"
"mbq6o4hg0lemi6d4bou","Happy birthday Josh!","93ezvk7uqoimi6d4c23","Looking forward to our four 40 yos adventure next year!","1763578526475"
"mbq6o4hg0lemi6d4bou","Happy birthday Josh!","9lzsqxmdxtmi6d4c23","Let's make more music together!","1763578526475"
"mbq6o4hg0lemi6d4bou","Happy birthday Josh!","fdadl25rzvmi6d4c23","You're crushing it as a dad!","1763578526475"
"mbq6o4hg0lemi6d4bou","Happy birthday Josh!","tx9yccwx3wmi6d4c23","Happy birthday Josh!!","1763578526475"
"2dnj6gkpgwlmi6al8y0","Why do people like San Francisco so much?","48ifstp6vtqmi6al95f","it's over priced","1763574277011"
"2dnj6gkpgwlmi6al8y0","Why do people like San Francisco so much?","io0x4eradxhmi6al95f","it's too techy","1763574277011"
"2dnj6gkpgwlmi6al8y0","Why do people like San Francisco so much?","omwauewwwlmmi6al95f","Why does a wework have to be called a vertical village, why can't it just be a wework?","1763574277011"
"2dnj6gkpgwlmi6al8y0","Why do people like San Francisco so much?","rb231u6qcqmi6al95f","it's too car-heavy","1763574277011"
"2dnj6gkpgwlmi6al8y0","Why do people like San Francisco so much?","rgflg0c0okmi74u5yw","The underground culture is incredible","1763625081272"
"2dnj6gkpgwlmi6al8y0","Why do people like San Francisco so much?","suy3czdd9xqmi7lopu2","Someone mentioned the underground culture is amazing, I don't know what that is","1763653380554"
"2dnj6gkpgwlmi6al8y0","Why do people like San Francisco so much?","hmujzic7fdjmi85fbwk","Probably the golden gate bride","1763686534916"
"2dnj6gkpgwlmi6al8y0","Why do people like San Francisco so much?","vvu65s7z0vmic4lsdq","Many Gays. Is nice!","1763927021294"
"zlaxm2jmyimi57ut9f","Best new online co-op escapade experience for people approaching 40?","p0zrzei7edmmi57utl4","How can we slow this down?","1763509218376"
"zlaxm2jmyimi57ut9f","Best new online co-op escapade experience for people approaching 40?","idnsae4fz9jmi57yxmb","Gremlins","1763509410227"
"zlaxm2jmyimi57ut9f","Best new online co-op escapade experience for people approaching 40?","cel4tnpi87wmi5865hz","lethal company","1763509747031"
"zlaxm2jmyimi57ut9f","Best new online co-op escapade experience for people approaching 40?","0cnn60bmnj1gmi5873en","Dead by daylight","1763509790975"
"zlaxm2jmyimi57ut9f","Best new online co-op escapade experience for people approaching 40?","mr7pbmw1umhmi589tiw","Baldur's Gate 3","1763509918136"
"zlaxm2jmyimi57ut9f","Best new online co-op escapade experience for people approaching 40?","4jlb011ga4wmi66up0d","I love this question! 😍","1763567999005"
"zlaxm2jmyimi57ut9f","Best new online co-op escapade experience for people approaching 40?","agub2q2ymqmi66wrqi","Lethal Company is only available on Windows so it would exclude mac-only ppl","1763568095850"
"zlaxm2jmyimi57ut9f","Best new online co-op escapade experience for people approaching 40?","c6uxoiafrzvmi66ypxo","Dead by daylight is also windows-only","1763568186828"
"zlaxm2jmyimi57ut9f","Best new online co-op escapade experience for people approaching 40?","pn2zson4dibmi66yvol","Some of us only have macs","1763568194277"
"zlaxm2jmyimi57ut9f","Best new online co-op escapade experience for people approaching 40?","eus64gmse3wmi670azl","Vintage Story is a minecraft-spinoff that has a much more ""cozy"" vibe, would be a good option!","1763568260769"
"zlaxm2jmyimi57ut9f","Best new online co-op escapade experience for people approaching 40?","u1bhl0lm5bfmi6k6h9d","escape simulator 1 and 2","1763590383841"
"zlaxm2jmyimi57ut9f","Best new online co-op escapade experience for people approaching 40?","f93b6ol0bppmi6k7veh","rust, a survival simulator game","1763590448825"
"zlaxm2jmyimi57ut9f","Best new online co-op escapade experience for people approaching 40?","d930h6b6ecbmi6k9w3s","tabletop simulator","1763590543048"
"zlaxm2jmyimi57ut9f","Best new online co-op escapade experience for people approaching 40?","jwbik6o3dqimi6kb36c","no Man's sky","1763590598868"
"zlaxm2jmyimi57ut9f","Best new online co-op escapade experience for people approaching 40?","tmbt31kj3fdmi6kc2j4","dying light","1763590644688"
"zlaxm2jmyimi57ut9f","Best new online co-op escapade experience for people approaching 40?","jwjla7bc8fsmi6ki8qp","borderlands 2 and 3","1763590932673"
"zlaxm2jmyimi57ut9f","Best new online co-op escapade experience for people approaching 40?","rf2m93n6utnmi6rqn8g","I never played it, but Among Us?  Back to Covid times","1763603082016"
"zlaxm2jmyimi57ut9f","Best new online co-op escapade experience for people approaching 40?","0blo86kxnohwmi6tlw5f","Back for blood","1763606219523"
"zlaxm2jmyimi57ut9f","Best new online co-op escapade experience for people approaching 40?","65lffqijhn3mi7oqpe7","Tabletop Simulator has a 4-pack purchase.  i can get it cheap(er) through Humble Bundle","1763658512143"
"zlaxm2jmyimi57ut9f","Best new online co-op escapade experience for people approaching 40?","lkmone5obhlmi7orezy","Tabletop Simulator - Superfight mod!","1763658545326"
"zlaxm2jmyimi57ut9f","Best new online co-op escapade experience for people approaching 40?","9ymvg6nhrx5mi7otg7w","never mind about the Humble Bundle idea, that is a knockoff","1763658640220"
"zlaxm2jmyimi57ut9f","Best new online co-op escapade experience for people approaching 40?","ngotqhy8izcmi7oukc6","I'm still willing to buy the 4-pack through Steam","1763658692214"
"0riy9dxb435mi556p21","Should we meet up this weekend or Thanksgiving weekend?","ahshi2tlx4gmi556pcx","This weekend","1763504733921"
"0riy9dxb435mi556p21","Should we meet up this weekend or Thanksgiving weekend?","c99vtve5femi5587ze","next weekend","1763504804714"
"0riy9dxb435mi556p21","Should we meet up this weekend or Thanksgiving weekend?","bp82m4etj3mi69zcqw","I (Alex) will be out of town for TG weekend","1763573255240"
"0riy9dxb435mi556p21","Should we meet up this weekend or Thanksgiving weekend?","l98fvpzrzlmi6a9k3e","I’m out next weekend, and have parents in town this weekend.","1763573731322"
"0riy9dxb435mi556p21","Should we meet up this weekend or Thanksgiving weekend?","rgakut118ami6aa40i","How about Dec 6-7?","1763573757138"
"058okeqcniynmi54lopy","Should the basement become a gym room or game room?","a25fwoelwz4mi54lose","I think the basement should become a gym room or game room.","1763503753406"
"058okeqcniynmi54lopy","Should the basement become a gym room or game room?","iqwn1zvxi5mi54p1ct","it's got to be a game room","1763503909661"
"058okeqcniynmi54lopy","Should the basement become a gym room or game room?","2lqpvlq4c5xmi54sh26","I feel like we should be able to fit those two desks with all the computers, a bed, the tiny couch, and the old TV","1763504069982"
"058okeqcniynmi54lopy","Should the basement become a gym room or game room?","gxtumbywlz9mi84v68h","hellar what's up","1763685594449"
"az3w4q0ejukmi54b9d1","Is K-pop demoms hunters a good movie?","5in2s8l7v8gmi54b9gp","very awesome songs","1763503266985"
"az3w4q0ejukmi54b9d1","Is K-pop demoms hunters a good movie?","ls3ed2ju69mi54b9gp","K-pop demoms hunters is a cool movie","1763503266985"
"az3w4q0ejukmi54b9d1","Is K-pop demoms hunters a good movie?","fzbqfhc7t2imi54ifw4","it was over hyped","1763503601908"
"az3w4q0ejukmi54b9d1","Is K-pop demoms hunters a good movie?","ytqcpz1msnfmi54iwhn","I guess also who said that","1763503623419"
"j5gpe4vegojmi53zo07","Is Minecraft the best game to play on Friday night?","ay7joxxd5a8mi53zo4q","I think we should play it next Friday night","1763502726122"
"j5gpe4vegojmi53zo07","Is Minecraft the best game to play on Friday night?","ee6hfphhehmi53zo4q","Minecraft is the best","1763502726122"
"j5gpe4vegojmi53zo07","Is Minecraft the best game to play on Friday night?","1mp5lzmq8rbmi5460x1","Minecraft is the best game to play as a family on Friday night","1763503022629"
"j5gpe4vegojmi53zo07","Is Minecraft the best game to play on Friday night?","m4pr4vi44emi54ev07","No one thinks Minecraft is the best ):","1763503434871"
"j5gpe4vegojmi53zo07","Is Minecraft the best game to play on Friday night?","f31zvnhi595mi54h13w","Minecraft is a great game, but I can't be considered the best.","1763503536092"
"j5gpe4vegojmi53zo07","Is Minecraft the best game to play on Friday night?","2fab05nylsami54hm2h","Mmmmmm hhhh","1763503563257"
"10vplcv885qmi3e0izr","I wish there was a library more conveniently located north of Dupont Circle","top5f3r9oumi3e0jvz","The nearest library from Columbia Heights is a 25-minute walk - that's just not accessible for families with young kids or elderly residents.","1763398631087"
"10vplcv885qmi3e0izr","I wish there was a library more conveniently located north of Dupont Circle","h0byftg4xxemi3e0jvz","DCPL already operates 26 branches on a tight budget - we need to focus on maintaining existing libraries rather than building new ones.","1763398631088"
"10vplcv885qmi3e0izr","I wish there was a library more conveniently located north of Dupont Circle","dcgzidy3ywmmi3e0jvz","A library branch near 14th & Park Road could serve Adams Morgan, Columbia Heights, and Mt Pleasant - three dense neighborhoods with zero library access.","1763398631089"
"10vplcv885qmi3e0izr","I wish there was a library more conveniently located north of Dupont Circle","ov24unfti2bmi3e0jvz","I'm a remote worker who would love a library workspace north of Dupont - all the coffee shops are packed and loud.","1763398631090"
"10vplcv885qmi3e0izr","I wish there was a library more conveniently located north of Dupont Circle","u3256olsudhmi3e0jvz","Real estate costs in that area are astronomical - a new library branch would need millions in acquisition and construction funding.","1763398631091"
"10vplcv885qmi3e0izr","I wish there was a library more conveniently located north of Dupont Circle","o02izxl1otmi3e0jvz","Kids in these neighborhoods shouldn't have to take two buses to get to a library for homework help or summer reading programs.","1763398631092"
"10vplcv885qmi3e0izr","I wish there was a library more conveniently located north of Dupont Circle","e5utajca4gpmi3e0jvz","Mobile library services or pop-up reading rooms could serve this area at a fraction of the cost of a permanent branch.","1763398631093"
"10vplcv885qmi3e0izr","I wish there was a library more conveniently located north of Dupont Circle","p3k21vsaaummi3e0jvz","Libraries aren't just about books anymore - they're community centers, job search hubs, and safe spaces. North of Dupont needs this.","1763398631094"
"v5g97ke4bsomhz0nvno","Should cars be banned entirely in the Georgetown Trader Joe's parking lot?","16rm5qvtsifmhz0nvx3","They should ban cars entirely.","1763134340439"
"v5g97ke4bsomhz0nvno","Should cars be banned entirely in the Georgetown Trader Joe's parking lot?","ybqbdazhwwmhz0nvx3","The Georgetown Trader Joe's parking lot is a nightmare.","1763134340439"
"yifq8tf6kjbmhwnl5wu","Should 17th street in DC be pedestrianized?","63ua85jz7bdmhwnl6cw","17th street is one of the most vibrant streets in the area with lots of local shops and restaurants.","1762991446640"
"yifq8tf6kjbmhwnl5wu","Should 17th street in DC be pedestrianized?","del0ejmna1gmhwnl6cw","The times it's been closed like for the high heel race has been great and fun.","1762991446640"
"yifq8tf6kjbmhwnl5wu","Should 17th street in DC be pedestrianized?","l65rgjfxxmomhwnl6cw","DC needs more pedestrian areas!","1762991446640"
"yifq8tf6kjbmhwnl5wu","Should 17th street in DC be pedestrianized?","ulwsy3mwsohmhwnl6cw","Let's pedestrianize 17th street!","1762991446640"
"yifq8tf6kjbmhwnl5wu","Should 17th street in DC be pedestrianized?","v2noidnefpmhwnl6cw","Many people who live on or near the street don't even have cars.","1762991446640"
"yifq8tf6kjbmhwnl5wu","Should 17th street in DC be pedestrianized?","a8alhtg9slumhwspwne","There are numerous service needs on the road (safeway delivery truck, garbage collection, etc)","1763000065418"
"yifq8tf6kjbmhwnl5wu","Should 17th street in DC be pedestrianized?","mtgxk1uzrubmhwsqjfe","There are underground garages south of P street that only have street access on 17th","1763000094938"
"pf66hsu64umhvbb2ik","Should Q Street be closed during the Dupont Farmer Market?","212du990gqzmhvbb2tf","wont really inconvenience drivers since theres not that many drivers in that area anyways.","1762910353923"
"pf66hsu64umhvbb2ik","Should Q Street be closed during the Dupont Farmer Market?","big7kce2fjwmhvbb2tf","it would make the farmers market better.","1762910353923"
"pf66hsu64umhvbb2ik","Should Q Street be closed during the Dupont Farmer Market?","fsh3tsxpclmhvbb2tf","we should close q street during the dupont farmer market.","1762910353923"
"pf66hsu64umhvbb2ik","Should Q Street be closed during the Dupont Farmer Market?","w19axzou43mhvbb2tf","you also have the metro there.","1762910353923"
"pf66hsu64umhvbb2ik","Should Q Street be closed during the Dupont Farmer Market?","xfr490eskvmhvbb2tf","just adding more walkability to that intersection is a big win.","1762910353923"
"cds6q9ree0emhuv6dk7","I wish there was a library more conveniently located north of Dupont Circle","soq1ruba3cnmhuv6e94","The nearest library from Columbia Heights is a 25-minute walk - that's just not accessible for families with young kids or elderly residents.","1762883261608"
"cds6q9ree0emhuv6dk7","I wish there was a library more conveniently located north of Dupont Circle","ze0xo0xx8jmhuv6e94","DCPL already operates 26 branches on a tight budget - we need to focus on maintaining existing libraries rather than building new ones.","1762883261609"
"cds6q9ree0emhuv6dk7","I wish there was a library more conveniently located north of Dupont Circle","hv6c0dmufs7mhuv6e94","A library branch near 14th & Park Road could serve Adams Morgan, Columbia Heights, and Mt Pleasant - three dense neighborhoods with zero library access.","1762883261610"
"cds6q9ree0emhuv6dk7","I wish there was a library more conveniently located north of Dupont Circle","en37g217p2mhuv6e94","I'm a remote worker who would love a library workspace north of Dupont - all the coffee shops are packed and loud.","1762883261611"
"cds6q9ree0emhuv6dk7","I wish there was a library more conveniently located north of Dupont Circle","jkpkm7s0w9gmhuv6e94","Real estate costs in that area are astronomical - a new library branch would need millions in acquisition and construction funding.","1762883261612"
"cds6q9ree0emhuv6dk7","I wish there was a library more conveniently located north of Dupont Circle","un9c40egtukmhuv6e94","Kids in these neighborhoods shouldn't have to take two buses to get to a library for homework help or summer reading programs.","1762883261613"
"cds6q9ree0emhuv6dk7","I wish there was a library more conveniently located north of Dupont Circle","k8dza19o2nsmhuv6e94","Mobile library services or pop-up reading rooms could serve this area at a fraction of the cost of a permanent branch.","1762883261614"
"cds6q9ree0emhuv6dk7","I wish there was a library more conveniently located north of Dupont Circle","7g7fblcma1kmhuv6e94","Libraries aren't just about books anymore - they're community centers, job search hubs, and safe spaces. North of Dupont needs this.","1762883261615"
"bfrm70r8m06mhs6bad9","we need to have an ""offline"" side projects meetup","hl0bvtv8k7mhs6d6s2","The first meetup was great but a lot of people ended up doing tech-related projects.","1762720655762"
"bfrm70r8m06mhs6bad9","we need to have an ""offline"" side projects meetup","qcim99anejmmhs6d6s2","I feel like that kinda goes against the spirit of the meetup.","1762720655763"
"bfrm70r8m06mhs6bad9","we need to have an ""offline"" side projects meetup","un7yu1tcsximhs6d6s2","Most of us probably do tech-related stuff for our day jobs.","1762720655764"
"bfrm70r8m06mhs6bad9","we need to have an ""offline"" side projects meetup","hlwj9853rrcmhs6d6s2","It'd be fun to have a meetup where it's ""offline"" side projects only.","1762720655765"
"bfrm70r8m06mhs6bad9","we need to have an ""offline"" side projects meetup","j1p04zr03smmhs6d6s2","Examples could include making music, writing poetry, arts and crafts, cooking, etc.","1762720655766"
"d616fc3c-8ccd-4d28-8368-8548579f3572","Cold weather commuters, when do you call it quits for the season?","74e7a7f6-fe44-463c-a413-655dc0f6a92f","I live in eastern Canada and I don’t stop riding all year.","1762473325759"
"d616fc3c-8ccd-4d28-8368-8548579f3572","Cold weather commuters, when do you call it quits for the season?","6bf25bfd-1357-4c8a-9a0e-0bc7ed285e91","I run studded tires and dress for the weather.","1762473325760"
"d616fc3c-8ccd-4d28-8368-8548579f3572","Cold weather commuters, when do you call it quits for the season?","a83d14ca-6119-4988-853f-3f76154501be","If we get more than 20-30cm of snow, I may take a day off, and 90+ km/h winds will keep me at home, but otherwise it’s so worth it.","1762473325761"
"d616fc3c-8ccd-4d28-8368-8548579f3572","Cold weather commuters, when do you call it quits for the season?","d135cc62-acdd-4dc8-9cff-c8c4c27bd676","I love riding year round.","1762473325762"
"d616fc3c-8ccd-4d28-8368-8548579f3572","Cold weather commuters, when do you call it quits for the season?","6c26e008-4d71-4c49-b687-225119646126","Studded tires, bar mitts, neck warmer, balaclava.","1762473329220"
"d616fc3c-8ccd-4d28-8368-8548579f3572","Cold weather commuters, when do you call it quits for the season?","20c558e9-fdd3-4e71-a1cf-5509a7fd7c29","These keep me going through the Montreal winter.","1762473329221"
"d616fc3c-8ccd-4d28-8368-8548579f3572","Cold weather commuters, when do you call it quits for the season?","a65b119f-ffbb-4839-8391-f68bdf69f47c","I actually love biking after it snows.","1762473329222"
"d616fc3c-8ccd-4d28-8368-8548579f3572","Cold weather commuters, when do you call it quits for the season?","4ffcb884-c4d6-4725-a228-82242570ae40","Ice is a different story. My studded tires do a great job but I don't push my luck.","1762473329223"
"d616fc3c-8ccd-4d28-8368-8548579f3572","Cold weather commuters, when do you call it quits for the season?","48e5c57e-88f7-485c-a7c3-bb23e8b1ed56","I draw the line at freezing temperatures.","1762473330293"
"d616fc3c-8ccd-4d28-8368-8548579f3572","Cold weather commuters, when do you call it quits for the season?","a081573c-dc3c-496e-acd7-d75dc74c46c1","It’s very wet here in the PNW.","1762473330294"
"d616fc3c-8ccd-4d28-8368-8548579f3572","Cold weather commuters, when do you call it quits for the season?","1dac7d10-01c4-43f1-bef3-f47da2248424","A freeze means black ice on the roads.","1762473330295"
"d616fc3c-8ccd-4d28-8368-8548579f3572","Cold weather commuters, when do you call it quits for the season?","eff20eec-3121-4e03-825c-0d3f14b31bed","I bike year round.","1762473331476"
"d616fc3c-8ccd-4d28-8368-8548579f3572","Cold weather commuters, when do you call it quits for the season?","594324f5-9c71-4854-984e-a56d1faa5a79","If it snows more than 6 inches I might ride the bus for a day till the paths get packed down.","1762473331477"
"d616fc3c-8ccd-4d28-8368-8548579f3572","Cold weather commuters, when do you call it quits for the season?","4fb010f7-3ccd-4254-86c2-5e6a1bb929db","In Vancouver, I have rain gear so I don't call it quits for a season.","1762473334322"
"d616fc3c-8ccd-4d28-8368-8548579f3572","Cold weather commuters, when do you call it quits for the season?","20082eea-33f1-41a8-9bd0-0cc25e0cb9f0","If it's just cold it's also fine, just dress in layers, neck warmer, etc.","1762473334323"
"d616fc3c-8ccd-4d28-8368-8548579f3572","Cold weather commuters, when do you call it quits for the season?","dcafaeeb-5d69-4724-8f36-7bed232c0552","However, actively showing or slush/Ice I won't.","1762473334324"
"d616fc3c-8ccd-4d28-8368-8548579f3572","Cold weather commuters, when do you call it quits for the season?","535b837d-5c63-424a-87ac-970572a47796","It's only a few days a year so it's not worth the investment of a real winter bike.","1762473334325"
"d616fc3c-8ccd-4d28-8368-8548579f3572","Cold weather commuters, when do you call it quits for the season?","f4fff729-42aa-4aa8-bc3c-cee935eb23ed","Never unless everything is a solid sheet of ice, or it’s like below 0F, both of which happened a few times last winter.","1762473336569"
"d616fc3c-8ccd-4d28-8368-8548579f3572","Cold weather commuters, when do you call it quits for the season?","94d8e9a4-9dc4-4607-a9b2-b5a633583d9c","My commute is short though.","1762473336570"
"d616fc3c-8ccd-4d28-8368-8548579f3572","Cold weather commuters, when do you call it quits for the season?","582dddc2-96f6-4aec-809e-6a2bf5180a58","Deep snow will stop me too, but an inch won’t.","1762473336571"
"d616fc3c-8ccd-4d28-8368-8548579f3572","Cold weather commuters, when do you call it quits for the season?","19911964-3309-43e7-9a2a-a104bcf3adbf","Midwest in the US so it’s always windy and pretty cold.","1762473336572"
"d616fc3c-8ccd-4d28-8368-8548579f3572","Cold weather commuters, when do you call it quits for the season?","65f01c78-60d7-4e15-8a1a-c0f3ca3f572b","Under −18°C / 0°F and I'll take the subway.","1762473338232"
"d616fc3c-8ccd-4d28-8368-8548579f3572","Cold weather commuters, when do you call it quits for the season?","ae2a0cdd-3767-40ab-87b5-f0e56fecacb2","Nowadays, there's maybe only 1-2 days at −15°C / 5°F where I live per winter.","1762473338233"
"d616fc3c-8ccd-4d28-8368-8548579f3572","Cold weather commuters, when do you call it quits for the season?","9d46efb1-99fd-4954-89c4-198892a62d4b","I seldom see much under −10°C / 14°F.","1762473338234"
"d616fc3c-8ccd-4d28-8368-8548579f3572","Cold weather commuters, when do you call it quits for the season?","bde56e77-b422-45d8-8f12-6a06eb3ab103","The worst weather is sideways rain in typical 4°C / 40°F-ish.","1762473338235"
"d616fc3c-8ccd-4d28-8368-8548579f3572","Cold weather commuters, when do you call it quits for the season?","79332200-5265-4afd-944c-5a4176f25f71","I don't call it quits for the season.","1762473340294"
"d616fc3c-8ccd-4d28-8368-8548579f3572","Cold weather commuters, when do you call it quits for the season?","15c156c4-5422-41c3-99d1-92da089faae1","I have a winter bike, an old mountain bike, with studded tires.","1762473340295"
"d616fc3c-8ccd-4d28-8368-8548579f3572","Cold weather commuters, when do you call it quits for the season?","b45ee3c3-dbbc-4cd2-bd9d-2d04c896c44d","I will take the bus when there is fresh snow falling, though, because cars churn that up into brown sugar that is brutal to try to ride in.","1762473340296"
"d616fc3c-8ccd-4d28-8368-8548579f3572","Cold weather commuters, when do you call it quits for the season?","b58430b1-b498-4c2d-a0ca-3f98e086969a","Once the plowing is done and the snow packs down again, I'm back out there.","1762473340297"
"d616fc3c-8ccd-4d28-8368-8548579f3572","Cold weather commuters, when do you call it quits for the season?","740edec7-74ea-471c-adb7-828c955693be","I live in Denmark. It's windy as hell and the weather is awful in the winter.","1762473341202"
"d616fc3c-8ccd-4d28-8368-8548579f3572","Cold weather commuters, when do you call it quits for the season?","da9f860c-15b4-4315-9683-aa3fe7e9e76e","I often bike even in the winter if the rain/snow isn't too heavy and if it isn't too windy.","1762473341203"
"d616fc3c-8ccd-4d28-8368-8548579f3572","Cold weather commuters, when do you call it quits for the season?","e217638a-4831-480b-b7d0-8159946e6530","The winter wind is often what turns me off.","1762473341204"
"d616fc3c-8ccd-4d28-8368-8548579f3572","Cold weather commuters, when do you call it quits for the season?","aa265612-aca5-46a7-82c0-a779d40bcd21","I commute year round - often with temps below 10°F in the early morning.","1762473343079"
"d616fc3c-8ccd-4d28-8368-8548579f3572","Cold weather commuters, when do you call it quits for the season?","382be468-c258-4a62-a874-cd3ed77a0d4a","For me it's somewhat of a zen process getting through the dark and cold.","1762473343080"
"d616fc3c-8ccd-4d28-8368-8548579f3572","Cold weather commuters, when do you call it quits for the season?","b21b815c-7677-4331-bc9e-10f5ac946db2","We will occasionally get several inches of snow but mostly just flurries.","1762473343081"
"d616fc3c-8ccd-4d28-8368-8548579f3572","Cold weather commuters, when do you call it quits for the season?","35815657-196f-4fb9-8415-4254bd1e1c6b","I can count on one big snowstorm per year, but for the most part I don't need studded tires.","1762473343082"
"kr8c1usqwifmho1pa66","Roommates say my room is 'sad'","cejjnq5hossmho1sc7b","It's got that ""courage the cowardly dog"" setup.","1762471099847"
"kr8c1usqwifmho1pa66","Roommates say my room is 'sad'","8kabf78v3sxmho1sc7b","The brick wallpaper and carpet combo makes me feel uncomfortable for some reason.","1762471099848"
"kr8c1usqwifmho1pa66","Roommates say my room is 'sad'","9avxqsv8eztmho1sc7b","It reminds me a bit of the Windows 3D maze screensaver!","1762471099849"
"kr8c1usqwifmho1pa66","Roommates say my room is 'sad'","w6v4khqhhicmho1sc7b","Well, it's empty. A bedframe and a nightstand would be a good start.","1762471099850"
"kr8c1usqwifmho1pa66","Roommates say my room is 'sad'","h8xxhp4senhmho1sc7b","You put 99% of the effort into your PC setup and just 0 effort into the rest of the room.","1762471099851"
"kr8c1usqwifmho1pa66","Roommates say my room is 'sad'","91tzgapqatmmho1sc7b","Get your mattress off the ground.","1762471099852"
"zpznbny6q4qmhmbowhm","This game is bad for our friendship","voepk5p42dpmhmbplk6","There's a lot of sabotage.","1762366835814"
"zpznbny6q4qmhmbowhm","This game is bad for our friendship","4hvm1k25nnimhmbplk6","We end up arguing.","1762366835815"
"zpznbny6q4qmhmbowhm","This game is bad for our friendship","pg6zhget0tmhmbplk6","We end up feeling hurt.","1762366835816"
"zpznbny6q4qmhmbowhm","This game is bad for our friendship","djzap91aoksmi53iebh","it's only bad for our friendship if you are a bad friend","1763501920253"
"giqjizllnjmhkqgu3n","I wish there was a library more conveniently located north of Dupont Circle","hmrnrqzmnfmhkqguv3","The nearest library from Columbia Heights is a 25-minute walk - that's just not accessible for families with young kids or elderly residents.","1762270689855"
"giqjizllnjmhkqgu3n","I wish there was a library more conveniently located north of Dupont Circle","kizcwndv2acmhkqguv3","DCPL already operates 26 branches on a tight budget - we need to focus on maintaining existing libraries rather than building new ones.","1762270689856"
"giqjizllnjmhkqgu3n","I wish there was a library more conveniently located north of Dupont Circle","02feqfibjahbmhkqguv3","A library branch near 14th & Park Road could serve Adams Morgan, Columbia Heights, and Mt Pleasant - three dense neighborhoods with zero library access.","1762270689857"
"giqjizllnjmhkqgu3n","I wish there was a library more conveniently located north of Dupont Circle","r6sv7ehcagpmhkqguv3","I'm a remote worker who would love a library workspace north of Dupont - all the coffee shops are packed and loud.","1762270689858"
"giqjizllnjmhkqgu3n","I wish there was a library more conveniently located north of Dupont Circle","8l9s2geq4ommhkqguv3","Real estate costs in that area are astronomical - a new library branch would need millions in acquisition and construction funding.","1762270689859"
"giqjizllnjmhkqgu3n","I wish there was a library more conveniently located north of Dupont Circle","qfhh2hpxnmfmhkqguv3","Kids in these neighborhoods shouldn't have to take two buses to get to a library for homework help or summer reading programs.","1762270689860"
"giqjizllnjmhkqgu3n","I wish there was a library more conveniently located north of Dupont Circle","yqy1tyfzsc8mhkqguv3","Mobile library services or pop-up reading rooms could serve this area at a fraction of the cost of a permanent branch.","1762270689861"
"giqjizllnjmhkqgu3n","I wish there was a library more conveniently located north of Dupont Circle","2qxkhj1xq5bmhkqguv3","Libraries aren't just about books anymore - they're community centers, job search hubs, and safe spaces. North of Dupont needs this.","1762270689862"
"l1iemxo7ydfmhgz3lgi","Let's close q street at Dupont farmers market","7gw6qz4wqkimhgz55o5","There aren't many cars.","1762043395829"
"l1iemxo7ydfmhgz3lgi","Let's close q street at Dupont farmers market","gmh4f0sxe7amhgz55o5","It interrupted flow of people.","1762043395830"
"l1iemxo7ydfmhgz3lgi","Let's close q street at Dupont farmers market","0hcnmm62h5xvmhjaqp5o","Hhhhhh","1762183808988"
"ckl51hal6kmhgz30yz","Josh wins too much","jg86vuhecalmhgz8h3r","Stickers on fruit are absurd.","1762043550615"
"ckl51hal6kmhgz30yz","Josh wins too much","oolp9h3pu9imhgz8h3r","They never come completely off.","1762043550616"
"ckl51hal6kmhgz30yz","Josh wins too much","zh2yfeakgk8mhgzajsw","But rwally, josh should not win. Ever.","1762043647424"
"ckl51hal6kmhgz30yz","Josh wins too much","fu5ph6ashkmi684iai","Ravi wouldn’t eat the part of a fruit the sticker stuck to","1763570136474"
"ckl51hal6kmhgz30yz","Josh wins too much","uxo6rzzxcbrmi6esmyd","FDA requires fruit stickers be made of specific edible materials, so they are safe to eat","1763581339957"
"6qbj4vbvhr4mh73tk57","entertaining topics related to Dad and the little ones","qljpg7m3rwemi53ca1s","Dad is the best","1763501634784"
"6qbj4vbvhr4mh73tk57","entertaining topics related to Dad and the little ones","6n2m5hvso0vmi53ro14","Mmm I don't know adout that","1763502352744"
"6qbj4vbvhr4mh73tk57","entertaining topics related to Dad and the little ones","9d9dretbrsimi53s0m6","yeah huh","1763502369054"
"6qbj4vbvhr4mh73tk57","entertaining topics related to Dad and the little ones","xebgpzscs7mi53vny1","Camden and Zoe are pretty cool too","1763502539257"
"6qbj4vbvhr4mh73tk57","entertaining topics related to Dad and the little ones","fadic6nnreami541g22","Yeah madey","1763502808970"
"6qbj4vbvhr4mh73tk57","entertaining topics related to Dad and the little ones","fvoiy0bkdurmi542lak","Zoe's only cool if she joins us","1763502862412"
"6qbj4vbvhr4mh73tk57","entertaining topics related to Dad and the little ones","s0i0stvbhwmi543w7p","What do mean","1763502923221"
"6qbj4vbvhr4mh73tk57","entertaining topics related to Dad and the little ones","wsiysujjfupmi544qja","Scroll up one and you will see my debate and it's better","1763502962518"
"7fjpvrrpoibmh72gar1","Aggressively","b46zdro8fmh72k5rj","Music is food for the soul.","1761444472879"
"7fjpvrrpoibmh72gar1","Aggressively","on7q5jtgkjsmh72k5rj","More music should be available for everyone.","1761444472880"
"7fjpvrrpoibmh72gar1","Aggressively","23xokezbfvmmh73ygc8","music is food for the mood","1761446819384"
"7fjpvrrpoibmh72gar1","Aggressively","hz4yxqxf5eomh9w9xgd","But only if it's good music","1761615316381"
"wu0h9ul0r5qmh725g8s","it was better when you could see all the posts individually","vzpdq72mv9mh7268lz","It was better when you could see all the posts individually.","1761443823383"
"wu0h9ul0r5qmh725g8s","it was better when you could see all the posts individually","vz2gb1g7wkamh7268lz","You could vote in context.","1761443823384"
"wu0h9ul0r5qmh725g8s","it was better when you could see all the posts individually","yju252fqa6mh7268lz","The swiping interface is kind of confusing.","1761443823385"
"wu0h9ul0r5qmh725g8s","it was better when you could see all the posts individually","uq64kp0bzqmh7268lz","It was nice to be able to go back and change your vote.","1761443823386"
"wu0h9ul0r5qmh725g8s","it was better when you could see all the posts individually","3smh57hl8jjmh7268lz","You could also see votes coming in in real-time.","1761443823387"
"wu0h9ul0r5qmh725g8s","it was better when you could see all the posts individually","q1llyecq7tdmh726zn6","I want to evaluate and reevaluate","1761443858418"
"wu0h9ul0r5qmh725g8s","it was better when you could see all the posts individually","ds9y2ihsq3qmh727zao","the swiping interface is more fun","1761443904624"
"wu0h9ul0r5qmh725g8s","it was better when you could see all the posts individually","w8ur1cxfu8hmh728wwx","add profile pictures so I can judge appropriately","1761443948193"
"wu0h9ul0r5qmh725g8s","it was better when you could see all the posts individually","m36dc53sg2mh729u7t","Audiobooks are the best","1761443991353"
"wu0h9ul0r5qmh725g8s","it was better when you could see all the posts individually","y1vjz18ahr7mh72abhv","Alex sucks at making games","1761444013747"
"wu0h9ul0r5qmh725g8s","it was better when you could see all the posts individually","bzbenpfomesmh72bglv","The UI is very smooth, bravo!","1761444067027"
"wu0h9ul0r5qmh725g8s","it was better when you could see all the posts individually","yhdjfchqhpcmh72cefw","What are you guys plans for the holidays?","1761444110876"
"wu0h9ul0r5qmh725g8s","it was better when you could see all the posts individually","k2h2n1bu2npmh72dax7","The new Cracker Barrel logo wasn’t that bad","1761444152971"
"wu0h9ul0r5qmh725g8s","it was better when you could see all the posts individually","j000t7fsb5omh72duxp","yeah, but why?","1761444178909"
"ovn69g2jhamh6qk4uw","This could become a social media platform","6rrvceo6c3mh6qmfj1","It’s really just posting ideas and reacting to them.","1761424423453"
"ovn69g2jhamh6qk4uw","This could become a social media platform","lk5d2ugtz28mh6qmfj1","All you’re doing is assigning points values to reactions and making it a form.","1761424423454"
"ovn69g2jhamh6qk4uw","This could become a social media platform","rzri5vxolbmh6qmfj1","We could use emoji reactions to other comments just to convey other ideas.","1761424423455"
"ovn69g2jhamh6qk4uw","This could become a social media platform","ksnu0swap9cmi6etuv2","i need more memes","1763581396862"
"ovn69g2jhamh6qk4uw","This could become a social media platform","sdh5h4enahgmibyj6b0","If there was space for forum it might be more engaging","1763916821676"
"ovn69g2jhamh6qk4uw","This could become a social media platform","joiu9lcsrqmk62nac7","It can be a social platform. After the result, you could be able to comment and debate underneath","1767914499608"
"213mbjaasq8hmh3nsmxp","sdfsdfsdfsfsfds","s3171g6m3pamh3ntdnr","I want people to dump their opinions in, vote on each other opinions through some fun ui affordance.","1761238310247"
"213mbjaasq8hmh3nsmxp","sdfsdfsdfsfsfds","uclpk40ij1smh3ntdnr","I want to throw in more ideas and be able to see results emerging in real-time.","1761238310248"
"213mbjaasq8hmh3nsmxp","sdfsdfsdfsfsfds","bpovg7bbanhmh3ntdnr","I don't want it to feel like any tool or website that you use throughout your day at work/school.","1761238310249"
"213mbjaasq8hmh3nsmxp","sdfsdfsdfsfsfds","a2zloc11vbtmh3ntdnr","I want it to feel like a tabletop experience.","1761238310250"
"213mbjaasq8hmh3nsmxp","sdfsdfsdfsfsfds","oim0gynyiwmh4xw896","lets make it fun!","1761315705546"
"213mbjaasq8hmh3nsmxp","sdfsdfsdfsfsfds","oig4s9862vlmh4xy62s","fun is king","1761315796036"
"z341tjhk8k8mgvbrfi8","Should Q Street be closed to traffic during the farmers market?","i9l6ps7gamdmgvbrg3t","We need to close Q Street to cars during market hours because families are trying to browse produce while cars drive right through the middle of everything.","1760734335305"
"z341tjhk8k8mgvbrfi8","Should Q Street be closed to traffic during the farmers market?","jm45t7uki3lmgvbrg3t","Even with light traffic on this one-way street, car traffic creates anxiety for shoppers with kids and disrupts the flow of the market.","1760734335306"
"z341tjhk8k8mgvbrfi8","Should Q Street be closed to traffic during the farmers market?","ielzv3olyamgvbrg3t","Closing Q Street for a few hours on Saturday mornings would transform our market from a cramped sidewalk event into a proper community gathering space.","1760734335307"
"z341tjhk8k8mgvbrfi8","Should Q Street be closed to traffic during the farmers market?","5wvw7j73xwnmgvbrg3t","I'm 73 years old and depend on being able to park close to my apartment entrance - a full street closure would force me to park three blocks away.","1760734335308"
"z341tjhk8k8mgvbrfi8","Should Q Street be closed to traffic during the farmers market?","64puj63b4v6mgvbrg3t","Q Street residents need to be able to get through for work, deliveries, and emergency access - the current traffic light setup at least allows that.","1760734335309"
"z341tjhk8k8mgvbrfi8","Should Q Street be closed to traffic during the farmers market?","ki4bfyyvp2mgvbrg3t","Just because Q Street doesn't get heavy traffic doesn't mean it's not important to those of us who actually live here.","1760734335310"
"z341tjhk8k8mgvbrfi8","Should Q Street be closed to traffic during the farmers market?","qeulvw7bypsmgvbrg3t","The current situation isn't ideal for anyone - the market feels cramped and residents feel like their street is being taken over.","1760734335311"
"z341tjhk8k8mgvbrfi8","Should Q Street be closed to traffic during the farmers market?","qjlny4tn5emgvbrg3t","We could create compromise solutions like designated market hours with resident-only access permits or reserved parking spots for Q Street residents on the next block over.","1760734335312"
"z341tjhk8k8mgvbrfi8","Should Q Street be closed to traffic during the farmers market?","1378aus0wptmgvbrg3t","Both the market vendors and the residents deserve to feel welcome and accommodated - this doesn't have to be an all-or-nothing fight.","1760734335313"
"z341tjhk8k8mgvbrfi8","Should Q Street be closed to traffic during the farmers market?","odhfv073l2mgvbrg3t","My suppliers have trouble making deliveries on Saturday mornings because of all the market activity, and customers complain about not being able to find parking.","1760734335314"
"z341tjhk8k8mgvbrfi8","Should Q Street be closed to traffic during the farmers market?","nml1q4yjfqdmgvbrg3t","If they close the street, there needs to be adequate alternative access and parking for business customers and deliveries.","1760734335315"
"z341tjhk8k8mgvbrfi8","Should Q Street be closed to traffic during the farmers market?","ae9fbui7tbsmgvbrg3t","Maybe a full pedestrian zone would actually be better than the current awkward mix of cars and foot traffic.","1760734335316"
"z341tjhk8k8mgvbrfi8","Should Q Street be closed to traffic during the farmers market?","6mrr8ibuoidmgvbrg3t","The current compromise of keeping the street open with a traffic light satisfies no one - cars navigate through crowds, shoppers feel unsafe, and the market can't fully utilize the space.","1760734335317"
"z341tjhk8k8mgvbrfi8","Should Q Street be closed to traffic during the farmers market?","lnn3bev6b7mgvbrg3t","Q Street is a small side street that could serve the community much better as an occasional pedestrian plaza rather than a major traffic artery.","1760734335318"
"z341tjhk8k8mgvbrfi8","Should Q Street be closed to traffic during the farmers market?","paa1sb0eabmgvbrg3t","Cities across the country are experimenting with flexible street designs that can adapt to different uses throughout the week - this is about designing public space that serves multiple community needs.","1760734335319"
"z341tjhk8k8mgvbrfi8","Should Q Street be closed to traffic during the farmers market?","mhlq07bus3dmgvbskoj","Unfortunately, I am a town council member and I know from experience that closing Q Street is near impossible.","1760734387891"
"z341tjhk8k8mgvbrfi8","Should Q Street be closed to traffic during the farmers market?","eahsdxxrrkmgvbskoj","It's very bureaucratic and laborious to get any kind of road closures.","1760734387892"
"z341tjhk8k8mgvbrfi8","Should Q Street be closed to traffic during the farmers market?","h7frcldlgshmgvbskoj","Q Street is considered an ""essential roadway"" even though it doesn't have much traffic.","1760734387893"
"z341tjhk8k8mgvbrfi8","Should Q Street be closed to traffic during the farmers market?","wihmh2e0v4imgvbw4z8","llllll","1760734554164"
"z341tjhk8k8mgvbrfi8","Should Q Street be closed to traffic during the farmers market?","2016bzhizmfmh4xsvqf","I don't know where q street is","1761315549351"
"z341tjhk8k8mgvbrfi8","Should Q Street be closed to traffic during the farmers market?","4jutn4w7r5dmh4xt8cm","Q street should be closed all the time","1761315565702"
"mekkw4e6klrmgtiy0h3","Should Q Street be closed to traffic during the farmers market?","5opm3ndmeg5mgtiy16q","We need to close Q Street to cars during market hours because families are trying to browse produce while cars drive right through the middle of everything.","1760625467522"
"mekkw4e6klrmgtiy0h3","Should Q Street be closed to traffic during the farmers market?","xv06g5no6hmgtiy16q","Even with light traffic on this one-way street, car traffic creates anxiety for shoppers with kids and disrupts the flow of the market.","1760625467523"
"mekkw4e6klrmgtiy0h3","Should Q Street be closed to traffic during the farmers market?","hb6o97dbcjmgtiy16q","Closing Q Street for a few hours on Saturday mornings would transform our market from a cramped sidewalk event into a proper community gathering space.","1760625467524"
"mekkw4e6klrmgtiy0h3","Should Q Street be closed to traffic during the farmers market?","24jz07unwnmmgtiy16q","I'm 73 years old and depend on being able to park close to my apartment entrance - a full street closure would force me to park three blocks away.","1760625467525"
"mekkw4e6klrmgtiy0h3","Should Q Street be closed to traffic during the farmers market?","yhuor2k6acnmgtiy16q","Q Street residents need to be able to get through for work, deliveries, and emergency access - the current traffic light setup at least allows that.","1760625467526"
"mekkw4e6klrmgtiy0h3","Should Q Street be closed to traffic during the farmers market?","w5hlyiszqpmgtiy16q","Just because Q Street doesn't get heavy traffic doesn't mean it's not important to those of us who actually live here.","1760625467527"
"mekkw4e6klrmgtiy0h3","Should Q Street be closed to traffic during the farmers market?","7u4ofdsyyermgtiy16q","The current situation isn't ideal for anyone - the market feels cramped and residents feel like their street is being taken over.","1760625467528"
"mekkw4e6klrmgtiy0h3","Should Q Street be closed to traffic during the farmers market?","w8cay34d4oqmgtiy16q","We could create compromise solutions like designated market hours with resident-only access permits or reserved parking spots for Q Street residents on the next block over.","1760625467529"
"mekkw4e6klrmgtiy0h3","Should Q Street be closed to traffic during the farmers market?","g13evt3sltpmgtiy16q","Both the market vendors and the residents deserve to feel welcome and accommodated - this doesn't have to be an all-or-nothing fight.","1760625467530"
"mekkw4e6klrmgtiy0h3","Should Q Street be closed to traffic during the farmers market?","291gyonraahmgtiy16q","My suppliers have trouble making deliveries on Saturday mornings because of all the market activity, and customers complain about not being able to find parking.","1760625467531"
"mekkw4e6klrmgtiy0h3","Should Q Street be closed to traffic during the farmers market?","mon0nlkwrdemgtiy16q","If they close the street, there needs to be adequate alternative access and parking for business customers and deliveries.","1760625467532"
"mekkw4e6klrmgtiy0h3","Should Q Street be closed to traffic during the farmers market?","35yyq50r0nmgtiy16q","Maybe a full pedestrian zone would actually be better than the current awkward mix of cars and foot traffic.","1760625467533"
"mekkw4e6klrmgtiy0h3","Should Q Street be closed to traffic during the farmers market?","l0hlwq3b45dmgtiy16q","The current compromise of keeping the street open with a traffic light satisfies no one - cars navigate through crowds, shoppers feel unsafe, and the market can't fully utilize the space.","1760625467534"
"mekkw4e6klrmgtiy0h3","Should Q Street be closed to traffic during the farmers market?","ud4wqwra04jmgtiy16q","Q Street is a small side street that could serve the community much better as an occasional pedestrian plaza rather than a major traffic artery.","1760625467535"
"mekkw4e6klrmgtiy0h3","Should Q Street be closed to traffic during the farmers market?","rw4e22cuoimgtiy16q","Cities across the country are experimenting with flexible street designs that can adapt to different uses throughout the week - this is about designing public space that serves multiple community needs.","1760625467536"
"mekkw4e6klrmgtiy0h3","Should Q Street be closed to traffic during the farmers market?","60daxa11m07mgtiy94l","Yes! It makes the farmers market better.","1760625477813"
"mekkw4e6klrmgtiy0h3","Should Q Street be closed to traffic during the farmers market?","alls64ppf0omgtiy94l","It won't really inconvenience drivers since there's not that many drivers in that area anyways.","1760625477814"
"mekkw4e6klrmgtiy0h3","Should Q Street be closed to traffic during the farmers market?","nh9yiqiibsomgtiy94l","You also have the metro there.","1760625477815"
"mekkw4e6klrmgtiy0h3","Should Q Street be closed to traffic during the farmers market?","s8t1bo5iuscmgtiy94l","In general, just adding more walkability to that intersection is a big win.","1760625477816"
"mekkw4e6klrmgtiy0h3","Should Q Street be closed to traffic during the farmers market?","b7vl3qsvjdmgtk68kj","test round 3","1760627529955"
"mekkw4e6klrmgtiy0h3","Should Q Street be closed to traffic during the farmers market?","49d41dioviumgtkckye","Yes! It makes the farmers market better.","1760627825942"
"mekkw4e6klrmgtiy0h3","Should Q Street be closed to traffic during the farmers market?","p6k171xebogmgtkckye","It won't really inconvenience drivers since there's not that many drivers in that area anyways.","1760627825943"
"mekkw4e6klrmgtiy0h3","Should Q Street be closed to traffic during the farmers market?","5hakaqv8aqamgtkckye","You also have the metro there.","1760627825944"
"mekkw4e6klrmgtiy0h3","Should Q Street be closed to traffic during the farmers market?","2wphr7ld0wjmgtkckye","In general, just adding more walkability to that intersection is a big win.","1760627825945"
"z8z3kl757kimgti4fle","Should Q Street be closed to traffic during the farmers market?","xga0h09v209mgti4g7b","We need to close Q Street to cars during market hours because families are trying to browse produce while cars drive right through the middle of everything.","1760624087303"
"z8z3kl757kimgti4fle","Should Q Street be closed to traffic during the farmers market?","h0yv608wh6fmgti4g7b","Even with light traffic on this one-way street, car traffic creates anxiety for shoppers with kids and disrupts the flow of the market.","1760624087304"
"z8z3kl757kimgti4fle","Should Q Street be closed to traffic during the farmers market?","ih98ucu5o9mgti4g7b","Closing Q Street for a few hours on Saturday mornings would transform our market from a cramped sidewalk event into a proper community gathering space.","1760624087305"
"z8z3kl757kimgti4fle","Should Q Street be closed to traffic during the farmers market?","ypg8yv4cq8nmgti4g7b","I'm 73 years old and depend on being able to park close to my apartment entrance - a full street closure would force me to park three blocks away.","1760624087306"
"z8z3kl757kimgti4fle","Should Q Street be closed to traffic during the farmers market?","5ha9fx8jobtmgti4g7b","Q Street residents need to be able to get through for work, deliveries, and emergency access - the current traffic light setup at least allows that.","1760624087307"
"z8z3kl757kimgti4fle","Should Q Street be closed to traffic during the farmers market?","yoltybx00lmgti4g7b","Just because Q Street doesn't get heavy traffic doesn't mean it's not important to those of us who actually live here.","1760624087308"
"z8z3kl757kimgti4fle","Should Q Street be closed to traffic during the farmers market?","2ze8xr9rqlimgti4g7b","The current situation isn't ideal for anyone - the market feels cramped and residents feel like their street is being taken over.","1760624087309"
"z8z3kl757kimgti4fle","Should Q Street be closed to traffic during the farmers market?","d7pwbkes3qlmgti4g7b","We could create compromise solutions like designated market hours with resident-only access permits or reserved parking spots for Q Street residents on the next block over.","1760624087310"
"z8z3kl757kimgti4fle","Should Q Street be closed to traffic during the farmers market?","v3ehkuwkmrhmgti4g7b","Both the market vendors and the residents deserve to feel welcome and accommodated - this doesn't have to be an all-or-nothing fight.","1760624087311"
"z8z3kl757kimgti4fle","Should Q Street be closed to traffic during the farmers market?","x4wj6nrtvabmgti4g7b","My suppliers have trouble making deliveries on Saturday mornings because of all the market activity, and customers complain about not being able to find parking.","1760624087312"
"z8z3kl757kimgti4fle","Should Q Street be closed to traffic during the farmers market?","xg5lpwzvfnmgti4g7b","If they close the street, there needs to be adequate alternative access and parking for business customers and deliveries.","1760624087313"
"z8z3kl757kimgti4fle","Should Q Street be closed to traffic during the farmers market?","t0yqt7pn0gmgti4g7b","Maybe a full pedestrian zone would actually be better than the current awkward mix of cars and foot traffic.","1760624087314"
"z8z3kl757kimgti4fle","Should Q Street be closed to traffic during the farmers market?","y7hcyao60pjmgti4g7b","The current compromise of keeping the street open with a traffic light satisfies no one - cars navigate through crowds, shoppers feel unsafe, and the market can't fully utilize the space.","1760624087315"
"z8z3kl757kimgti4fle","Should Q Street be closed to traffic during the farmers market?","tky9j51chycmgti4g7b","Q Street is a small side street that could serve the community much better as an occasional pedestrian plaza rather than a major traffic artery.","1760624087316"
"z8z3kl757kimgti4fle","Should Q Street be closed to traffic during the farmers market?","sp2c8udqfzhmgti4g7b","Cities across the country are experimenting with flexible street designs that can adapt to different uses throughout the week - this is about designing public space that serves multiple community needs.","1760624087317"
"z8z3kl757kimgti4fle","Should Q Street be closed to traffic during the farmers market?","pflh1fgbajmgti4obh","Yes! It makes the farmers market better.","1760624097821"
"z8z3kl757kimgti4fle","Should Q Street be closed to traffic during the farmers market?","sp7khbzobsgmgti4obh","It won't really inconvenience drivers since there's not that many drivers in that area anyways.","1760624097822"
"z8z3kl757kimgti4fle","Should Q Street be closed to traffic during the farmers market?","otukpz0stpmgti4obh","You also have the metro there.","1760624097823"
"z8z3kl757kimgti4fle","Should Q Street be closed to traffic during the farmers market?","pn3zl2hah1emgti4obh","In general, just adding more walkability to that intersection is a big win.","1760624097824"
"8ag4dtv3185mgsgfw99","Should Q Street be closed to traffic during the farmers market?","lxiapn27lahmgsgfwx7","We need to close Q Street to cars during market hours because families are trying to browse produce while cars drive right through the middle of everything.","1760560796779"
"8ag4dtv3185mgsgfw99","Should Q Street be closed to traffic during the farmers market?","ea75r17awk6mgsgfwx7","Even with light traffic on this one-way street, car traffic creates anxiety for shoppers with kids and disrupts the flow of the market.","1760560796780"
"8ag4dtv3185mgsgfw99","Should Q Street be closed to traffic during the farmers market?","f2f3dwmlh0lmgsgfwx7","Closing Q Street for a few hours on Saturday mornings would transform our market from a cramped sidewalk event into a proper community gathering space.","1760560796781"
"8ag4dtv3185mgsgfw99","Should Q Street be closed to traffic during the farmers market?","ippp3g0fa7smgsgfwx7","I'm 73 years old and depend on being able to park close to my apartment entrance - a full street closure would force me to park three blocks away.","1760560796782"
"8ag4dtv3185mgsgfw99","Should Q Street be closed to traffic during the farmers market?","pavtxshin6mgsgfwx7","Q Street residents need to be able to get through for work, deliveries, and emergency access - the current traffic light setup at least allows that.","1760560796783"
"8ag4dtv3185mgsgfw99","Should Q Street be closed to traffic during the farmers market?","3b3xj4slqkemgsgfwx7","Just because Q Street doesn't get heavy traffic doesn't mean it's not important to those of us who actually live here.","1760560796784"
"8ag4dtv3185mgsgfw99","Should Q Street be closed to traffic during the farmers market?","uzdbv1k8rbmmgsgfwx7","The current situation isn't ideal for anyone - the market feels cramped and residents feel like their street is being taken over.","1760560796785"
"8ag4dtv3185mgsgfw99","Should Q Street be closed to traffic during the farmers market?","1hbea9wubdjmgsgfwx7","We could create compromise solutions like designated market hours with resident-only access permits or reserved parking spots for Q Street residents on the next block over.","1760560796786"
"8ag4dtv3185mgsgfw99","Should Q Street be closed to traffic during the farmers market?","maivbu9cqomgsgfwx7","Both the market vendors and the residents deserve to feel welcome and accommodated - this doesn't have to be an all-or-nothing fight.","1760560796787"
"8ag4dtv3185mgsgfw99","Should Q Street be closed to traffic during the farmers market?","87lo0xli5m6mgsgfwx7","My suppliers have trouble making deliveries on Saturday mornings because of all the market activity, and customers complain about not being able to find parking.","1760560796788"
"8ag4dtv3185mgsgfw99","Should Q Street be closed to traffic during the farmers market?","9dmo3pcal0pmgsgfwx7","If they close the street, there needs to be adequate alternative access and parking for business customers and deliveries.","1760560796789"
"8ag4dtv3185mgsgfw99","Should Q Street be closed to traffic during the farmers market?","oda645tsvimgsgfwx7","Maybe a full pedestrian zone would actually be better than the current awkward mix of cars and foot traffic.","1760560796790"
"8ag4dtv3185mgsgfw99","Should Q Street be closed to traffic during the farmers market?","unpnrqkoa0amgsgfwx7","The current compromise of keeping the street open with a traffic light satisfies no one - cars navigate through crowds, shoppers feel unsafe, and the market can't fully utilize the space.","1760560796791"
"8ag4dtv3185mgsgfw99","Should Q Street be closed to traffic during the farmers market?","8n1d3zrc5jlmgsgfwx7","Q Street is a small side street that could serve the community much better as an occasional pedestrian plaza rather than a major traffic artery.","1760560796792"
"8ag4dtv3185mgsgfw99","Should Q Street be closed to traffic during the farmers market?","3d74594zxdrmgsgfwx7","Cities across the country are experimenting with flexible street designs that can adapt to different uses throughout the week - this is about designing public space that serves multiple community needs.","1760560796793"
"qpqjpjstkkamgsetffs","Should Q Street be closed to traffic during the farmers market?","2xthix052y3mgsetg3f","We need to close Q Street to cars during market hours because families are trying to browse produce while cars drive right through the middle of everything.","1760558068923"
"qpqjpjstkkamgsetffs","Should Q Street be closed to traffic during the farmers market?","txeoaij5ppmgsetg3f","Even with light traffic on this one-way street, car traffic creates anxiety for shoppers with kids and disrupts the flow of the market.","1760558068924"
"qpqjpjstkkamgsetffs","Should Q Street be closed to traffic during the farmers market?","krv0u3i5z99mgsetg3f","Closing Q Street for a few hours on Saturday mornings would transform our market from a cramped sidewalk event into a proper community gathering space.","1760558068925"
"qpqjpjstkkamgsetffs","Should Q Street be closed to traffic during the farmers market?","ozegvgtmgsjmgsetg3f","I'm 73 years old and depend on being able to park close to my apartment entrance - a full street closure would force me to park three blocks away.","1760558068926"
"qpqjpjstkkamgsetffs","Should Q Street be closed to traffic during the farmers market?","38syz7tsiq6mgsetg3f","Q Street residents need to be able to get through for work, deliveries, and emergency access - the current traffic light setup at least allows that.","1760558068927"
"qpqjpjstkkamgsetffs","Should Q Street be closed to traffic during the farmers market?","hewbizd1k4rmgsetg3f","Just because Q Street doesn't get heavy traffic doesn't mean it's not important to those of us who actually live here.","1760558068928"
"qpqjpjstkkamgsetffs","Should Q Street be closed to traffic during the farmers market?","tdakf85d8qemgsetg3f","The current situation isn't ideal for anyone - the market feels cramped and residents feel like their street is being taken over.","1760558068929"
"qpqjpjstkkamgsetffs","Should Q Street be closed to traffic during the farmers market?","40hxcyri9lomgsetg3f","We could create compromise solutions like designated market hours with resident-only access permits or reserved parking spots for Q Street residents on the next block over.","1760558068930"
"qpqjpjstkkamgsetffs","Should Q Street be closed to traffic during the farmers market?","un1qz2tcn0imgsetg3f","Both the market vendors and the residents deserve to feel welcome and accommodated - this doesn't have to be an all-or-nothing fight.","1760558068931"
"qpqjpjstkkamgsetffs","Should Q Street be closed to traffic during the farmers market?","9lwqiyc0wnamgsetg3f","My suppliers have trouble making deliveries on Saturday mornings because of all the market activity, and customers complain about not being able to find parking.","1760558068932"
"qpqjpjstkkamgsetffs","Should Q Street be closed to traffic during the farmers market?","i6lg2ap4p9mgsetg3f","If they close the street, there needs to be adequate alternative access and parking for business customers and deliveries.","1760558068933"
"qpqjpjstkkamgsetffs","Should Q Street be closed to traffic during the farmers market?","lnale0e3kxmmgsetg3f","Maybe a full pedestrian zone would actually be better than the current awkward mix of cars and foot traffic.","1760558068934"
"qpqjpjstkkamgsetffs","Should Q Street be closed to traffic during the farmers market?","mbwxv4crb5mgsetg3f","The current compromise of keeping the street open with a traffic light satisfies no one - cars navigate through crowds, shoppers feel unsafe, and the market can't fully utilize the space.","1760558068935"
"qpqjpjstkkamgsetffs","Should Q Street be closed to traffic during the farmers market?","prmvqh978qmgsetg3f","Q Street is a small side street that could serve the community much better as an occasional pedestrian plaza rather than a major traffic artery.","1760558068936"
"qpqjpjstkkamgsetffs","Should Q Street be closed to traffic during the farmers market?","iva29cdzi6mgsetg3f","Cities across the country are experimenting with flexible street designs that can adapt to different uses throughout the week - this is about designing public space that serves multiple community needs.","1760558068937"
"qpqjpjstkkamgsetffs","Should Q Street be closed to traffic during the farmers market?","m6bwfzwv7rmgsetord","Yes! It makes the farmers market better.","1760558080153"
"qpqjpjstkkamgsetffs","Should Q Street be closed to traffic during the farmers market?","no7t931l2kmgsetord","It won't really inconvenience drivers since there's not that many drivers in that area anyways.","1760558080154"
"qpqjpjstkkamgsetffs","Should Q Street be closed to traffic during the farmers market?","voav6ei7wa8mgsetord","You also have the metro there.","1760558080155"
"qpqjpjstkkamgsetffs","Should Q Street be closed to traffic during the farmers market?","kb94v3q24bkmgsetord","In general, just adding more walkability to that intersection is a big win.","1760558080156"
"akakwymsfj5mgsd9ubq","should alex put off vanlife to focus on Heard?","e1zp3cosu9hmgsd9y8q","Yes! It makes the farmers market better.","1760555479706"
"akakwymsfj5mgsd9ubq","should alex put off vanlife to focus on Heard?","n34jkg7yf3mgsd9y8q","It won't really inconvenience drivers since there's not that many drivers in that area anyways.","1760555479707"
"akakwymsfj5mgsd9ubq","should alex put off vanlife to focus on Heard?","57f9c8ofgvnmgsd9y8q","You also have the metro there.","1760555479708"
"akakwymsfj5mgsd9ubq","should alex put off vanlife to focus on Heard?","z2f94mt8jtmgsd9y8q","In general, just adding more walkability to that intersection is a big win.","1760555479709"
"czv2wwh7n0bmgscqc0f","Should Q Street be closed to traffic during the farmers market?","3cjqtgtobrhmgscqcpo","We need to close Q Street to cars during market hours because families are trying to browse produce while cars drive right through the middle of everything.","1760554565340"
"czv2wwh7n0bmgscqc0f","Should Q Street be closed to traffic during the farmers market?","zzf2whx634mgscqcpo","Even with light traffic on this one-way street, car traffic creates anxiety for shoppers with kids and disrupts the flow of the market.","1760554565341"
"czv2wwh7n0bmgscqc0f","Should Q Street be closed to traffic during the farmers market?","4qse056gxmvmgscqcpo","Closing Q Street for a few hours on Saturday mornings would transform our market from a cramped sidewalk event into a proper community gathering space.","1760554565342"
"czv2wwh7n0bmgscqc0f","Should Q Street be closed to traffic during the farmers market?","xg0ol7br2xmgscqcpo","I'm 73 years old and depend on being able to park close to my apartment entrance - a full street closure would force me to park three blocks away.","1760554565343"
"czv2wwh7n0bmgscqc0f","Should Q Street be closed to traffic during the farmers market?","jtmkdnawtdmgscqcpo","Q Street residents need to be able to get through for work, deliveries, and emergency access - the current traffic light setup at least allows that.","1760554565344"
"czv2wwh7n0bmgscqc0f","Should Q Street be closed to traffic during the farmers market?","33g1soegwdvmgscqcpo","Just because Q Street doesn't get heavy traffic doesn't mean it's not important to those of us who actually live here.","1760554565345"
"czv2wwh7n0bmgscqc0f","Should Q Street be closed to traffic during the farmers market?","ptp400vzvkmgscqcpo","The current situation isn't ideal for anyone - the market feels cramped and residents feel like their street is being taken over.","1760554565346"
"czv2wwh7n0bmgscqc0f","Should Q Street be closed to traffic during the farmers market?","jdvzyefzbgamgscqcpo","We could create compromise solutions like designated market hours with resident-only access permits or reserved parking spots for Q Street residents on the next block over.","1760554565347"
"czv2wwh7n0bmgscqc0f","Should Q Street be closed to traffic during the farmers market?","m4ezgzdux0omgscqcpo","Both the market vendors and the residents deserve to feel welcome and accommodated - this doesn't have to be an all-or-nothing fight.","1760554565348"
"czv2wwh7n0bmgscqc0f","Should Q Street be closed to traffic during the farmers market?","lxyl7qdltugmgscqcpo","My suppliers have trouble making deliveries on Saturday mornings because of all the market activity, and customers complain about not being able to find parking.","1760554565349"
"czv2wwh7n0bmgscqc0f","Should Q Street be closed to traffic during the farmers market?","bvqhp7goqfmgscqcpo","If they close the street, there needs to be adequate alternative access and parking for business customers and deliveries.","1760554565350"
"czv2wwh7n0bmgscqc0f","Should Q Street be closed to traffic during the farmers market?","zkashp3e9bqmgscqcpo","Maybe a full pedestrian zone would actually be better than the current awkward mix of cars and foot traffic.","1760554565351"
"czv2wwh7n0bmgscqc0f","Should Q Street be closed to traffic during the farmers market?","ksgz51cscbmgscqcpo","The current compromise of keeping the street open with a traffic light satisfies no one - cars navigate through crowds, shoppers feel unsafe, and the market can't fully utilize the space.","1760554565352"
"czv2wwh7n0bmgscqc0f","Should Q Street be closed to traffic during the farmers market?","jbbpr59291mgscqcpo","Q Street is a small side street that could serve the community much better as an occasional pedestrian plaza rather than a major traffic artery.","1760554565353"
"czv2wwh7n0bmgscqc0f","Should Q Street be closed to traffic during the farmers market?","fi1olqrwusmmgscqcpo","Cities across the country are experimenting with flexible street designs that can adapt to different uses throughout the week - this is about designing public space that serves multiple community needs.","1760554565354"
"czv2wwh7n0bmgscqc0f","Should Q Street be closed to traffic during the farmers market?","r6578b3w9nmgscqmyh","Yes! It makes the farmers market better.","1760554578617"
"czv2wwh7n0bmgscqc0f","Should Q Street be closed to traffic during the farmers market?","p5orm571ksemgscqmyh","It won't really inconvenience drivers since there's not that many drivers in that area anyways.","1760554578618"
"czv2wwh7n0bmgscqc0f","Should Q Street be closed to traffic during the farmers market?","bw0h9pw65ctmgscqmyh","You also have the metro there.","1760554578619"
"czv2wwh7n0bmgscqc0f","Should Q Street be closed to traffic during the farmers market?","yr5ovjo07tmgscqmyh","In general, just adding more walkability to that intersection is a big win.","1760554578620"
"czv2wwh7n0bmgscqc0f","Should Q Street be closed to traffic during the farmers market?","7u2kd5daxrtmgsd96qo","Yes! It makes the farmers market better.","1760555444064"
"czv2wwh7n0bmgscqc0f","Should Q Street be closed to traffic during the farmers market?","yxtebalfgwmgsd96qo","It won't really inconvenience drivers since there's not that many drivers in that area anyways.","1760555444065"
"czv2wwh7n0bmgscqc0f","Should Q Street be closed to traffic during the farmers market?","tq92fu6xghmgsd96qo","You also have the metro there.","1760555444066"
"czv2wwh7n0bmgscqc0f","Should Q Street be closed to traffic during the farmers market?","t2vl12qqdjmgsd96qo","In general, just adding more walkability to that intersection is a big win.","1760555444067"
"iezc9r30q0rmgsbteio","Should Q Street be closed to traffic during the farmers market?","fm6198wvkzwmgsbtf9o","We need to close Q Street to cars during market hours because families are trying to browse produce while cars drive right through the middle of everything.","1760553029004"
"iezc9r30q0rmgsbteio","Should Q Street be closed to traffic during the farmers market?","mln2a99bsjmgsbtf9o","Even with light traffic on this one-way street, car traffic creates anxiety for shoppers with kids and disrupts the flow of the market.","1760553029005"
"iezc9r30q0rmgsbteio","Should Q Street be closed to traffic during the farmers market?","l9pyy2arvmnmgsbtf9o","Closing Q Street for a few hours on Saturday mornings would transform our market from a cramped sidewalk event into a proper community gathering space.","1760553029006"
"iezc9r30q0rmgsbteio","Should Q Street be closed to traffic during the farmers market?","bxu16f5embgmgsbtf9o","I'm 73 years old and depend on being able to park close to my apartment entrance - a full street closure would force me to park three blocks away.","1760553029007"
"iezc9r30q0rmgsbteio","Should Q Street be closed to traffic during the farmers market?","trblleu7a6gmgsbtf9o","Q Street residents need to be able to get through for work, deliveries, and emergency access - the current traffic light setup at least allows that.","1760553029008"
"iezc9r30q0rmgsbteio","Should Q Street be closed to traffic during the farmers market?","h0s2il4thramgsbtf9o","Just because Q Street doesn't get heavy traffic doesn't mean it's not important to those of us who actually live here.","1760553029009"
"iezc9r30q0rmgsbteio","Should Q Street be closed to traffic during the farmers market?","s82rwle0etmgsbtf9o","The current situation isn't ideal for anyone - the market feels cramped and residents feel like their street is being taken over.","1760553029010"
"iezc9r30q0rmgsbteio","Should Q Street be closed to traffic during the farmers market?","oebior9szm9mgsbtf9o","We could create compromise solutions like designated market hours with resident-only access permits or reserved parking spots for Q Street residents on the next block over.","1760553029011"
"iezc9r30q0rmgsbteio","Should Q Street be closed to traffic during the farmers market?","47geoin7zppmgsbtf9o","Both the market vendors and the residents deserve to feel welcome and accommodated - this doesn't have to be an all-or-nothing fight.","1760553029012"
"iezc9r30q0rmgsbteio","Should Q Street be closed to traffic during the farmers market?","808bf7285smgsbtf9o","My suppliers have trouble making deliveries on Saturday mornings because of all the market activity, and customers complain about not being able to find parking.","1760553029013"
"iezc9r30q0rmgsbteio","Should Q Street be closed to traffic during the farmers market?","edxbpw777ujmgsbtf9o","If they close the street, there needs to be adequate alternative access and parking for business customers and deliveries.","1760553029014"
"iezc9r30q0rmgsbteio","Should Q Street be closed to traffic during the farmers market?","b8ok5d3xb1kmgsbtf9o","Maybe a full pedestrian zone would actually be better than the current awkward mix of cars and foot traffic.","1760553029015"
"iezc9r30q0rmgsbteio","Should Q Street be closed to traffic during the farmers market?","rsl306373nimgsbtf9o","The current compromise of keeping the street open with a traffic light satisfies no one - cars navigate through crowds, shoppers feel unsafe, and the market can't fully utilize the space.","1760553029016"
"iezc9r30q0rmgsbteio","Should Q Street be closed to traffic during the farmers market?","r8yjcbc3epomgsbtf9o","Q Street is a small side street that could serve the community much better as an occasional pedestrian plaza rather than a major traffic artery.","1760553029017"
"iezc9r30q0rmgsbteio","Should Q Street be closed to traffic during the farmers market?","7xgkpne9c8hmgsbtf9o","Cities across the country are experimenting with flexible street designs that can adapt to different uses throughout the week - this is about designing public space that serves multiple community needs.","1760553029018"
"iezc9r30q0rmgsbteio","Should Q Street be closed to traffic during the farmers market?","zmlvjwqpj7kmgsbtusb","Yes! It makes the farmers market better.","1760553049115"
"iezc9r30q0rmgsbteio","Should Q Street be closed to traffic during the farmers market?","9bd3g04weamgsbtusb","It won't really inconvenience drivers since there's not that many drivers in that area anyways.","1760553049116"
"iezc9r30q0rmgsbteio","Should Q Street be closed to traffic during the farmers market?","m32v7tpvtsemgsbtusb","You also have the metro there.","1760553049117"
"iezc9r30q0rmgsbteio","Should Q Street be closed to traffic during the farmers market?","r6gc22f235mgsbtusb","In general, just adding more walkability to that intersection is a big win.","1760553049118"
"fmvi580ffxmgs2nf5c","Should Q Street be closed to traffic during the farmers market?","0y7vigsanm0emgs2nfth","We need to close Q Street to cars during market hours because families are trying to browse produce while cars drive right through the middle of everything.","1760537633237"
"fmvi580ffxmgs2nf5c","Should Q Street be closed to traffic during the farmers market?","bhmryc2ylmnmgs2nfth","Even with light traffic on this one-way street, car traffic creates anxiety for shoppers with kids and disrupts the flow of the market.","1760537633238"
"fmvi580ffxmgs2nf5c","Should Q Street be closed to traffic during the farmers market?","tqvdml0gc7fmgs2nfth","Closing Q Street for a few hours on Saturday mornings would transform our market from a cramped sidewalk event into a proper community gathering space.","1760537633239"
"fmvi580ffxmgs2nf5c","Should Q Street be closed to traffic during the farmers market?","377xc4os2utmgs2nfth","I'm 73 years old and depend on being able to park close to my apartment entrance - a full street closure would force me to park three blocks away.","1760537633240"
"fmvi580ffxmgs2nf5c","Should Q Street be closed to traffic during the farmers market?","u2zmg6nu05dmgs2nfth","Q Street residents need to be able to get through for work, deliveries, and emergency access - the current traffic light setup at least allows that.","1760537633241"
"fmvi580ffxmgs2nf5c","Should Q Street be closed to traffic during the farmers market?","m51p51q1i5mgs2nfth","Just because Q Street doesn't get heavy traffic doesn't mean it's not important to those of us who actually live here.","1760537633242"
"fmvi580ffxmgs2nf5c","Should Q Street be closed to traffic during the farmers market?","xco86qom6omgs2nfth","The current situation isn't ideal for anyone - the market feels cramped and residents feel like their street is being taken over.","1760537633243"
"fmvi580ffxmgs2nf5c","Should Q Street be closed to traffic during the farmers market?","cdz3ixamt3rmgs2nfth","We could create compromise solutions like designated market hours with resident-only access permits or reserved parking spots for Q Street residents on the next block over.","1760537633244"
"fmvi580ffxmgs2nf5c","Should Q Street be closed to traffic during the farmers market?","qli9f6qmb9gmgs2nfth","Both the market vendors and the residents deserve to feel welcome and accommodated - this doesn't have to be an all-or-nothing fight.","1760537633245"
"fmvi580ffxmgs2nf5c","Should Q Street be closed to traffic during the farmers market?","xo37cphi4hqmgs2nfth","My suppliers have trouble making deliveries on Saturday mornings because of all the market activity, and customers complain about not being able to find parking.","1760537633246"
"fmvi580ffxmgs2nf5c","Should Q Street be closed to traffic during the farmers market?","q0c8nozlsmgs2nfth","If they close the street, there needs to be adequate alternative access and parking for business customers and deliveries.","1760537633247"
"fmvi580ffxmgs2nf5c","Should Q Street be closed to traffic during the farmers market?","ublxxq3fsamgs2nfth","Maybe a full pedestrian zone would actually be better than the current awkward mix of cars and foot traffic.","1760537633248"
"fmvi580ffxmgs2nf5c","Should Q Street be closed to traffic during the farmers market?","47z7n0harcrmgs2nfth","The current compromise of keeping the street open with a traffic light satisfies no one - cars navigate through crowds, shoppers feel unsafe, and the market can't fully utilize the space.","1760537633249"
"fmvi580ffxmgs2nf5c","Should Q Street be closed to traffic during the farmers market?","i3cnct61d5smgs2nfth","Q Street is a small side street that could serve the community much better as an occasional pedestrian plaza rather than a major traffic artery.","1760537633250"
"fmvi580ffxmgs2nf5c","Should Q Street be closed to traffic during the farmers market?","90ao094t5b6mgs2nfth","Cities across the country are experimenting with flexible street designs that can adapt to different uses throughout the week - this is about designing public space that serves multiple community needs.","1760537633251"
"t3fs43jrurmgs26cpc","Should Q Street be closed to traffic during the farmers market?","lviv8tfdlbnmgs26dek","We need to close Q Street to cars during market hours because families are trying to browse produce while cars drive right through the middle of everything.","1760536836956"
"t3fs43jrurmgs26cpc","Should Q Street be closed to traffic during the farmers market?","l240vhdw6eamgs26dek","Even with light traffic on this one-way street, car traffic creates anxiety for shoppers with kids and disrupts the flow of the market.","1760536836957"
"t3fs43jrurmgs26cpc","Should Q Street be closed to traffic during the farmers market?","n1yp486rr3dmgs26dek","Closing Q Street for a few hours on Saturday mornings would transform our market from a cramped sidewalk event into a proper community gathering space.","1760536836958"
"t3fs43jrurmgs26cpc","Should Q Street be closed to traffic during the farmers market?","t13dmxykuc9mgs26dek","I'm 73 years old and depend on being able to park close to my apartment entrance - a full street closure would force me to park three blocks away.","1760536836959"
"t3fs43jrurmgs26cpc","Should Q Street be closed to traffic during the farmers market?","yk0lbzprp6omgs26dek","Q Street residents need to be able to get through for work, deliveries, and emergency access - the current traffic light setup at least allows that.","1760536836960"
"t3fs43jrurmgs26cpc","Should Q Street be closed to traffic during the farmers market?","ict3v843hbnmgs26dek","Just because Q Street doesn't get heavy traffic doesn't mean it's not important to those of us who actually live here.","1760536836961"
"t3fs43jrurmgs26cpc","Should Q Street be closed to traffic during the farmers market?","q9tnp5613nmgs26dek","The current situation isn't ideal for anyone - the market feels cramped and residents feel like their street is being taken over.","1760536836962"
"t3fs43jrurmgs26cpc","Should Q Street be closed to traffic during the farmers market?","os2antbzjdpmgs26dek","We could create compromise solutions like designated market hours with resident-only access permits or reserved parking spots for Q Street residents on the next block over.","1760536836963"
"t3fs43jrurmgs26cpc","Should Q Street be closed to traffic during the farmers market?","eiqil1jexyimgs26dek","Both the market vendors and the residents deserve to feel welcome and accommodated - this doesn't have to be an all-or-nothing fight.","1760536836964"
"t3fs43jrurmgs26cpc","Should Q Street be closed to traffic during the farmers market?","m4dljnjiyfrmgs26dek","My suppliers have trouble making deliveries on Saturday mornings because of all the market activity, and customers complain about not being able to find parking.","1760536836965"
"t3fs43jrurmgs26cpc","Should Q Street be closed to traffic during the farmers market?","8suv42eane9mgs26dek","If they close the street, there needs to be adequate alternative access and parking for business customers and deliveries.","1760536836966"
"t3fs43jrurmgs26cpc","Should Q Street be closed to traffic during the farmers market?","xk80ycs5f4gmgs26dek","Maybe a full pedestrian zone would actually be better than the current awkward mix of cars and foot traffic.","1760536836967"
"t3fs43jrurmgs26cpc","Should Q Street be closed to traffic during the farmers market?","1o44nv93418mgs26dek","The current compromise of keeping the street open with a traffic light satisfies no one - cars navigate through crowds, shoppers feel unsafe, and the market can't fully utilize the space.","1760536836968"
"t3fs43jrurmgs26cpc","Should Q Street be closed to traffic during the farmers market?","iitjj05xi9imgs26dek","Q Street is a small side street that could serve the community much better as an occasional pedestrian plaza rather than a major traffic artery.","1760536836969"
"t3fs43jrurmgs26cpc","Should Q Street be closed to traffic during the farmers market?","ae2yyhwv4a8mgs26dek","Cities across the country are experimenting with flexible street designs that can adapt to different uses throughout the week - this is about designing public space that serves multiple community needs.","1760536836970"
"t3fs43jrurmgs26cpc","Should Q Street be closed to traffic during the farmers market?","er7kx4rof6wmgs2dsvq","Yes! It makes the farmers market better.","1760537183606"
"t3fs43jrurmgs26cpc","Should Q Street be closed to traffic during the farmers market?","t33m81dstymgs2dsvq","It won't really inconvenience drivers since there's not that many drivers in that area anyways.","1760537183607"
"t3fs43jrurmgs26cpc","Should Q Street be closed to traffic during the farmers market?","m9h56na392mgs2dsvq","You also have the metro there.","1760537183608"
"t3fs43jrurmgs26cpc","Should Q Street be closed to traffic during the farmers market?","q5ceoz1rh39mgs2dsvq","In general, just adding more walkability to that intersection is a big win.","1760537183609"
"iistdbabv1bmgr0avco","Should Q Street be closed to traffic during the farmers market?","8uwyxpqx6t7mgr0aw3v","We need to close Q Street to cars during market hours because families are trying to browse produce while cars drive right through the middle of everything.","1760473222411"
"iistdbabv1bmgr0avco","Should Q Street be closed to traffic during the farmers market?","a0rdmt2guxrmgr0aw3v","Even with light traffic on this one-way street, car traffic creates anxiety for shoppers with kids and disrupts the flow of the market.","1760473222412"
"iistdbabv1bmgr0avco","Should Q Street be closed to traffic during the farmers market?","yscvinscp6imgr0aw3v","Closing Q Street for a few hours on Saturday mornings would transform our market from a cramped sidewalk event into a proper community gathering space.","1760473222413"
"iistdbabv1bmgr0avco","Should Q Street be closed to traffic during the farmers market?","i046lvar14cmgr0aw3v","I'm 73 years old and depend on being able to park close to my apartment entrance - a full street closure would force me to park three blocks away.","1760473222414"
"iistdbabv1bmgr0avco","Should Q Street be closed to traffic during the farmers market?","dwwplxli1ymgr0aw3v","Q Street residents need to be able to get through for work, deliveries, and emergency access - the current traffic light setup at least allows that.","1760473222415"
"iistdbabv1bmgr0avco","Should Q Street be closed to traffic during the farmers market?","m6gimnoaw39mgr0aw3v","Just because Q Street doesn't get heavy traffic doesn't mean it's not important to those of us who actually live here.","1760473222416"
"iistdbabv1bmgr0avco","Should Q Street be closed to traffic during the farmers market?","7nfrrtkpk6kmgr0aw3v","The current situation isn't ideal for anyone - the market feels cramped and residents feel like their street is being taken over.","1760473222417"
"iistdbabv1bmgr0avco","Should Q Street be closed to traffic during the farmers market?","fzc15ic8uzlmgr0aw3v","We could create compromise solutions like designated market hours with resident-only access permits or reserved parking spots for Q Street residents on the next block over.","1760473222418"
"iistdbabv1bmgr0avco","Should Q Street be closed to traffic during the farmers market?","rvs5cvm1yzmgr0aw3v","Both the market vendors and the residents deserve to feel welcome and accommodated - this doesn't have to be an all-or-nothing fight.","1760473222419"
"iistdbabv1bmgr0avco","Should Q Street be closed to traffic during the farmers market?","902ihugjqjmmgr0aw3v","My suppliers have trouble making deliveries on Saturday mornings because of all the market activity, and customers complain about not being able to find parking.","1760473222420"
"iistdbabv1bmgr0avco","Should Q Street be closed to traffic during the farmers market?","vn118b8g7xemgr0aw3v","If they close the street, there needs to be adequate alternative access and parking for business customers and deliveries.","1760473222421"
"iistdbabv1bmgr0avco","Should Q Street be closed to traffic during the farmers market?","y7y8n5offsqmgr0aw3v","Maybe a full pedestrian zone would actually be better than the current awkward mix of cars and foot traffic.","1760473222422"
"iistdbabv1bmgr0avco","Should Q Street be closed to traffic during the farmers market?","fouh3ix0k3vmgr0aw3v","The current compromise of keeping the street open with a traffic light satisfies no one - cars navigate through crowds, shoppers feel unsafe, and the market can't fully utilize the space.","1760473222423"
"iistdbabv1bmgr0avco","Should Q Street be closed to traffic during the farmers market?","ilzufv8lk6rmgr0aw3v","Q Street is a small side street that could serve the community much better as an occasional pedestrian plaza rather than a major traffic artery.","1760473222424"
"iistdbabv1bmgr0avco","Should Q Street be closed to traffic during the farmers market?","q4ku4upvzpjmgr0aw3v","Cities across the country are experimenting with flexible street designs that can adapt to different uses throughout the week - this is about designing public space that serves multiple community needs.","1760473222425"
"iistdbabv1bmgr0avco","Should Q Street be closed to traffic during the farmers market?","m9ykvq8d4tgmgr0bsyn","Yes! It makes the farmers market better.","1760473264991"
"iistdbabv1bmgr0avco","Should Q Street be closed to traffic during the farmers market?","ihfawik82rmgr0bsyn","It won't really inconvenience drivers since there's not that many drivers in that area anyways.","1760473264992"
"iistdbabv1bmgr0avco","Should Q Street be closed to traffic during the farmers market?","kd7zok34r6cmgr0bsyn","You also have the metro there.","1760473264993"
"iistdbabv1bmgr0avco","Should Q Street be closed to traffic during the farmers market?","01pz4r3xdgiymgr0bsyn","In general, just adding more walkability to that intersection is a big win.","1760473264994"
"4kiv8cjllnemgqysevd","Should Q Street be closed to traffic during the farmers market?","dih1qnp0r7lmgqysffc","We need to close Q Street to cars during market hours because families are trying to browse produce while cars drive right through the middle of everything.","1760470681368"
"4kiv8cjllnemgqysevd","Should Q Street be closed to traffic during the farmers market?","xhlsbgci4zemgqysffc","Even with light traffic on this one-way street, car traffic creates anxiety for shoppers with kids and disrupts the flow of the market.","1760470681369"
"4kiv8cjllnemgqysevd","Should Q Street be closed to traffic during the farmers market?","3az5fixrwrkmgqysffc","Closing Q Street for a few hours on Saturday mornings would transform our market from a cramped sidewalk event into a proper community gathering space.","1760470681370"
"4kiv8cjllnemgqysevd","Should Q Street be closed to traffic during the farmers market?","wmrfe9zmohcmgqysffc","I'm 73 years old and depend on being able to park close to my apartment entrance - a full street closure would force me to park three blocks away.","1760470681371"
"4kiv8cjllnemgqysevd","Should Q Street be closed to traffic during the farmers market?","5uxavro4wnimgqysffc","Q Street residents need to be able to get through for work, deliveries, and emergency access - the current traffic light setup at least allows that.","1760470681372"
"4kiv8cjllnemgqysevd","Should Q Street be closed to traffic during the farmers market?","5s80y3e56iemgqysffc","Just because Q Street doesn't get heavy traffic doesn't mean it's not important to those of us who actually live here.","1760470681373"
"4kiv8cjllnemgqysevd","Should Q Street be closed to traffic during the farmers market?","xv9at8rp6xmgqysffc","The current situation isn't ideal for anyone - the market feels cramped and residents feel like their street is being taken over.","1760470681374"
"4kiv8cjllnemgqysevd","Should Q Street be closed to traffic during the farmers market?","iit7kfospvemgqysffc","We could create compromise solutions like designated market hours with resident-only access permits or reserved parking spots for Q Street residents on the next block over.","1760470681375"
"4kiv8cjllnemgqysevd","Should Q Street be closed to traffic during the farmers market?","agl0wox3j1jmgqysffc","Both the market vendors and the residents deserve to feel welcome and accommodated - this doesn't have to be an all-or-nothing fight.","1760470681376"
"4kiv8cjllnemgqysevd","Should Q Street be closed to traffic during the farmers market?","f3ar2yczy8nmgqysffc","My suppliers have trouble making deliveries on Saturday mornings because of all the market activity, and customers complain about not being able to find parking.","1760470681377"
"4kiv8cjllnemgqysevd","Should Q Street be closed to traffic during the farmers market?","30pyd0by7iemgqysffc","If they close the street, there needs to be adequate alternative access and parking for business customers and deliveries.","1760470681378"
"4kiv8cjllnemgqysevd","Should Q Street be closed to traffic during the farmers market?","0u11zouql5vfmgqysffc","Maybe a full pedestrian zone would actually be better than the current awkward mix of cars and foot traffic.","1760470681379"
"4kiv8cjllnemgqysevd","Should Q Street be closed to traffic during the farmers market?","z8d309bs6e8mgqysffc","The current compromise of keeping the street open with a traffic light satisfies no one - cars navigate through crowds, shoppers feel unsafe, and the market can't fully utilize the space.","1760470681380"
"4kiv8cjllnemgqysevd","Should Q Street be closed to traffic during the farmers market?","wt84f3n72imgqysffc","Q Street is a small side street that could serve the community much better as an occasional pedestrian plaza rather than a major traffic artery.","1760470681381"
"4kiv8cjllnemgqysevd","Should Q Street be closed to traffic during the farmers market?","byn2c27ua15mgqysffc","Cities across the country are experimenting with flexible street designs that can adapt to different uses throughout the week - this is about designing public space that serves multiple community needs.","1760470681382"
"wemzhr1depmgqyse46","Should Q Street be closed to traffic during the farmers market?","ip5s2ppx66mgqyser1","We need to close Q Street to cars during market hours because families are trying to browse produce while cars drive right through the middle of everything.","1760470680493"
"wemzhr1depmgqyse46","Should Q Street be closed to traffic during the farmers market?","po8guiz0ysmgqyser1","Even with light traffic on this one-way street, car traffic creates anxiety for shoppers with kids and disrupts the flow of the market.","1760470680494"
"wemzhr1depmgqyse46","Should Q Street be closed to traffic during the farmers market?","kf3888w5jlkmgqyser1","Closing Q Street for a few hours on Saturday mornings would transform our market from a cramped sidewalk event into a proper community gathering space.","1760470680495"
"wemzhr1depmgqyse46","Should Q Street be closed to traffic during the farmers market?","87hu5o85flvmgqyser1","I'm 73 years old and depend on being able to park close to my apartment entrance - a full street closure would force me to park three blocks away.","1760470680496"
"wemzhr1depmgqyse46","Should Q Street be closed to traffic during the farmers market?","2zcvvke4w3qmgqyser1","Q Street residents need to be able to get through for work, deliveries, and emergency access - the current traffic light setup at least allows that.","1760470680497"
"wemzhr1depmgqyse46","Should Q Street be closed to traffic during the farmers market?","o2atssp1t0amgqyser1","Just because Q Street doesn't get heavy traffic doesn't mean it's not important to those of us who actually live here.","1760470680498"
"wemzhr1depmgqyse46","Should Q Street be closed to traffic during the farmers market?","e1c9fzmcjjmgqyser1","The current situation isn't ideal for anyone - the market feels cramped and residents feel like their street is being taken over.","1760470680499"
"wemzhr1depmgqyse46","Should Q Street be closed to traffic during the farmers market?","q33el8b7wnmgqyser1","We could create compromise solutions like designated market hours with resident-only access permits or reserved parking spots for Q Street residents on the next block over.","1760470680500"
"wemzhr1depmgqyse46","Should Q Street be closed to traffic during the farmers market?","y9ltfh06gobmgqyser1","Both the market vendors and the residents deserve to feel welcome and accommodated - this doesn't have to be an all-or-nothing fight.","1760470680501"
"wemzhr1depmgqyse46","Should Q Street be closed to traffic during the farmers market?","1vrmb9m1bsymgqyser1","My suppliers have trouble making deliveries on Saturday mornings because of all the market activity, and customers complain about not being able to find parking.","1760470680502"
"wemzhr1depmgqyse46","Should Q Street be closed to traffic during the farmers market?","0w6wnecmcwofmgqyser1","If they close the street, there needs to be adequate alternative access and parking for business customers and deliveries.","1760470680503"
"wemzhr1depmgqyse46","Should Q Street be closed to traffic during the farmers market?","hyyudrz6b37mgqyser1","Maybe a full pedestrian zone would actually be better than the current awkward mix of cars and foot traffic.","1760470680504"
"wemzhr1depmgqyse46","Should Q Street be closed to traffic during the farmers market?","mndblqjzawimgqyser1","The current compromise of keeping the street open with a traffic light satisfies no one - cars navigate through crowds, shoppers feel unsafe, and the market can't fully utilize the space.","1760470680505"
"wemzhr1depmgqyse46","Should Q Street be closed to traffic during the farmers market?","efhpi90d4bbmgqyser1","Q Street is a small side street that could serve the community much better as an occasional pedestrian plaza rather than a major traffic artery.","1760470680506"
"wemzhr1depmgqyse46","Should Q Street be closed to traffic during the farmers market?","dino3bbno08mgqyser1","Cities across the country are experimenting with flexible street designs that can adapt to different uses throughout the week - this is about designing public space that serves multiple community needs.","1760470680507"
"fia3xvr4vokmgqw1fe6","Should Q Street be closed to traffic during the farmers market?","p2h4pe92eqemgqw1g6a","We need to close Q Street to cars during market hours because families are trying to browse produce while cars drive right through the middle of everything.","1760466063394"
"fia3xvr4vokmgqw1fe6","Should Q Street be closed to traffic during the farmers market?","dz8t0ypqa5mgqw1g6a","Even with light traffic on this one-way street, car traffic creates anxiety for shoppers with kids and disrupts the flow of the market.","1760466063395"
"fia3xvr4vokmgqw1fe6","Should Q Street be closed to traffic during the farmers market?","uo6ptv7u5imgqw1g6a","Closing Q Street for a few hours on Saturday mornings would transform our market from a cramped sidewalk event into a proper community gathering space.","1760466063396"
"fia3xvr4vokmgqw1fe6","Should Q Street be closed to traffic during the farmers market?","hg32ueooz8gmgqw1g6a","I'm 73 years old and depend on being able to park close to my apartment entrance - a full street closure would force me to park three blocks away.","1760466063397"
"fia3xvr4vokmgqw1fe6","Should Q Street be closed to traffic during the farmers market?","9uimdsd57dtmgqw1g6a","Q Street residents need to be able to get through for work, deliveries, and emergency access - the current traffic light setup at least allows that.","1760466063398"
"fia3xvr4vokmgqw1fe6","Should Q Street be closed to traffic during the farmers market?","o4r5725xdrrmgqw1g6a","Just because Q Street doesn't get heavy traffic doesn't mean it's not important to those of us who actually live here.","1760466063399"
"fia3xvr4vokmgqw1fe6","Should Q Street be closed to traffic during the farmers market?","mczkd2sofkrmgqw1g6a","The current situation isn't ideal for anyone - the market feels cramped and residents feel like their street is being taken over.","1760466063400"
"fia3xvr4vokmgqw1fe6","Should Q Street be closed to traffic during the farmers market?","r0ia4sroormgqw1g6a","We could create compromise solutions like designated market hours with resident-only access permits or reserved parking spots for Q Street residents on the next block over.","1760466063401"
"fia3xvr4vokmgqw1fe6","Should Q Street be closed to traffic during the farmers market?","qo1rb2w6t7jmgqw1g6a","Both the market vendors and the residents deserve to feel welcome and accommodated - this doesn't have to be an all-or-nothing fight.","1760466063402"
"fia3xvr4vokmgqw1fe6","Should Q Street be closed to traffic during the farmers market?","7pzvm499bivmgqw1g6a","My suppliers have trouble making deliveries on Saturday mornings because of all the market activity, and customers complain about not being able to find parking.","1760466063403"
"fia3xvr4vokmgqw1fe6","Should Q Street be closed to traffic during the farmers market?","abg7plqhn07mgqw1g6a","If they close the street, there needs to be adequate alternative access and parking for business customers and deliveries.","1760466063404"
"fia3xvr4vokmgqw1fe6","Should Q Street be closed to traffic during the farmers market?","ir549qlt5d8mgqw1g6a","Maybe a full pedestrian zone would actually be better than the current awkward mix of cars and foot traffic.","1760466063405"
"fia3xvr4vokmgqw1fe6","Should Q Street be closed to traffic during the farmers market?","gncm26emj5amgqw1g6a","The current compromise of keeping the street open with a traffic light satisfies no one - cars navigate through crowds, shoppers feel unsafe, and the market can't fully utilize the space.","1760466063406"
"fia3xvr4vokmgqw1fe6","Should Q Street be closed to traffic during the farmers market?","w66k7cxo2xnmgqw1g6a","Q Street is a small side street that could serve the community much better as an occasional pedestrian plaza rather than a major traffic artery.","1760466063407"
"fia3xvr4vokmgqw1fe6","Should Q Street be closed to traffic during the farmers market?","g820woz6nusmgqw1g6a","Cities across the country are experimenting with flexible street designs that can adapt to different uses throughout the week - this is about designing public space that serves multiple community needs.","1760466063408"
"fia3xvr4vokmgqw1fe6","Should Q Street be closed to traffic during the farmers market?","hil6wr0x03qmgqw1z01","Yes! It makes the farmers market better.","1760466087793"
"fia3xvr4vokmgqw1fe6","Should Q Street be closed to traffic during the farmers market?","5xuqmp9wxpmgqw1z01","It won't really inconvenience drivers since there's not that many drivers in that area anyways.","1760466087794"
"fia3xvr4vokmgqw1fe6","Should Q Street be closed to traffic during the farmers market?","cuumz1heyc7mgqw1z01","You also have the metro there.","1760466087795"
"fia3xvr4vokmgqw1fe6","Should Q Street be closed to traffic during the farmers market?","em6bjuq88ljmgqw1z01","In general, just adding more walkability to that intersection is a big win.","1760466087796"
"okygt41zucamgquplg5","Should Q Street be closed to traffic during the farmers market?","qkcossvaosmgqupm3x","We need to close Q Street to cars during market hours because families are trying to browse produce while cars drive right through the middle of everything.","1760463831597"
"okygt41zucamgquplg5","Should Q Street be closed to traffic during the farmers market?","i075yxho3mmgqupm3x","Even with light traffic on this one-way street, car traffic creates anxiety for shoppers with kids and disrupts the flow of the market.","1760463831598"
"okygt41zucamgquplg5","Should Q Street be closed to traffic during the farmers market?","wyacebcb6demgqupm3x","Closing Q Street for a few hours on Saturday mornings would transform our market from a cramped sidewalk event into a proper community gathering space.","1760463831599"
"okygt41zucamgquplg5","Should Q Street be closed to traffic during the farmers market?","r5ybfp2bwdgmgqupm3x","I'm 73 years old and depend on being able to park close to my apartment entrance - a full street closure would force me to park three blocks away.","1760463831600"
"okygt41zucamgquplg5","Should Q Street be closed to traffic during the farmers market?","ll2z80zbhnmgqupm3x","Q Street residents need to be able to get through for work, deliveries, and emergency access - the current traffic light setup at least allows that.","1760463831601"
"okygt41zucamgquplg5","Should Q Street be closed to traffic during the farmers market?","gwm0nenrekamgqupm3x","Just because Q Street doesn't get heavy traffic doesn't mean it's not important to those of us who actually live here.","1760463831602"
"okygt41zucamgquplg5","Should Q Street be closed to traffic during the farmers market?","ca3frkgwjgcmgqupm3x","The current situation isn't ideal for anyone - the market feels cramped and residents feel like their street is being taken over.","1760463831603"
"okygt41zucamgquplg5","Should Q Street be closed to traffic during the farmers market?","r7m7x5kk26fmgqupm3x","We could create compromise solutions like designated market hours with resident-only access permits or reserved parking spots for Q Street residents on the next block over.","1760463831604"
"okygt41zucamgquplg5","Should Q Street be closed to traffic during the farmers market?","c2uc6a4bkqcmgqupm3x","Both the market vendors and the residents deserve to feel welcome and accommodated - this doesn't have to be an all-or-nothing fight.","1760463831605"
"okygt41zucamgquplg5","Should Q Street be closed to traffic during the farmers market?","y5f4k40qfgamgqupm3x","My suppliers have trouble making deliveries on Saturday mornings because of all the market activity, and customers complain about not being able to find parking.","1760463831606"
"okygt41zucamgquplg5","Should Q Street be closed to traffic during the farmers market?","mzyzh1r9dvpmgqupm3x","If they close the street, there needs to be adequate alternative access and parking for business customers and deliveries.","1760463831607"
"okygt41zucamgquplg5","Should Q Street be closed to traffic during the farmers market?","cdpeb2rdlkcmgqupm3x","Maybe a full pedestrian zone would actually be better than the current awkward mix of cars and foot traffic.","1760463831608"
"okygt41zucamgquplg5","Should Q Street be closed to traffic during the farmers market?","h6udabzoqgpmgqupm3x","The current compromise of keeping the street open with a traffic light satisfies no one - cars navigate through crowds, shoppers feel unsafe, and the market can't fully utilize the space.","1760463831609"
"okygt41zucamgquplg5","Should Q Street be closed to traffic during the farmers market?","5ejg2mbrqglmgqupm3x","Q Street is a small side street that could serve the community much better as an occasional pedestrian plaza rather than a major traffic artery.","1760463831610"
"okygt41zucamgquplg5","Should Q Street be closed to traffic during the farmers market?","q99a39c8xqmgqupm3x","Cities across the country are experimenting with flexible street designs that can adapt to different uses throughout the week - this is about designing public space that serves multiple community needs.","1760463831611"
"okygt41zucamgquplg5","Should Q Street be closed to traffic during the farmers market?","eawyse89saimgquqe2m","Yes! It makes the farmers market better.","1760463867838"
"okygt41zucamgquplg5","Should Q Street be closed to traffic during the farmers market?","rcsq7hmii7mgquqe2m","It won't really inconvenience drivers since there's not that many drivers in that area anyways.","1760463867839"
"okygt41zucamgquplg5","Should Q Street be closed to traffic during the farmers market?","wqe0jpo69omgquqe2m","You also have the metro there.","1760463867840"
"okygt41zucamgquplg5","Should Q Street be closed to traffic during the farmers market?","rra7vaefatamgquqe2m","In general, just adding more walkability to that intersection is a big win.","1760463867841"
"1edftzztliuimgqtli7l","Should Q Street be closed to traffic during the farmers market?","54xlbhkm6lkmgqtliwj","We need to close Q Street to cars during market hours because families are trying to browse produce while cars drive right through the middle of everything.","1760461961203"
"1edftzztliuimgqtli7l","Should Q Street be closed to traffic during the farmers market?","1is1acarl8omgqtliwj","Even with light traffic on this one-way street, car traffic creates anxiety for shoppers with kids and disrupts the flow of the market.","1760461961204"
"1edftzztliuimgqtli7l","Should Q Street be closed to traffic during the farmers market?","tp2fa889xqmgqtliwj","Closing Q Street for a few hours on Saturday mornings would transform our market from a cramped sidewalk event into a proper community gathering space.","1760461961205"
"1edftzztliuimgqtli7l","Should Q Street be closed to traffic during the farmers market?","2i7k0ob0j8amgqtliwj","I'm 73 years old and depend on being able to park close to my apartment entrance - a full street closure would force me to park three blocks away.","1760461961206"
"1edftzztliuimgqtli7l","Should Q Street be closed to traffic during the farmers market?","38swi1jhj85mgqtliwj","Q Street residents need to be able to get through for work, deliveries, and emergency access - the current traffic light setup at least allows that.","1760461961207"
"1edftzztliuimgqtli7l","Should Q Street be closed to traffic during the farmers market?","um7p40xr9qdmgqtliwj","Just because Q Street doesn't get heavy traffic doesn't mean it's not important to those of us who actually live here.","1760461961208"
"1edftzztliuimgqtli7l","Should Q Street be closed to traffic during the farmers market?","mj36h6j7b98mgqtliwj","The current situation isn't ideal for anyone - the market feels cramped and residents feel like their street is being taken over.","1760461961209"
"1edftzztliuimgqtli7l","Should Q Street be closed to traffic during the farmers market?","33s9vxock4cmgqtliwj","We could create compromise solutions like designated market hours with resident-only access permits or reserved parking spots for Q Street residents on the next block over.","1760461961210"
"1edftzztliuimgqtli7l","Should Q Street be closed to traffic during the farmers market?","ioddnx93limgqtliwj","Both the market vendors and the residents deserve to feel welcome and accommodated - this doesn't have to be an all-or-nothing fight.","1760461961211"
"1edftzztliuimgqtli7l","Should Q Street be closed to traffic during the farmers market?","jj9fsp6bizmgqtliwj","My suppliers have trouble making deliveries on Saturday mornings because of all the market activity, and customers complain about not being able to find parking.","1760461961212"
"1edftzztliuimgqtli7l","Should Q Street be closed to traffic during the farmers market?","9lul72lj4prmgqtliwj","If they close the street, there needs to be adequate alternative access and parking for business customers and deliveries.","1760461961213"
"1edftzztliuimgqtli7l","Should Q Street be closed to traffic during the farmers market?","gctk1j1ca48mgqtliwj","Maybe a full pedestrian zone would actually be better than the current awkward mix of cars and foot traffic.","1760461961214"
"1edftzztliuimgqtli7l","Should Q Street be closed to traffic during the farmers market?","vfg7ht6fuqmgqtliwj","The current compromise of keeping the street open with a traffic light satisfies no one - cars navigate through crowds, shoppers feel unsafe, and the market can't fully utilize the space.","1760461961215"
"1edftzztliuimgqtli7l","Should Q Street be closed to traffic during the farmers market?","4f2im3o6gzkmgqtliwj","Q Street is a small side street that could serve the community much better as an occasional pedestrian plaza rather than a major traffic artery.","1760461961216"
"1edftzztliuimgqtli7l","Should Q Street be closed to traffic during the farmers market?","vel6fqy4x3emgqtliwj","Cities across the country are experimenting with flexible street designs that can adapt to different uses throughout the week - this is about designing public space that serves multiple community needs.","1760461961217"
"1edftzztliuimgqtli7l","Should Q Street be closed to traffic during the farmers market?","yxymayz9h1lmgqtmz77","Yes! It makes the farmers market better.","1760462028979"
"1edftzztliuimgqtli7l","Should Q Street be closed to traffic during the farmers market?","21yo8pr2kqamgqtmz77","It won't really inconvenience drivers since there's not that many drivers in that area anyways.","1760462028980"
"1edftzztliuimgqtli7l","Should Q Street be closed to traffic during the farmers market?","3z7yxmm9cwomgqtmz77","You also have the metro there.","1760462028981"
"1edftzztliuimgqtli7l","Should Q Street be closed to traffic during the farmers market?","f2uh3abp0l6mgqtmz77","In general, just adding more walkability to that intersection is a big win.","1760462028982"
"og0ftmn22bmgpgaw0k","Should Q Street be closed to traffic during the farmers market?","cqv1fm73tgtmgpgawrb","We need to close Q Street to cars during market hours because families are trying to browse produce while cars drive right through the middle of everything.","1760379164759"
"og0ftmn22bmgpgaw0k","Should Q Street be closed to traffic during the farmers market?","h37an85g9emgpgawrb","Even with light traffic on this one-way street, car traffic creates anxiety for shoppers with kids and disrupts the flow of the market.","1760379164760"
"og0ftmn22bmgpgaw0k","Should Q Street be closed to traffic during the farmers market?","9pne684d8h5mgpgawrb","Closing Q Street for a few hours on Saturday mornings would transform our market from a cramped sidewalk event into a proper community gathering space.","1760379164761"
"og0ftmn22bmgpgaw0k","Should Q Street be closed to traffic during the farmers market?","hml5g21v7tsmgpgawrb","I'm 73 years old and depend on being able to park close to my apartment entrance - a full street closure would force me to park three blocks away.","1760379164762"
"og0ftmn22bmgpgaw0k","Should Q Street be closed to traffic during the farmers market?","lwvcn50rdfmgpgawrb","Q Street residents need to be able to get through for work, deliveries, and emergency access - the current traffic light setup at least allows that.","1760379164763"
"og0ftmn22bmgpgaw0k","Should Q Street be closed to traffic during the farmers market?","kv7f5d8ttmmmgpgawrb","Just because Q Street doesn't get heavy traffic doesn't mean it's not important to those of us who actually live here.","1760379164764"
"og0ftmn22bmgpgaw0k","Should Q Street be closed to traffic during the farmers market?","vf4cjyq02dmgpgawrb","The current situation isn't ideal for anyone - the market feels cramped and residents feel like their street is being taken over.","1760379164765"
"og0ftmn22bmgpgaw0k","Should Q Street be closed to traffic during the farmers market?","5vww8jvteufmgpgawrb","We could create compromise solutions like designated market hours with resident-only access permits or reserved parking spots for Q Street residents on the next block over.","1760379164766"
"og0ftmn22bmgpgaw0k","Should Q Street be closed to traffic during the farmers market?","ey4epm4paemgpgawrb","Both the market vendors and the residents deserve to feel welcome and accommodated - this doesn't have to be an all-or-nothing fight.","1760379164767"
"og0ftmn22bmgpgaw0k","Should Q Street be closed to traffic during the farmers market?","z0f04swlovmgpgawrb","My suppliers have trouble making deliveries on Saturday mornings because of all the market activity, and customers complain about not being able to find parking.","1760379164768"
"og0ftmn22bmgpgaw0k","Should Q Street be closed to traffic during the farmers market?","68c09hxca73mgpgawrb","If they close the street, there needs to be adequate alternative access and parking for business customers and deliveries.","1760379164769"
"og0ftmn22bmgpgaw0k","Should Q Street be closed to traffic during the farmers market?","raad207tv1mgpgawrb","Maybe a full pedestrian zone would actually be better than the current awkward mix of cars and foot traffic.","1760379164770"
"og0ftmn22bmgpgaw0k","Should Q Street be closed to traffic during the farmers market?","3ebl90u56fymgpgawrb","The current compromise of keeping the street open with a traffic light satisfies no one - cars navigate through crowds, shoppers feel unsafe, and the market can't fully utilize the space.","1760379164771"
"og0ftmn22bmgpgaw0k","Should Q Street be closed to traffic during the farmers market?","cn4hr8ko8wmgpgawrb","Q Street is a small side street that could serve the community much better as an occasional pedestrian plaza rather than a major traffic artery.","1760379164772"
"og0ftmn22bmgpgaw0k","Should Q Street be closed to traffic during the farmers market?","mfh7vyea9hdmgpgawrb","Cities across the country are experimenting with flexible street designs that can adapt to different uses throughout the week - this is about designing public space that serves multiple community needs.","1760379164773"
"og0ftmn22bmgpgaw0k","Should Q Street be closed to traffic during the farmers market?","749yixuzpygmgpgb3fh","Yes! It makes the farmers market better.","1760379173405"
"og0ftmn22bmgpgaw0k","Should Q Street be closed to traffic during the farmers market?","jlxu5q5sbsmgpgb3fh","It won't really inconvenience drivers since there's not that many drivers in that area anyways.","1760379173406"
"og0ftmn22bmgpgaw0k","Should Q Street be closed to traffic during the farmers market?","r9lpbwfsd0qmgpgb3fh","You also have the metro there.","1760379173407"
"og0ftmn22bmgpgaw0k","Should Q Street be closed to traffic during the farmers market?","ucv57oozcdmgpgb3fh","In general, just adding more walkability to that intersection is a big win.","1760379173408"
"sgxx0fut3zmgpg6uq7","Should Q Street be closed to traffic during the farmers market?","lwphuqb740jmgpg6vcm","We need to close Q Street to cars during market hours because families are trying to browse produce while cars drive right through the middle of everything.","1760378976310"
"sgxx0fut3zmgpg6uq7","Should Q Street be closed to traffic during the farmers market?","20qacjlilghmgpg6vcm","Even with light traffic on this one-way street, car traffic creates anxiety for shoppers with kids and disrupts the flow of the market.","1760378976311"
"sgxx0fut3zmgpg6uq7","Should Q Street be closed to traffic during the farmers market?","u7s4oyszzddmgpg6vcm","Closing Q Street for a few hours on Saturday mornings would transform our market from a cramped sidewalk event into a proper community gathering space.","1760378976312"
"sgxx0fut3zmgpg6uq7","Should Q Street be closed to traffic during the farmers market?","4rp4yyjskldmgpg6vcm","I'm 73 years old and depend on being able to park close to my apartment entrance - a full street closure would force me to park three blocks away.","1760378976313"
"sgxx0fut3zmgpg6uq7","Should Q Street be closed to traffic during the farmers market?","ppdyim5sy8mgpg6vcm","Q Street residents need to be able to get through for work, deliveries, and emergency access - the current traffic light setup at least allows that.","1760378976314"
"sgxx0fut3zmgpg6uq7","Should Q Street be closed to traffic during the farmers market?","cp25227mb1mgpg6vcm","Just because Q Street doesn't get heavy traffic doesn't mean it's not important to those of us who actually live here.","1760378976315"
"sgxx0fut3zmgpg6uq7","Should Q Street be closed to traffic during the farmers market?","m3xzxymip98mgpg6vcm","The current situation isn't ideal for anyone - the market feels cramped and residents feel like their street is being taken over.","1760378976316"
"sgxx0fut3zmgpg6uq7","Should Q Street be closed to traffic during the farmers market?","s3jqt5d2fvbmgpg6vcm","We could create compromise solutions like designated market hours with resident-only access permits or reserved parking spots for Q Street residents on the next block over.","1760378976317"
"sgxx0fut3zmgpg6uq7","Should Q Street be closed to traffic during the farmers market?","3xp0rqjh1oumgpg6vcm","Both the market vendors and the residents deserve to feel welcome and accommodated - this doesn't have to be an all-or-nothing fight.","1760378976318"
"sgxx0fut3zmgpg6uq7","Should Q Street be closed to traffic during the farmers market?","e973as4jdamgpg6vcm","My suppliers have trouble making deliveries on Saturday mornings because of all the market activity, and customers complain about not being able to find parking.","1760378976319"
"sgxx0fut3zmgpg6uq7","Should Q Street be closed to traffic during the farmers market?","vivutf9xidmgpg6vcm","If they close the street, there needs to be adequate alternative access and parking for business customers and deliveries.","1760378976320"
"sgxx0fut3zmgpg6uq7","Should Q Street be closed to traffic during the farmers market?","wg1tnfegij8mgpg6vcm","Maybe a full pedestrian zone would actually be better than the current awkward mix of cars and foot traffic.","1760378976321"
"sgxx0fut3zmgpg6uq7","Should Q Street be closed to traffic during the farmers market?","csi97i7c82mgpg6vcm","The current compromise of keeping the street open with a traffic light satisfies no one - cars navigate through crowds, shoppers feel unsafe, and the market can't fully utilize the space.","1760378976322"
"sgxx0fut3zmgpg6uq7","Should Q Street be closed to traffic during the farmers market?","a0y87hpfm4jmgpg6vcm","Q Street is a small side street that could serve the community much better as an occasional pedestrian plaza rather than a major traffic artery.","1760378976323"
"sgxx0fut3zmgpg6uq7","Should Q Street be closed to traffic during the farmers market?","0hw3djf734vmgpg6vcm","Cities across the country are experimenting with flexible street designs that can adapt to different uses throughout the week - this is about designing public space that serves multiple community needs.","1760378976324"
"sgxx0fut3zmgpg6uq7","Should Q Street be closed to traffic during the farmers market?","vuea5n9o2jhmgpg7xki","Yes! It makes the farmers market better.","1760379025842"
"sgxx0fut3zmgpg6uq7","Should Q Street be closed to traffic during the farmers market?","tn1e1x3h7lmgpg7xki","It won't really inconvenience drivers since there's not that many drivers in that area anyways.","1760379025843"
"sgxx0fut3zmgpg6uq7","Should Q Street be closed to traffic during the farmers market?","tqk1uajaydmmgpg7xki","You also have the metro there.","1760379025844"
"sgxx0fut3zmgpg6uq7","Should Q Street be closed to traffic during the farmers market?","8ey7nz68x76mgpg7xki","In general, just adding more walkability to that intersection is a big win.","1760379025845"
"waxgglrk04emgpaugiq","Should Q Street be closed to traffic during the farmers market?","0sqfeu21td49mgpauh2v","We need to close Q Street to cars during market hours because families are trying to browse produce while cars drive right through the middle of everything.","1760369999863"
"waxgglrk04emgpaugiq","Should Q Street be closed to traffic during the farmers market?","raiwxgnoz8mgpauh2v","Even with light traffic on this one-way street, car traffic creates anxiety for shoppers with kids and disrupts the flow of the market.","1760369999864"
"waxgglrk04emgpaugiq","Should Q Street be closed to traffic during the farmers market?","m4dgr4okrdpmgpauh2v","Closing Q Street for a few hours on Saturday mornings would transform our market from a cramped sidewalk event into a proper community gathering space.","1760369999865"
"waxgglrk04emgpaugiq","Should Q Street be closed to traffic during the farmers market?","96k77pfkedmgpauh2v","I'm 73 years old and depend on being able to park close to my apartment entrance - a full street closure would force me to park three blocks away.","1760369999866"
"waxgglrk04emgpaugiq","Should Q Street be closed to traffic during the farmers market?","bu344ndzs2mmgpauh2v","Q Street residents need to be able to get through for work, deliveries, and emergency access - the current traffic light setup at least allows that.","1760369999867"
"waxgglrk04emgpaugiq","Should Q Street be closed to traffic during the farmers market?","sfzorrx3dwmgpauh2v","Just because Q Street doesn't get heavy traffic doesn't mean it's not important to those of us who actually live here.","1760369999868"
"waxgglrk04emgpaugiq","Should Q Street be closed to traffic during the farmers market?","k86cer0ntrmgpauh2v","The current situation isn't ideal for anyone - the market feels cramped and residents feel like their street is being taken over.","1760369999869"
"waxgglrk04emgpaugiq","Should Q Street be closed to traffic during the farmers market?","ass6i2serymgpauh2v","We could create compromise solutions like designated market hours with resident-only access permits or reserved parking spots for Q Street residents on the next block over.","1760369999870"
"waxgglrk04emgpaugiq","Should Q Street be closed to traffic during the farmers market?","08o1f6wylhypmgpauh2v","Both the market vendors and the residents deserve to feel welcome and accommodated - this doesn't have to be an all-or-nothing fight.","1760369999871"
"waxgglrk04emgpaugiq","Should Q Street be closed to traffic during the farmers market?","okui6n02palmgpauh2v","My suppliers have trouble making deliveries on Saturday mornings because of all the market activity, and customers complain about not being able to find parking.","1760369999872"
"waxgglrk04emgpaugiq","Should Q Street be closed to traffic during the farmers market?","0vos1vag00wpmgpauh2v","If they close the street, there needs to be adequate alternative access and parking for business customers and deliveries.","1760369999873"
"waxgglrk04emgpaugiq","Should Q Street be closed to traffic during the farmers market?","d9dwsvhw18smgpauh2v","Maybe a full pedestrian zone would actually be better than the current awkward mix of cars and foot traffic.","1760369999874"
"waxgglrk04emgpaugiq","Should Q Street be closed to traffic during the farmers market?","ovt65o4hj7mgpauh2v","The current compromise of keeping the street open with a traffic light satisfies no one - cars navigate through crowds, shoppers feel unsafe, and the market can't fully utilize the space.","1760369999875"
"waxgglrk04emgpaugiq","Should Q Street be closed to traffic during the farmers market?","q55pffd8fedmgpauh2v","Q Street is a small side street that could serve the community much better as an occasional pedestrian plaza rather than a major traffic artery.","1760369999876"
"waxgglrk04emgpaugiq","Should Q Street be closed to traffic during the farmers market?","m196fujtetmgpauh2v","Cities across the country are experimenting with flexible street designs that can adapt to different uses throughout the week - this is about designing public space that serves multiple community needs.","1760369999877"
"waxgglrk04emgpaugiq","Should Q Street be closed to traffic during the farmers market?","aico9v1xca4mgpavt9j","Yes! It makes the farmers market better.","1760370062311"
"waxgglrk04emgpaugiq","Should Q Street be closed to traffic during the farmers market?","3fgufobxjdtmgpavt9j","It won't really inconvenience drivers since there's not that many drivers in that area anyways.","1760370062312"
"waxgglrk04emgpaugiq","Should Q Street be closed to traffic during the farmers market?","oxpfs47umrbmgpavt9j","You also have the metro there.","1760370062313"
"waxgglrk04emgpaugiq","Should Q Street be closed to traffic during the farmers market?","nmmip2u43bgmgpavt9j","In general, just adding more walkability to that intersection is a big win.","1760370062314"
"1i5vnp6ksacmgn1u5qz","Should Q Street be closed to traffic during the farmers market?","cl63vb466msmgn1ufkn","sdfsdfsfsd","1760233949015"
"w2k3x32h26bmgmd3u1s","Should Q Street be closed to traffic during the farmers market?","ner2rzeyibbmgmd41ya","asdasdada","1760192407522"
"2kw3v2ulawdmgmbx947","Should Q Street be closed to traffic during the farmers market?","abzfjy3rttimgmd0mbq","aadasdasdad","1760192247302"
"d53rly6o7ddmglb1wh4","Should Q Street be closed to traffic during the farmers market?","hqt8q31iqosmglb2ex0","asdasdadads","1760128505604"
"ljffrkh4mqimgl08poj","Should Q Street be closed to traffic during the farmers market?","e39ld65gxhdmgl08zyh","testst","1760110337033"
"r88efhfox4kmgjktrww","Should Q Street be closed to traffic during the farmers market?","v52roc57xymgjktsj2","We need to close Q Street to cars during market hours because families are trying to browse produce while cars drive right through the middle of everything.","1760023967150"
"r88efhfox4kmgjktrww","Should Q Street be closed to traffic during the farmers market?","0qcvfrno4l2mgjktsj2","Even with light traffic on this one-way street, car traffic creates anxiety for shoppers with kids and disrupts the flow of the market.","1760023967151"
"r88efhfox4kmgjktrww","Should Q Street be closed to traffic during the farmers market?","pm3h52oot6smgjktsj2","Closing Q Street for a few hours on Saturday mornings would transform our market from a cramped sidewalk event into a proper community gathering space.","1760023967152"
"r88efhfox4kmgjktrww","Should Q Street be closed to traffic during the farmers market?","8q73kx5lkyumgjktsj2","I'm 73 years old and depend on being able to park close to my apartment entrance - a full street closure would force me to park three blocks away.","1760023967153"
"r88efhfox4kmgjktrww","Should Q Street be closed to traffic during the farmers market?","59i8cbpqbodmgjktsj2","Q Street residents need to be able to get through for work, deliveries, and emergency access - the current traffic light setup at least allows that.","1760023967154"
"r88efhfox4kmgjktrww","Should Q Street be closed to traffic during the farmers market?","utnjrh3xr1cmgjktsj2","Just because Q Street doesn't get heavy traffic doesn't mean it's not important to those of us who actually live here.","1760023967155"
"r88efhfox4kmgjktrww","Should Q Street be closed to traffic during the farmers market?","0a662c42ujfrmgjktsj2","The current situation isn't ideal for anyone - the market feels cramped and residents feel like their street is being taken over.","1760023967156"
"r88efhfox4kmgjktrww","Should Q Street be closed to traffic during the farmers market?","sdwj5pu7g0omgjktsj2","We could create compromise solutions like designated market hours with resident-only access permits or reserved parking spots for Q Street residents on the next block over.","1760023967157"
"r88efhfox4kmgjktrww","Should Q Street be closed to traffic during the farmers market?","6npwzf50s8mgjktsj2","Both the market vendors and the residents deserve to feel welcome and accommodated - this doesn't have to be an all-or-nothing fight.","1760023967158"
"r88efhfox4kmgjktrww","Should Q Street be closed to traffic during the farmers market?","bh907aihqzbmgjktsj2","My suppliers have trouble making deliveries on Saturday mornings because of all the market activity, and customers complain about not being able to find parking.","1760023967159"
"r88efhfox4kmgjktrww","Should Q Street be closed to traffic during the farmers market?","cmybnd0mqs7mgjktsj2","If they close the street, there needs to be adequate alternative access and parking for business customers and deliveries.","1760023967160"
"r88efhfox4kmgjktrww","Should Q Street be closed to traffic during the farmers market?","74r4jskformgjktsj2","Maybe a full pedestrian zone would actually be better than the current awkward mix of cars and foot traffic.","1760023967161"
"r88efhfox4kmgjktrww","Should Q Street be closed to traffic during the farmers market?","ckqhgt9cbeamgjktsj2","The current compromise of keeping the street open with a traffic light satisfies no one - cars navigate through crowds, shoppers feel unsafe, and the market can't fully utilize the space.","1760023967162"
"r88efhfox4kmgjktrww","Should Q Street be closed to traffic during the farmers market?","79o41yk94l8mgjktsj2","Q Street is a small side street that could serve the community much better as an occasional pedestrian plaza rather than a major traffic artery.","1760023967163"
"r88efhfox4kmgjktrww","Should Q Street be closed to traffic during the farmers market?","jt8jc7655gmgjktsj2","Cities across the country are experimenting with flexible street designs that can adapt to different uses throughout the week - this is about designing public space that serves multiple community needs.","1760023967164"
"r88efhfox4kmgjktrww","Should Q Street be closed to traffic during the farmers market?","e1xkfs6u5hdmgjku3r1","Yes, I don’t think there are any buses scheduled during those hours.","1760023981693"
"r88efhfox4kmgjktrww","Should Q Street be closed to traffic during the farmers market?","llrgpybazahmgjku3r1","I rarely see any traffic anyways; it’s like a couple of cars come through every few minutes.","1760023981694"
"r88efhfox4kmgjktrww","Should Q Street be closed to traffic during the farmers market?","o3g319al18bmgjku3r1","Those cars disrupt the whole flow of pedestrian traffic, cutting the market in half.","1760023981695"
"r88efhfox4kmgjktrww","Should Q Street be closed to traffic during the farmers market?","a2gbwezztwjmgjku3r1","It’s dangerous and unpleasant.","1760023981696"
"r88efhfox4kmgjktrww","Should Q Street be closed to traffic during the farmers market?","9an7wa3bo86mgjku3r1","Often it results in conflicts where the driver ends up honking.","1760023981697"
"r88efhfox4kmgjktrww","Should Q Street be closed to traffic during the farmers market?","v5fm3h7qoxpmgjkxdy5","testsetst","1760024134877"
"r88efhfox4kmgjktrww","Should Q Street be closed to traffic during the farmers market?","e4pgzbiepg9mgjl8kw2","asdadadad","1760024657090"
"j8fqogqvjromgjkqhe7","Should Q Street be closed to traffic during the farmers market?","hhu1mxuk3v9mgjkqi59","We need to close Q Street to cars during market hours because families are trying to browse produce while cars drive right through the middle of everything.","1760023813725"
"j8fqogqvjromgjkqhe7","Should Q Street be closed to traffic during the farmers market?","4ggn6ilx435mgjkqi59","Even with light traffic on this one-way street, car traffic creates anxiety for shoppers with kids and disrupts the flow of the market.","1760023813726"
"j8fqogqvjromgjkqhe7","Should Q Street be closed to traffic during the farmers market?","ju22y0z3gedmgjkqi59","Closing Q Street for a few hours on Saturday mornings would transform our market from a cramped sidewalk event into a proper community gathering space.","1760023813727"
"j8fqogqvjromgjkqhe7","Should Q Street be closed to traffic during the farmers market?","g2w65smrkclmgjkqi59","I'm 73 years old and depend on being able to park close to my apartment entrance - a full street closure would force me to park three blocks away.","1760023813728"
"j8fqogqvjromgjkqhe7","Should Q Street be closed to traffic during the farmers market?","s1qq7o4mktgmgjkqi59","Q Street residents need to be able to get through for work, deliveries, and emergency access - the current traffic light setup at least allows that.","1760023813729"
"j8fqogqvjromgjkqhe7","Should Q Street be closed to traffic during the farmers market?","fyizyg4oaklmgjkqi59","Just because Q Street doesn't get heavy traffic doesn't mean it's not important to those of us who actually live here.","1760023813730"
"j8fqogqvjromgjkqhe7","Should Q Street be closed to traffic during the farmers market?","xalziiia70fmgjkqi59","The current situation isn't ideal for anyone - the market feels cramped and residents feel like their street is being taken over.","1760023813731"
"j8fqogqvjromgjkqhe7","Should Q Street be closed to traffic during the farmers market?","ieisg9d0x6mgjkqi5a","We could create compromise solutions like designated market hours with resident-only access permits or reserved parking spots for Q Street residents on the next block over.","1760023813732"
"j8fqogqvjromgjkqhe7","Should Q Street be closed to traffic during the farmers market?","b5kmm78d4bgmgjkqi5a","Both the market vendors and the residents deserve to feel welcome and accommodated - this doesn't have to be an all-or-nothing fight.","1760023813733"
"j8fqogqvjromgjkqhe7","Should Q Street be closed to traffic during the farmers market?","w5b1i08jewgmgjkqi5a","My suppliers have trouble making deliveries on Saturday mornings because of all the market activity, and customers complain about not being able to find parking.","1760023813734"
"j8fqogqvjromgjkqhe7","Should Q Street be closed to traffic during the farmers market?","brpexqkjftumgjkqi5a","If they close the street, there needs to be adequate alternative access and parking for business customers and deliveries.","1760023813735"
"j8fqogqvjromgjkqhe7","Should Q Street be closed to traffic during the farmers market?","23g0mi6tlqlmgjkqi5a","Maybe a full pedestrian zone would actually be better than the current awkward mix of cars and foot traffic.","1760023813736"
"j8fqogqvjromgjkqhe7","Should Q Street be closed to traffic during the farmers market?","zs40e9v2sbomgjkqi5a","The current compromise of keeping the street open with a traffic light satisfies no one - cars navigate through crowds, shoppers feel unsafe, and the market can't fully utilize the space.","1760023813737"
"j8fqogqvjromgjkqhe7","Should Q Street be closed to traffic during the farmers market?","kv4m82m8komgjkqi5a","Q Street is a small side street that could serve the community much better as an occasional pedestrian plaza rather than a major traffic artery.","1760023813738"
"j8fqogqvjromgjkqhe7","Should Q Street be closed to traffic during the farmers market?","syw5ye1wj1hmgjkqi5a","Cities across the country are experimenting with flexible street designs that can adapt to different uses throughout the week - this is about designing public space that serves multiple community needs.","1760023813739"
"j8fqogqvjromgjkqhe7","Should Q Street be closed to traffic during the farmers market?","n7eujdren58mgjkr1ul","Yes, I don’t think there are any buses scheduled during those hours.","1760023839261"
"j8fqogqvjromgjkqhe7","Should Q Street be closed to traffic during the farmers market?","9lxum01jsmhmgjkr1ul","I rarely see any traffic anyways; it’s like a couple of cars come through every few minutes.","1760023839262"
"j8fqogqvjromgjkqhe7","Should Q Street be closed to traffic during the farmers market?","0z3ia819b55nmgjkr1ul","Those cars disrupt the whole flow of pedestrian traffic, cutting the market in half.","1760023839263"
"j8fqogqvjromgjkqhe7","Should Q Street be closed to traffic during the farmers market?","khdm7mazxgomgjkr1ul","It’s dangerous and unpleasant.","1760023839264"
"j8fqogqvjromgjkqhe7","Should Q Street be closed to traffic during the farmers market?","81aaldil8cpmgjkr1ul","Often it results in conflicts where the driver ends up honking.","1760023839265"
"v6jdw1txunmmgjkibrc","should alex put off vanlife to focus on Heard?","ush3w005cjmgjkikua","i dont know maybe","1760023443970"
"v6jdw1txunmmgjkibrc","should alex put off vanlife to focus on Heard?","qyoqruf9hldmgjkikua","i dont know maybe","1760023443971"
"v6jdw1txunmmgjkibrc","should alex put off vanlife to focus on Heard?","zyi44skd5pmgjkikua","i dont know maybe","1760023443972"
"v6jdw1txunmmgjkibrc","should alex put off vanlife to focus on Heard?","sv57uw1z4smgjkikua","i dont know maybe","1760023443973"
"1h1w1x0tztfmgjk1vn9","Should Q Street be closed to traffic during the farmers market?","v7v7ejoq348mgjk1w6k","We need to close Q Street to cars during market hours because families are trying to browse produce while cars drive right through the middle of everything.","1760022665516"
"1h1w1x0tztfmgjk1vn9","Should Q Street be closed to traffic during the farmers market?","9jv4me40r1imgjk1w6k","Even with light traffic on this one-way street, car traffic creates anxiety for shoppers with kids and disrupts the flow of the market.","1760022665517"
"1h1w1x0tztfmgjk1vn9","Should Q Street be closed to traffic during the farmers market?","9dqk1ww9rujmgjk1w6k","Closing Q Street for a few hours on Saturday mornings would transform our market from a cramped sidewalk event into a proper community gathering space.","1760022665518"
"1h1w1x0tztfmgjk1vn9","Should Q Street be closed to traffic during the farmers market?","yefpulrvyymgjk1w6k","I'm 73 years old and depend on being able to park close to my apartment entrance - a full street closure would force me to park three blocks away.","1760022665519"
"1h1w1x0tztfmgjk1vn9","Should Q Street be closed to traffic during the farmers market?","iw9csjl47mhmgjk1w6k","Q Street residents need to be able to get through for work, deliveries, and emergency access - the current traffic light setup at least allows that.","1760022665520"
"1h1w1x0tztfmgjk1vn9","Should Q Street be closed to traffic during the farmers market?","qh59swcgk2omgjk1w6k","Just because Q Street doesn't get heavy traffic doesn't mean it's not important to those of us who actually live here.","1760022665521"
"1h1w1x0tztfmgjk1vn9","Should Q Street be closed to traffic during the farmers market?","evkoxhrba5rmgjk1w6k","The current situation isn't ideal for anyone - the market feels cramped and residents feel like their street is being taken over.","1760022665522"
"1h1w1x0tztfmgjk1vn9","Should Q Street be closed to traffic during the farmers market?","4qs5fe71ubdmgjk1w6k","We could create compromise solutions like designated market hours with resident-only access permits or reserved parking spots for Q Street residents on the next block over.","1760022665523"
"1h1w1x0tztfmgjk1vn9","Should Q Street be closed to traffic during the farmers market?","1lc023jf2rjmgjk1w6k","Both the market vendors and the residents deserve to feel welcome and accommodated - this doesn't have to be an all-or-nothing fight.","1760022665524"
"1h1w1x0tztfmgjk1vn9","Should Q Street be closed to traffic during the farmers market?","3kczvank1jpmgjk1w6k","My suppliers have trouble making deliveries on Saturday mornings because of all the market activity, and customers complain about not being able to find parking.","1760022665525"
"1h1w1x0tztfmgjk1vn9","Should Q Street be closed to traffic during the farmers market?","gcak066hburmgjk1w6k","If they close the street, there needs to be adequate alternative access and parking for business customers and deliveries.","1760022665526"
"1h1w1x0tztfmgjk1vn9","Should Q Street be closed to traffic during the farmers market?","x1oziiygrogmgjk1w6k","Maybe a full pedestrian zone would actually be better than the current awkward mix of cars and foot traffic.","1760022665527"
"1h1w1x0tztfmgjk1vn9","Should Q Street be closed to traffic during the farmers market?","h30zz7mouyvmgjk1w6k","The current compromise of keeping the street open with a traffic light satisfies no one - cars navigate through crowds, shoppers feel unsafe, and the market can't fully utilize the space.","1760022665528"
"1h1w1x0tztfmgjk1vn9","Should Q Street be closed to traffic during the farmers market?","staibmc11mmmgjk1w6k","Q Street is a small side street that could serve the community much better as an occasional pedestrian plaza rather than a major traffic artery.","1760022665529"
"1h1w1x0tztfmgjk1vn9","Should Q Street be closed to traffic during the farmers market?","8vgn9x0vlrvmgjk1w6k","Cities across the country are experimenting with flexible street designs that can adapt to different uses throughout the week - this is about designing public space that serves multiple community needs.","1760022665530"
"wf69zn45ssmgjjwy1b","Should Q Street be closed to traffic during the farmers market?","s59f0xw4ohcmgjjwyhw","We need to close Q Street to cars during market hours because families are trying to browse produce while cars drive right through the middle of everything.","1760022435236"
"wf69zn45ssmgjjwy1b","Should Q Street be closed to traffic during the farmers market?","t4xlzlfrycmgjjwyhw","Even with light traffic on this one-way street, car traffic creates anxiety for shoppers with kids and disrupts the flow of the market.","1760022435237"
"wf69zn45ssmgjjwy1b","Should Q Street be closed to traffic during the farmers market?","q3oi3ubhihemgjjwyhw","Closing Q Street for a few hours on Saturday mornings would transform our market from a cramped sidewalk event into a proper community gathering space.","1760022435238"
"wf69zn45ssmgjjwy1b","Should Q Street be closed to traffic during the farmers market?","bdr1z4521lkmgjjwyhw","I'm 73 years old and depend on being able to park close to my apartment entrance - a full street closure would force me to park three blocks away.","1760022435239"
"wf69zn45ssmgjjwy1b","Should Q Street be closed to traffic during the farmers market?","z0pg82ajvmgjjwyhw","Q Street residents need to be able to get through for work, deliveries, and emergency access - the current traffic light setup at least allows that.","1760022435240"
"wf69zn45ssmgjjwy1b","Should Q Street be closed to traffic during the farmers market?","hdqe0kx8cubmgjjwyhw","Just because Q Street doesn't get heavy traffic doesn't mean it's not important to those of us who actually live here.","1760022435241"
"wf69zn45ssmgjjwy1b","Should Q Street be closed to traffic during the farmers market?","4jnljp1sgqmgjjwyhw","The current situation isn't ideal for anyone - the market feels cramped and residents feel like their street is being taken over.","1760022435242"
"wf69zn45ssmgjjwy1b","Should Q Street be closed to traffic during the farmers market?","bxmjepbtu3qmgjjwyhw","We could create compromise solutions like designated market hours with resident-only access permits or reserved parking spots for Q Street residents on the next block over.","1760022435243"
"wf69zn45ssmgjjwy1b","Should Q Street be closed to traffic during the farmers market?","6ait6ljq54qmgjjwyhw","Both the market vendors and the residents deserve to feel welcome and accommodated - this doesn't have to be an all-or-nothing fight.","1760022435244"
"wf69zn45ssmgjjwy1b","Should Q Street be closed to traffic during the farmers market?","qeotehmdb8smgjjwyhw","My suppliers have trouble making deliveries on Saturday mornings because of all the market activity, and customers complain about not being able to find parking.","1760022435245"
"wf69zn45ssmgjjwy1b","Should Q Street be closed to traffic during the farmers market?","8ub87uk1x3dmgjjwyhw","If they close the street, there needs to be adequate alternative access and parking for business customers and deliveries.","1760022435246"
"wf69zn45ssmgjjwy1b","Should Q Street be closed to traffic during the farmers market?","uqttcuhv8bmgjjwyhw","Maybe a full pedestrian zone would actually be better than the current awkward mix of cars and foot traffic.","1760022435247"
"wf69zn45ssmgjjwy1b","Should Q Street be closed to traffic during the farmers market?","ho60mgh6c05mgjjwyhw","The current compromise of keeping the street open with a traffic light satisfies no one - cars navigate through crowds, shoppers feel unsafe, and the market can't fully utilize the space.","1760022435248"
"wf69zn45ssmgjjwy1b","Should Q Street be closed to traffic during the farmers market?","gpjonty78amgjjwyhw","Q Street is a small side street that could serve the community much better as an occasional pedestrian plaza rather than a major traffic artery.","1760022435249"
"wf69zn45ssmgjjwy1b","Should Q Street be closed to traffic during the farmers market?","gypj6jafs4jmgjjwyhw","Cities across the country are experimenting with flexible street designs that can adapt to different uses throughout the week - this is about designing public space that serves multiple community needs.","1760022435250"
"nrlr0fuv49omgjjrxsw","Should Q Street be closed to traffic during the farmers market?","iw9iv85vx2mgjjryha","We need to close Q Street to cars during market hours because families are trying to browse produce while cars drive right through the middle of everything.","1760022201934"
"nrlr0fuv49omgjjrxsw","Should Q Street be closed to traffic during the farmers market?","x3m7o8i397gmgjjryha","Even with light traffic on this one-way street, car traffic creates anxiety for shoppers with kids and disrupts the flow of the market.","1760022201935"
"nrlr0fuv49omgjjrxsw","Should Q Street be closed to traffic during the farmers market?","z274wneoh3fmgjjryha","Closing Q Street for a few hours on Saturday mornings would transform our market from a cramped sidewalk event into a proper community gathering space.","1760022201936"
"nrlr0fuv49omgjjrxsw","Should Q Street be closed to traffic during the farmers market?","r7rhihkvq4cmgjjryha","I'm 73 years old and depend on being able to park close to my apartment entrance - a full street closure would force me to park three blocks away.","1760022201937"
"nrlr0fuv49omgjjrxsw","Should Q Street be closed to traffic during the farmers market?","ruc2qmzoyhjmgjjryha","Q Street residents need to be able to get through for work, deliveries, and emergency access - the current traffic light setup at least allows that.","1760022201938"
"nrlr0fuv49omgjjrxsw","Should Q Street be closed to traffic during the farmers market?","1ums083pkxzmgjjryha","Just because Q Street doesn't get heavy traffic doesn't mean it's not important to those of us who actually live here.","1760022201939"
"nrlr0fuv49omgjjrxsw","Should Q Street be closed to traffic during the farmers market?","5glhk240zkmgjjryha","The current situation isn't ideal for anyone - the market feels cramped and residents feel like their street is being taken over.","1760022201940"
"nrlr0fuv49omgjjrxsw","Should Q Street be closed to traffic during the farmers market?","rxctcccbrgmgjjryha","We could create compromise solutions like designated market hours with resident-only access permits or reserved parking spots for Q Street residents on the next block over.","1760022201941"
"nrlr0fuv49omgjjrxsw","Should Q Street be closed to traffic during the farmers market?","8jt63v34hi4mgjjryha","Both the market vendors and the residents deserve to feel welcome and accommodated - this doesn't have to be an all-or-nothing fight.","1760022201942"
"nrlr0fuv49omgjjrxsw","Should Q Street be closed to traffic during the farmers market?","95bfiot94zomgjjryha","My suppliers have trouble making deliveries on Saturday mornings because of all the market activity, and customers complain about not being able to find parking.","1760022201943"
"nrlr0fuv49omgjjrxsw","Should Q Street be closed to traffic during the farmers market?","4fktqjemfqemgjjryha","If they close the street, there needs to be adequate alternative access and parking for business customers and deliveries.","1760022201944"
"nrlr0fuv49omgjjrxsw","Should Q Street be closed to traffic during the farmers market?","mmzkafh4axmgjjryha","Maybe a full pedestrian zone would actually be better than the current awkward mix of cars and foot traffic.","1760022201945"
"nrlr0fuv49omgjjrxsw","Should Q Street be closed to traffic during the farmers market?","3i8uv9doi6mmgjjryha","The current compromise of keeping the street open with a traffic light satisfies no one - cars navigate through crowds, shoppers feel unsafe, and the market can't fully utilize the space.","1760022201946"
"nrlr0fuv49omgjjrxsw","Should Q Street be closed to traffic during the farmers market?","w1zha9o7f8lmgjjryha","Q Street is a small side street that could serve the community much better as an occasional pedestrian plaza rather than a major traffic artery.","1760022201947"
"nrlr0fuv49omgjjrxsw","Should Q Street be closed to traffic during the farmers market?","y846tqnr6jmgjjryha","Cities across the country are experimenting with flexible street designs that can adapt to different uses throughout the week - this is about designing public space that serves multiple community needs.","1760022201948"
"nrlr0fuv49omgjjrxsw","Should Q Street be closed to traffic during the farmers market?","rwk0qg2bas9mgjju1rb","Yes, I don’t think there are any buses scheduled during those hours.","1760022299495"
"nrlr0fuv49omgjjrxsw","Should Q Street be closed to traffic during the farmers market?","rg5rfqmk9nmgjju1rc","I rarely see any traffic anyways; it’s like a couple of cars come through every few minutes.","1760022299496"
"nrlr0fuv49omgjjrxsw","Should Q Street be closed to traffic during the farmers market?","2cj5zarm4mjmgjju1rc","Cars disrupt the whole flow of pedestrian traffic, cutting the market in half.","1760022299497"
"nrlr0fuv49omgjjrxsw","Should Q Street be closed to traffic during the farmers market?","5xkumqznm44mgjju1rc","It’s dangerous and unpleasant, often it results in conflicts where the driver ends up honking.","1760022299498"
"nrlr0fuv49omgjjrxsw","Should Q Street be closed to traffic during the farmers market?","c17m339b1fomgjju1rc","Also, I like vanilla ice cream.","1760022299499"
"nrlr0fuv49omgjjrxsw","Should Q Street be closed to traffic during the farmers market?","5bm43q1awpkmgjjvg1e","testtest","1760022364658"
"f6fcsqvrowamgjj5kti","Should Q Street be closed to traffic during the farmers market?","80t09hbyh1smgjj5zww","Yes, I don’t think there are any buses scheduled during those hours.","1760021177360"
"f6fcsqvrowamgjj5kti","Should Q Street be closed to traffic during the farmers market?","ta70375okldmgjj5zww","I rarely see any traffic anyways; it’s like a couple of cars come through every few minutes.","1760021177361"
"f6fcsqvrowamgjj5kti","Should Q Street be closed to traffic during the farmers market?","3gcz64bp0ccmgjj5zww","Those cars disrupt the whole flow of pedestrian traffic, cutting the market in half.","1760021177362"
"f6fcsqvrowamgjj5kti","Should Q Street be closed to traffic during the farmers market?","fpgrfxgaa0lmgjj5zww","It’s dangerous and unpleasant.","1760021177363"
"f6fcsqvrowamgjj5kti","Should Q Street be closed to traffic during the farmers market?","5kv9tniv3lemgjj5zww","Often it results in conflicts where the driver ends up honking.","1760021177364"
"p7drk7us0mimgjgdpns","Should Q Street be closed to traffic during the farmers market?","5pj2px0nr5kmgjgef87","We NEED to close Q Street to cars during market hours.","1760016531607"
"p7drk7us0mimgjgdpns","Should Q Street be closed to traffic during the farmers market?","p4h29ja7hcomgjgef87","Right now it's a disaster - we have families trying to browse produce while cars are driving right through the middle of everything.","1760016531608"
"p7drk7us0mimgjgdpns","Should Q Street be closed to traffic during the farmers market?","2shfdz3udtymgjgef87","Even that little bit of car traffic creates such anxiety for shoppers.","1760016531609"
"p7drk7us0mimgjgdpns","Should Q Street be closed to traffic during the farmers market?","qo72rotk6ymgjgef87","I am absolutely opposed to any proposal to close our street for the farmers market.","1760016531610"
"p7drk7us0mimgjgdpns","Should Q Street be closed to traffic during the farmers market?","m4so518fetmgjgef87","It's MY street and I chose to live here specifically because it provided convenient access to my building.","1760016531611"
"p7drk7us0mimgjgdpns","Should Q Street be closed to traffic during the farmers market?","udnftcitdypmgjgef87","I depend on being able to park close to my apartment entrance.","1760016531612"
"p7drk7us0mimgjgdpns","Should Q Street be closed to traffic during the farmers market?","4v4wa65qx0qmgjgef87","Right now the farmers market already creates chaos with all...","1760016531613"
"p7drk7us0mimgjgdpns","Should Q Street be closed to traffic during the farmers market?","tr656xo7w2mgjgef87","This Q Street closure debate is bringing up so many complex issues about who gets to use public space and how.","1760016531614"
"p7drk7us0mimgjgdpns","Should Q Street be closed to traffic during the farmers market?","grvtti1abpkmgjgef87","I love the farmers market and I think it's great for our community, but I also really understand the concerns from residents who live right on Q Street.","1760016531615"
"p7drk7us0mimgjgdpns","Should Q Street be closed to traffic during the farmers market?","c1tfwujzsimgjgef87","The current situation isn't ideal for anyone - the market feels cramped because they're trying to work around car traffic, and residents.","1760016531616"
"p7drk7us0mimgjgdpns","Should Q Street be closed to traffic during the farmers market?","wv31b1lwmk9mgjgef87","The market definitely brings foot traffic to the area which can be good for business.","1760016531617"
"p7drk7us0mimgjgdpns","Should Q Street be closed to traffic during the farmers market?","h2ltjhph79mgjgef87","The current setup already creates logistical headaches for me.","1760016531618"
"p7drk7us0mimgjgdpns","Should Q Street be closed to traffic during the farmers market?","5epvroijee5mgjgef87","My suppliers have trouble making deliveries on Saturday mornings because of all the market activity.","1760016531619"
"p7drk7us0mimgjgdpns","Should Q Street be closed to traffic during the farmers market?","5j2rouooiydmgjgef87","Customers complain about not being able to access my business easily.","1760016531620"
"p7drk7us0mimgjgdpns","Should Q Street be closed to traffic during the farmers market?","djhc1i11t5vmgjgef87","From an urban planning perspective, the Q Street situation is a perfect example of the tensions we face in creating more livable, human-scaled neighborhoods.","1760016531621"
"p7drk7us0mimgjgdpns","Should Q Street be closed to traffic during the farmers market?","uqoil8sazwmgjgef87","Right now Q Street functions as a quiet residential one-way street that happens to cut through what could be an amazing public market space.","1760016531622"
"p7drk7us0mimgjgdpns","Should Q Street be closed to traffic during the farmers market?","86ntez0fvr6mgjgef87","The current compromise - keeping the street open with a traffic light - satisfies no one.","1760016531623"
"p7drk7us0mimgjgdpns","Should Q Street be closed to traffic during the farmers market?","m7opf709v1rmgjgef87","yes, i dont think there are any buses scheduled during those hours.","1760016531624"
"p7drk7us0mimgjgdpns","Should Q Street be closed to traffic during the farmers market?","suoqynevm6cmgjgef87","i rarely see any traffic anyways.","1760016531625"
"p7drk7us0mimgjgdpns","Should Q Street be closed to traffic during the farmers market?","megil3b0nbgmgjgef87","it's like a couple of cars come through every few minutes and disrupt the whole flow of pedestrian traffic, cutting the market in half.","1760016531626"
"p7drk7us0mimgjgdpns","Should Q Street be closed to traffic during the farmers market?","jx0m9bw8jw8mgjgef87","it's dangerous and unpleasant, often it results in conflicts where the driver ends up honking.","1760016531627"
"vlk48j0f9wmgiitk3k","Should Q Street be closed to traffic during the farmers market?","c8r62wyhk7qmgiiuljd","We NEED to close Q Street to cars during market hours.","1759960179337"
"vlk48j0f9wmgiitk3k","Should Q Street be closed to traffic during the farmers market?","ef3dgqy80rwmgiiuljd","Right now it's a disaster - we have families trying to browse produce while cars are driving right through the middle of everything.","1759960179338"
"vlk48j0f9wmgiitk3k","Should Q Street be closed to traffic during the farmers market?","oww8puype7mgiiuljd","Even that little bit of car traffic creates such anxiety for shoppers.","1759960179339"
"vlk48j0f9wmgiitk3k","Should Q Street be closed to traffic during the farmers market?","nyqvedfhogqmgiiuljd","I am absolutely opposed to any proposal to close our street for the farmers market.","1759960179340"
"vlk48j0f9wmgiitk3k","Should Q Street be closed to traffic during the farmers market?","nnpp44e6xhomgiiuljd","It's MY street and I chose to live here specifically because it provided convenient access to my building.","1759960179341"
"vlk48j0f9wmgiitk3k","Should Q Street be closed to traffic during the farmers market?","5ponw0k0adpmgiiuljd","I depend on being able to park close to my apartment entrance.","1759960179342"
"vlk48j0f9wmgiitk3k","Should Q Street be closed to traffic during the farmers market?","7i58tktvg3mgiiuljd","Right now the farmers market already creates chaos with all...","1759960179343"
"vlk48j0f9wmgiitk3k","Should Q Street be closed to traffic during the farmers market?","3sj7zbebl2tmgiiuljd","This Q Street closure debate is bringing up so many complex issues about who gets to use public space and how.","1759960179344"
"vlk48j0f9wmgiitk3k","Should Q Street be closed to traffic during the farmers market?","gs5rzkhhrsmgiiulje","I love the farmers market and I think it's great for our community, but I also really understand the concerns from residents who live right on Q Street.","1759960179345"
"vlk48j0f9wmgiitk3k","Should Q Street be closed to traffic during the farmers market?","161vcj751o5mgiiulje","The current situation isn't ideal for anyone - the market feels cramped because they're trying to work around car traffic, and residents.","1759960179346"
"vlk48j0f9wmgiitk3k","Should Q Street be closed to traffic during the farmers market?","wck2zizjynmgiiulje","The market definitely brings foot traffic to the area which can be good for business.","1759960179347"
"vlk48j0f9wmgiitk3k","Should Q Street be closed to traffic during the farmers market?","6q8vnehd0xqmgiiulje","The current setup already creates logistical headaches for me.","1759960179348"
"vlk48j0f9wmgiitk3k","Should Q Street be closed to traffic during the farmers market?","43gaav0llblmgiiulje","My suppliers have trouble making deliveries on Saturday mornings because of all the market activity.","1759960179349"
"vlk48j0f9wmgiitk3k","Should Q Street be closed to traffic during the farmers market?","9tkox8qumamgiiulje","Customers complain about not being able to access my business easily during the market.","1759960179350"
"vlk48j0f9wmgiitk3k","Should Q Street be closed to traffic during the farmers market?","rlvybdnibfkmgiiulje","From an urban planning perspective, the Q Street situation is a perfect example of the tensions we face in creating more livable, human-scaled neighborhoods.","1759960179351"
"vlk48j0f9wmgiitk3k","Should Q Street be closed to traffic during the farmers market?","nb57mol3w5omgiiulje","Right now Q Street functions as a quiet residential one-way street that happens to cut through what could be an amazing public market space.","1759960179352"
"vlk48j0f9wmgiitk3k","Should Q Street be closed to traffic during the farmers market?","kwd6qvo5n9imgiiulje","The current compromise - keeping the street open with a traffic light - satisfies no one.","1759960179353"
"vlk48j0f9wmgiitk3k","Should Q Street be closed to traffic during the farmers market?","9dks4xdcl5amgiiulje","it's unsafe","1759960179354"
"vlk48j0f9wmgiitk3k","Should Q Street be closed to traffic during the farmers market?","qgu09llqjqmgiiulje","theres not a lot of cars","1759960179355"
"vlk48j0f9wmgiitk3k","Should Q Street be closed to traffic during the farmers market?","f1f7j10d8umgiiulje","i dont think buses use it during sundays anyways","1759960179356"
"vlk48j0f9wmgiitk3k","Should Q Street be closed to traffic during the farmers market?","ll1238ifx9mgijgnyo","sdfsdfs","1759961208912"
"773o96swlmimgi71q5a","Should Q Street be closed to traffic during the farmers market?","v3ivc7rjxpjmgi71zxb","asdasdasd asd asd asdasdasd","1759940369183"
"spi4r6i4bhrmggio74t","Should Q Street be closed to traffic during the farmers market?","ka0dad55uknmggj7nvg","asdadad","1759839856540"
"ws11rqkqfvbmgch0xad","New housemate discussion Oct 2025","avy7s6snulmgemld9b","A new housemate who brings a positive vibe and diverse interests can significantly enhance the living experience for everyone in the household.","1759724602463"
"ws11rqkqfvbmgch0xad","New housemate discussion Oct 2025","bx98gd6hjlmgemldfe","Having a housemate who is not involved in EA (Effective Altruism) may allow for a more relaxed and varied social atmosphere, fostering creativity and spontaneity.","1759724602464"
"ws11rqkqfvbmgch0xad","New housemate discussion Oct 2025","eqd6315lwytmgemldmc","It's important to consider how the new housemate's social circle might influence the dynamics of the household, as well as the potential for conflict or harmony.","1759724602465"
"ws11rqkqfvbmgch0xad","New housemate discussion Oct 2025","ngpl46zt87lmgemldr7","We should prioritize getting to know new housemates before making any decisions about living arrangements.","1759724602466"
"ws11rqkqfvbmgch0xad","New housemate discussion Oct 2025","1lx8hexyq9amgemldw7","It's important to assess compatibility with potential housemates based on shared values and lifestyles.","1759724602467"
"ws11rqkqfvbmgch0xad","New housemate discussion Oct 2025","whmm5zbterrmgemle0s","While Anthony seems nice, we should remain cautious and not rush into accepting him without further discussion.","1759724602468"
"ws11rqkqfvbmgch0xad","New housemate discussion Oct 2025","vx260ijlqiemgemle5m","A new housemate who is already friends with existing members can enhance the overall vibe and social dynamic of the household.","1759724602469"
"ws11rqkqfvbmgch0xad","New housemate discussion Oct 2025","kcve48o2whpmgemleab","While the new housemate's lack of experience in a group living situation may raise concerns, it can also provide an opportunity for growth and adaptation.","1759724602470"
"ws11rqkqfvbmgch0xad","New housemate discussion Oct 2025","yhqp8on880kmgemleet","The decision to prioritize long-term intentions should be balanced with the immediate benefits of having a fun and sociable housemate.","1759724602471"
"ws11rqkqfvbmgch0xad","New housemate discussion Oct 2025","09pb17ctqau4mgemlej8","The fact that the new housemate is not an EA could either be seen as a drawback or a chance to diversify the household's perspectives and experiences.","1759724602472"
"ws11rqkqfvbmgch0xad","New housemate discussion Oct 2025","vetuiyhrufmgemlenq","Overall, the positive energy and friendship with Lincoln should be a significant factor in welcoming the new housemate.","1759724602473"
"ws11rqkqfvbmgch0xad","New housemate discussion Oct 2025","dsp0j0xcmcmgemlerr","Anthony's altruistic nature and social skills will positively impact our living environment and foster a sense of community among housemates.","1759724602474"
"ws11rqkqfvbmgch0xad","New housemate discussion Oct 2025","5z3ndp6lrujmgemlevx","Hosting and party-oriented individuals like Anthony can enhance social interactions and strengthen relationships among housemates.","1759724602475"
"ws11rqkqfvbmgch0xad","New housemate discussion Oct 2025","m6cbggoz1nmgemlf0r","While it's important to be socially conscious, we should avoid extreme ideologies like effective altruism that can overshadow personal connections and community building.","1759724602476"
"ws11rqkqfvbmgch0xad","New housemate discussion Oct 2025","d0z02kuv797mgemlf5e","Bringing families together across different cities is a valuable trait that can enrich our shared experiences and create a supportive living atmosphere.","1759724602477"
"ws11rqkqfvbmgch0xad","New housemate discussion Oct 2025","dhe3e2lcmmamgemlf9r","Anthony has proven to be a positive influence in our interactions, making him a suitable candidate for our new housemate.","1759724602478"
"ws11rqkqfvbmgch0xad","New housemate discussion Oct 2025","cm7tnuvacqgmgemlfeb","The lack of strong objections from others indicates that Anthony may be a widely accepted choice for living arrangements.","1759724602479"
"ws11rqkqfvbmgch0xad","New housemate discussion Oct 2025","ps27az219acmgemlfj1","While personal experiences with Anthony have been favorable, it’s important to consider the perspectives of all potential housemates before making a final decision.","1759724602480"
"ws11rqkqfvbmgch0xad","New housemate discussion Oct 2025","pomwu53r39rmgemlfn1","A new housemate who is socially engaging and interested in community investment can enhance the overall living experience for everyone in the house.","1759724602481"
"ws11rqkqfvbmgch0xad","New housemate discussion Oct 2025","pa5ajojy1kmgemlfrm","Emotional connections in a shared living space should be openly discussed to avoid misunderstandings and ensure compatibility among housemates.","1759724602482"
"ws11rqkqfvbmgch0xad","New housemate discussion Oct 2025","g6t4ppiy256mgemlfws","While transit conversations can be charming initially, they may become repetitive and could detract from deeper discussions or activities.","1759724602483"
"2et8yxz5iu5mgcgtlnj","Should Q Street be closed to traffic during the farmers market?","3x7vyf9jx7hmgcgu4je","Q Street should be closed to traffic during farmers market hours to ensure the safety and comfort of shoppers browsing for fresh produce.","1759594001018"
"2et8yxz5iu5mgcgtlnj","Should Q Street be closed to traffic during the farmers market?","gv844g3iirmgcgu4je","Allowing cars to drive through the market creates unnecessary anxiety and detracts from the overall experience for families and vendors alike.","1759594001019"
"2et8yxz5iu5mgcgtlnj","Should Q Street be closed to traffic during the farmers market?","hitep1vofuvmgcgu4je","While Q Street may have light traffic, any vehicle presence during the market can disrupt the flow of foot traffic and reduce sales for vendors.","1759594001020"
"2et8yxz5iu5mgcgtlnj","Should Q Street be closed to traffic during the farmers market?","shzr9w8bwndmgcgu4je","Closing the street would encourage more community engagement and make the market a more inviting space for all attendees.","1759594001021"
"2et8yxz5iu5mgcgtlnj","Should Q Street be closed to traffic during the farmers market?","f3glrkcij5mgcgu4je","Q Street should remain open to traffic during the farmers market to ensure residents have convenient access to their homes.","1759594001022"
"2et8yxz5iu5mgcgtlnj","Should Q Street be closed to traffic during the farmers market?","m8ia6ap4acmgcgu4je","Closing Q Street for the farmers market will create unnecessary chaos and inconvenience for the residents who rely on nearby parking.","1759594001023"
"2et8yxz5iu5mgcgtlnj","Should Q Street be closed to traffic during the farmers market?","bzdp33vgigmgcgu4je","The needs of long-term residents, especially those with mobility concerns, must be prioritized over temporary events like the farmers market.","1759594001024"
"2et8yxz5iu5mgcgtlnj","Should Q Street be closed to traffic during the farmers market?","za67hi1v879mgcgu4je","Q Street should be closed to traffic during the farmers market to create a safer and more enjoyable experience for both vendors and shoppers.","1759594001025"
"2et8yxz5iu5mgcgtlnj","Should Q Street be closed to traffic during the farmers market?","hzemp0ommsmgcgu4je","Residents living on Q Street should have a say in the decision to close the street, as their quality of life and access to their homes are important considerations.","1759594001026"
"2et8yxz5iu5mgcgtlnj","Should Q Street be closed to traffic during the farmers market?","kdq3bn859ddmgcgu4je","The farmers market should explore alternative locations that do not disrupt local traffic while still supporting community engagement and local businesses.","1759594001027"
"2et8yxz5iu5mgcgtlnj","Should Q Street be closed to traffic during the farmers market?","6hel4j385gmgcgu4je","A compromise solution could involve closing Q Street only during peak market hours to balance the needs of the community and the residents.","1759594001028"
"2et8yxz5iu5mgcgtlnj","Should Q Street be closed to traffic during the farmers market?","ay9owk4hfnmgcgu4je","Q Street should remain open to traffic during the farmers market to ensure that local businesses can receive deliveries and maintain customer access.","1759594001029"
"2et8yxz5iu5mgcgtlnj","Should Q Street be closed to traffic during the farmers market?","elwx5awyellmgcgu4je","The farmers market is beneficial for local businesses, but a balance must be struck to minimize disruptions caused by traffic closure.","1759594001030"
"2et8yxz5iu5mgcgtlnj","Should Q Street be closed to traffic during the farmers market?","i5t40vm7txdmgcgu4je","Closing Q Street might increase foot traffic, but it also creates significant logistical challenges for nearby business owners that need to be addressed.","1759594001031"
"2et8yxz5iu5mgcgtlnj","Should Q Street be closed to traffic during the farmers market?","xs61boxzerlmgcgu4je","Q Street should be closed to traffic during the farmers market to prioritize pedestrian safety and enhance the community experience.","1759594001032"
"2et8yxz5iu5mgcgtlnj","Should Q Street be closed to traffic during the farmers market?","i05n0mgvzrqmgcgu4je","Maintaining Q Street as a thoroughfare during the farmers market compromises both the vibrancy of the market and the quality of life for local residents.","1759594001033"
"2et8yxz5iu5mgcgtlnj","Should Q Street be closed to traffic during the farmers market?","24eqe01iok1mgcgu4je","A temporary closure of Q Street during market hours could serve as a model for future urban planning initiatives that promote livable spaces.","1759594001034"
"2et8yxz5iu5mgcgtlnj","Should Q Street be closed to traffic during the farmers market?","1j8xnumt1lzmgcgu4je","While some may argue that keeping Q Street open is necessary for traffic flow, the benefits of a car-free market environment far outweigh these concerns.","1759594001035"
"2et8yxz5iu5mgcgtlnj","Should Q Street be closed to traffic during the farmers market?","cpzsqkimh8fmgcgu4je","Q Street should be closed to traffic during the farmers market to enhance pedestrian safety and improve the overall experience for visitors.","1759594001036"
"2et8yxz5iu5mgcgtlnj","Should Q Street be closed to traffic during the farmers market?","2xgbligbzaumgcgu4je","The presence of cars on Q Street disrupts the flow of pedestrian traffic, making it difficult for market-goers to navigate and enjoy the event.","1759594001037"
"2et8yxz5iu5mgcgtlnj","Should Q Street be closed to traffic during the farmers market?","4e32xwsbathmgcgu4je","Allowing traffic on Q Street during the farmers market creates unnecessary conflicts between drivers and pedestrians, leading to a stressful environment for everyone involved.","1759594001038"
"2et8yxz5iu5mgcgtlnj","Should Q Street be closed to traffic during the farmers market?","8etpaa99kumgcgu4je","Closing Q Street would encourage more community engagement and support for local vendors by making the market more accessible and inviting.","1759594001039"
"2et8yxz5iu5mgcgtlnj","Should Q Street be closed to traffic during the farmers market?","873d4r39sw2mgcgvxyf","jlrkjejefk","1759594085799"
"lwztuj0px3mgcfpaj7","Should Q Street be closed to traffic during the farmers market?","j9qgpeyud7smgcfpw09","Q Street should be closed to traffic during the farmers market to ensure a safe and enjoyable shopping experience for families and vendors alike.","1759592123721"
"lwztuj0px3mgcfpaj7","Should Q Street be closed to traffic during the farmers market?","nhpdnsp3wjmgcfpw09","Allowing cars to drive through the farmers market creates unnecessary anxiety for shoppers, which can deter them from attending and supporting local vendors.","1759592123722"
"lwztuj0px3mgcfpaj7","Should Q Street be closed to traffic during the farmers market?","wd2xzmdp32mgcfpw09","While Q Street may have light traffic, the presence of vehicles during market hours disrupts the community atmosphere that a farmers market aims to foster.","1759592123723"
"lwztuj0px3mgcfpaj7","Should Q Street be closed to traffic during the farmers market?","c804zg5d89mgcfpw09","Closing Q Street would encourage more foot traffic and community engagement, benefiting both vendors and shoppers.","1759592123724"
"lwztuj0px3mgcfpaj7","Should Q Street be closed to traffic during the farmers market?","7d7jrnks86mgcfpw09","Q Street should remain open to traffic during the farmers market to ensure residents have convenient access to their homes.","1759592123725"
"lwztuj0px3mgcfpaj7","Should Q Street be closed to traffic during the farmers market?","lzhxjyfey5mgcfpw09","The farmers market already creates chaos on Q Street, and closing it to traffic would exacerbate the situation for local residents.","1759592123726"
"lwztuj0px3mgcfpaj7","Should Q Street be closed to traffic during the farmers market?","yfy6qpt4vfsmgcfpw09","Residents, especially those with mobility issues, should not be forced to navigate additional obstacles created by the farmers market.","1759592123727"
"lwztuj0px3mgcfpaj7","Should Q Street be closed to traffic during the farmers market?","3m3eg8mr91rmgcfpw09","Q Street should be closed to traffic during the farmers market to enhance the experience for vendors and customers, allowing for a more vibrant community gathering.","1759592123728"
"lwztuj0px3mgcfpaj7","Should Q Street be closed to traffic during the farmers market?","o6ur7bss68mgcfpw09","Residents living on Q Street deserve consideration and should have their concerns addressed regarding traffic and noise during the market.","1759592123729"
"lwztuj0px3mgcfpaj7","Should Q Street be closed to traffic during the farmers market?","9b5n3nhjqzkmgcfpw09","The farmers market can coexist with local traffic if proper planning and scheduling are implemented to minimize disruption for residents.","1759592123730"
"lwztuj0px3mgcfpaj7","Should Q Street be closed to traffic during the farmers market?","brhxdxqkz6imgcfpw09","Closing Q Street during the market could encourage more foot traffic and support local businesses, benefiting the entire community.","1759592123731"
"lwztuj0px3mgcfpaj7","Should Q Street be closed to traffic during the farmers market?","d9z2xj1bhxgmgcfpw09","A compromise should be sought that allows for both the farmers market's success and the residents' quality of life, possibly through limited traffic hours.","1759592123732"
"lwztuj0px3mgcfpaj7","Should Q Street be closed to traffic during the farmers market?","gpte6sawlunmgcfpw09","The closure of Q Street during the farmers market should be reconsidered to accommodate local businesses and their logistical needs.","1759592123733"
"lwztuj0px3mgcfpaj7","Should Q Street be closed to traffic during the farmers market?","1wpk2b8pl3jmgcfpw09","While the farmers market boosts foot traffic, it creates significant delivery challenges for nearby businesses on Saturday mornings.","1759592123734"
"lwztuj0px3mgcfpaj7","Should Q Street be closed to traffic during the farmers market?","p7i3h8ksd9mgcfpw09","Local businesses should have a say in decisions about street closures that directly impact their operations and customer accessibility.","1759592123735"
"lwztuj0px3mgcfpaj7","Should Q Street be closed to traffic during the farmers market?","amr89znrwshmgcfpw09","The benefits of increased foot traffic must be weighed against the potential harm to existing businesses struggling with supply chain issues.","1759592123736"
"lwztuj0px3mgcfpaj7","Should Q Street be closed to traffic during the farmers market?","exb5ps0oy5mgcfpw09","Q Street should be closed to traffic during the farmers market to create a safer and more enjoyable environment for pedestrians and vendors.","1759592123737"
"lwztuj0px3mgcfpaj7","Should Q Street be closed to traffic during the farmers market?","3jqgyi6mauamgcfpw09","Maintaining a one-way street through the farmers market undermines the potential for a vibrant public space that can benefit the community.","1759592123738"
"lwztuj0px3mgcfpaj7","Should Q Street be closed to traffic during the farmers market?","m4bakwes5lemgcfpw09","While some may argue that keeping Q Street open is necessary for traffic flow, the current compromise fails to address the needs of residents and market-goers alike.","1759592123739"
"lwztuj0px3mgcfpaj7","Should Q Street be closed to traffic during the farmers market?","6f8ucmxix9hmgcfpw09","Closing Q Street during the farmers market would prioritize community engagement and support local businesses by enhancing accessibility and foot traffic.","1759592123740"
"lwztuj0px3mgcfpaj7","Should Q Street be closed to traffic during the farmers market?","e0911jnlnsumgcfpw09","Q Street should be closed to traffic during the farmers market to prioritize pedestrian safety and enhance the overall experience for shoppers.","1759592123741"
"lwztuj0px3mgcfpaj7","Should Q Street be closed to traffic during the farmers market?","u3k3zjm9ffmgcfpw09","The minimal vehicle traffic during market hours indicates that closing Q Street would not significantly disrupt transportation needs in the area.","1759592123742"
"lwztuj0px3mgcfpaj7","Should Q Street be closed to traffic during the farmers market?","j2qvvk07ptjmgcfpw09","Allowing cars to pass through the farmers market creates unnecessary conflicts between drivers and pedestrians, leading to a dangerous environment.","1759592123743"
"lwztuj0px3mgcfpaj7","Should Q Street be closed to traffic during the farmers market?","8ugbkurdl0gmgcfpw09","The closure of Q Street would foster a more enjoyable and communal atmosphere, encouraging greater participation in local events.","1759592123744"
"jlxxbdu96jbmgcexgza","Should Q Street be closed to traffic during the farmers market?","ya2gtt8vw2amgcey76e","Q Street should be closed to traffic during farmers market hours to ensure the safety and comfort of shoppers and vendors alike.","1759590831830"
"jlxxbdu96jbmgcexgza","Should Q Street be closed to traffic during the farmers market?","78e2u32azzumgcey76e","Allowing cars to drive through the farmers market creates unnecessary anxiety for families and detracts from the overall experience of shopping for fresh produce.","1759590831831"
"jlxxbdu96jbmgcexgza","Should Q Street be closed to traffic during the farmers market?","62edfa0fn2smgcey76e","While Q Street may have light traffic, the presence of vehicles still poses a risk to pedestrians and disrupts the community atmosphere that a farmers market aims to foster.","1759590831832"
"jlxxbdu96jbmgcexgza","Should Q Street be closed to traffic during the farmers market?","8cxm3zqd5ummgcey76e","Closing Q Street could enhance the market's appeal, potentially increasing attendance and sales for vendors, benefiting the local economy.","1759590831833"
"jlxxbdu96jbmgcexgza","Should Q Street be closed to traffic during the farmers market?","mmn54hj5rcqmgcey76e","Q Street should remain open to traffic during the farmers market to ensure residents have convenient access to their homes.","1759590831834"
"jlxxbdu96jbmgcexgza","Should Q Street be closed to traffic during the farmers market?","hke0k8o3lddmgcey76e","Closing Q Street for the farmers market disregards the needs of long-term residents who rely on nearby parking.","1759590831835"
"jlxxbdu96jbmgcexgza","Should Q Street be closed to traffic during the farmers market?","vzhn0jo11bqmgcey76e","While farmers markets are beneficial for the community, they should not come at the expense of residents' daily lives and accessibility.","1759590831836"
"jlxxbdu96jbmgcexgza","Should Q Street be closed to traffic during the farmers market?","ao978rba8imgcey76e","Q Street should be closed to traffic during the farmers market to create a safer and more enjoyable environment for vendors and shoppers.","1759590831837"
"jlxxbdu96jbmgcexgza","Should Q Street be closed to traffic during the farmers market?","pbypv78lrfmgcey76e","Residents living on Q Street deserve consideration and should have their concerns addressed regarding traffic and noise during the farmers market.","1759590831838"
"jlxxbdu96jbmgcexgza","Should Q Street be closed to traffic during the farmers market?","a46u39f35himgcey76e","The farmers market should explore alternative locations or arrangements that can accommodate both the market's needs and the residents' quality of life.","1759590831839"
"jlxxbdu96jbmgcexgza","Should Q Street be closed to traffic during the farmers market?","olyswy7s00amgcey76e","Closing Q Street could enhance community engagement and support local businesses, fostering a stronger sense of community.","1759590831840"
"jlxxbdu96jbmgcexgza","Should Q Street be closed to traffic during the farmers market?","ab8grrk73ofmgcey76e","The current compromise of allowing traffic during the farmers market is not sustainable and needs to be reevaluated for the benefit of all stakeholders involved.","1759590831841"
"jlxxbdu96jbmgcexgza","Should Q Street be closed to traffic during the farmers market?","yhmfj3q05mgcey76e","Q Street should be closed to traffic during the farmers market to enhance the shopping experience for visitors and support local vendors.","1759590831842"
"jlxxbdu96jbmgcexgza","Should Q Street be closed to traffic during the farmers market?","111f35wamf2fmgcey76e","The closure of Q Street could negatively impact local businesses by making deliveries more difficult and deterring customers who prefer easy access.","1759590831843"
"jlxxbdu96jbmgcexgza","Should Q Street be closed to traffic during the farmers market?","peglcjxrt9mgcey76e","A compromise solution could involve limiting the closure hours to allow for morning deliveries while still accommodating the farmers market in the afternoon.","1759590831844"
"jlxxbdu96jbmgcexgza","Should Q Street be closed to traffic during the farmers market?","v03u4qtklihmgcey76e","The farmers market's benefits to foot traffic must be balanced against the logistical challenges faced by nearby business owners.","1759590831845"
"jlxxbdu96jbmgcexgza","Should Q Street be closed to traffic during the farmers market?","60kgtdis4i7mgcey76e","Q Street should be closed to traffic during the farmers market to create a safer and more enjoyable environment for pedestrians and vendors.","1759590831846"
"jlxxbdu96jbmgcexgza","Should Q Street be closed to traffic during the farmers market?","uczwah4t9ulmgcey76e","Maintaining Q Street as an open thoroughfare during the farmers market undermines the potential for community engagement and local economic growth.","1759590831847"
"jlxxbdu96jbmgcexgza","Should Q Street be closed to traffic during the farmers market?","htzfwrewdyomgcey76e","A temporary closure of Q Street for the farmers market could serve as a pilot program to assess the benefits of pedestrian-friendly spaces in urban planning.","1759590831848"
"jlxxbdu96jbmgcexgza","Should Q Street be closed to traffic during the farmers market?","dnaw3v01omfmgcey76e","The current compromise of keeping Q Street open with a traffic light fails to address the needs of both residents and market-goers, leading to dissatisfaction on all sides.","1759590831849"
"jlxxbdu96jbmgcexgza","Should Q Street be closed to traffic during the farmers market?","s6mma27ja4mgcey76e","Q Street should be closed to traffic during the farmers market to enhance pedestrian safety and improve the overall market experience.","1759590831850"
"jlxxbdu96jbmgcexgza","Should Q Street be closed to traffic during the farmers market?","m71vfrxfeemgcey76e","The minimal traffic observed during market hours suggests that closing Q Street will not significantly disrupt transportation or access to the area.","1759590831851"
"jlxxbdu96jbmgcexgza","Should Q Street be closed to traffic during the farmers market?","2k3u39hsb6mgcey76e","Allowing cars to pass through the farmers market creates dangerous situations and conflicts between drivers and pedestrians, which should be avoided.","1759590831852"
"jlxxbdu96jbmgcexgza","Should Q Street be closed to traffic during the farmers market?","q8rjfjcgf8mgcey76e","The closure of Q Street would encourage more community engagement and support for local vendors by creating a more inviting atmosphere.","1759590831853"
"n1rq5h22rfmgce3v72","should alex put off vanlife to focus on Heard?","l3x3uwopa4hmgceaagu","Alex should prioritize focusing on Heard over pursuing vanlife, as the distraction of planning and downsizing could hinder his progress.","1759589716349"
"n1rq5h22rfmgce3v72","should alex put off vanlife to focus on Heard?","fd1zcv1dd4kmgceaajg","The excitement of vanlife may lead to procrastination, making it essential for Alex to commit fully to his current project.","1759589716350"
"n1rq5h22rfmgce3v72","should alex put off vanlife to focus on Heard?","xnwh9phc668mgceaalf","Even if Alex decides to postpone moving, the temptation to research van options could detract from his focus on Heard.","1759589716351"
"n1rq5h22rfmgce3v72","should alex put off vanlife to focus on Heard?","mgcivxgrn28mgceaanl","Focusing on Heard now could lead to greater long-term benefits than the short-term thrill of vanlife.","1759589716352"
"n1rq5h22rfmgce3v72","should alex put off vanlife to focus on Heard?","94jpoihsatemgceaape","Alex should embrace vanlife as a means of reclaiming his independence and finding joy outside of his current situation.","1759589716353"
"n1rq5h22rfmgce3v72","should alex put off vanlife to focus on Heard?","sy9lrgrsqqmgceaar7","Prioritizing vanlife over focusing on Heard allows Alex to engage in a low-stakes adventure that can help him heal and move forward.","1759589716354"
"n1rq5h22rfmgce3v72","should alex put off vanlife to focus on Heard?","tmw1ktaz0umgceaasw","Staying in a depressing apartment filled with negative associations will hinder Alex's emotional recovery, making vanlife a necessary step for his well-being.","1759589716355"
"n1rq5h22rfmgce3v72","should alex put off vanlife to focus on Heard?","i1hcotzmcufmgceaauo","While focusing on Heard is important, the excitement and freedom of vanlife can provide Alex with the clarity and perspective needed for future decisions.","1759589716356"
"mmuqnv2vm0emgbi8npz","Should Q Street be closed to traffic during the farmers market?","b5p0gut014pmgbi950b","Q Street should be closed to traffic during farmers market hours to ensure the safety and comfort of families browsing the market.","1759535914907"
"mmuqnv2vm0emgbi8npz","Should Q Street be closed to traffic during the farmers market?","wmg3f0mox0emgbi957m","The presence of cars on Q Street creates unnecessary anxiety for shoppers and detracts from the overall experience of the farmers market.","1759535914908"
"mmuqnv2vm0emgbi8npz","Should Q Street be closed to traffic during the farmers market?","pj2uf4oqnojmgbi95dy","While Q Street is a small one-way street, any amount of car traffic can disrupt the flow of pedestrian activity and should be eliminated during market hours.","1759535914909"
"mmuqnv2vm0emgbi8npz","Should Q Street be closed to traffic during the farmers market?","6a48s8vt6m3mgbi95kj","Closing Q Street would enhance the community atmosphere and encourage more people to attend the farmers market, benefiting both vendors and shoppers alike.","1759535914910"
"mmuqnv2vm0emgbi8npz","Should Q Street be closed to traffic during the farmers market?","lr3ybnhhoomgbi95qv","Q Street should remain open to traffic during the farmers market to ensure residents have convenient access to their homes.","1759535914911"
"mmuqnv2vm0emgbi8npz","Should Q Street be closed to traffic during the farmers market?","673sw3zdbd7mgbi95wj","The farmers market creates significant disruption for local residents, and closing Q Street exacerbates the chaos.","1759535914912"
"mmuqnv2vm0emgbi8npz","Should Q Street be closed to traffic during the farmers market?","uqnazot8ycbmgbi962z","Alternative locations for the farmers market should be considered to minimize the impact on nearby residents.","1759535914913"
"mmuqnv2vm0emgbi8npz","Should Q Street be closed to traffic during the farmers market?","npo2y924ribmgbi9680","The needs of long-term residents, especially those with mobility concerns, should take precedence over temporary events like the farmers market.","1759535914914"
"mmuqnv2vm0emgbi8npz","Should Q Street be closed to traffic during the farmers market?","pkaj9f6xnehmgbi96d3","Q Street should be closed to traffic during the farmers market to create a safer and more enjoyable environment for vendors and customers.","1759535914915"
"mmuqnv2vm0emgbi8npz","Should Q Street be closed to traffic during the farmers market?","bpvruoudo7gmgbi96i3","Residents' concerns about traffic and accessibility must be addressed, and alternative solutions should be explored to minimize disruption to their daily lives.","1759535914916"
"mmuqnv2vm0emgbi8npz","Should Q Street be closed to traffic during the farmers market?","a9leeaaie7mgbi96mz","The farmers market is a vital community event that promotes local businesses and social interaction, and prioritizing public space for such events enhances community well-being.","1759535914917"
"mmuqnv2vm0emgbi8npz","Should Q Street be closed to traffic during the farmers market?","2sjyoxb8gt7mgbi96t0","A compromise could be reached by implementing designated traffic times or alternate routes for residents during market hours to alleviate their concerns while still supporting the market.","1759535914918"
"mmuqnv2vm0emgbi8npz","Should Q Street be closed to traffic during the farmers market?","y6tickgmmpamgbi96yi","The closure of Q Street during the farmers market should be reconsidered to accommodate local businesses that rely on timely deliveries and customer access.","1759535914919"
"mmuqnv2vm0emgbi8npz","Should Q Street be closed to traffic during the farmers market?","dhxlkw5hdjpmgbi974h","While the farmers market boosts foot traffic, the disruption it causes to nearby businesses on Saturday mornings cannot be overlooked.","1759535914920"
"mmuqnv2vm0emgbi8npz","Should Q Street be closed to traffic during the farmers market?","lxs0l8fmmhmgbi97aa","A compromise could be reached by limiting the market's hours or implementing a partial street closure to balance both community and business needs.","1759535914921"
"mmuqnv2vm0emgbi8npz","Should Q Street be closed to traffic during the farmers market?","2q91an0hjtymgbi97fb","The benefits of the farmers market should not come at the expense of local businesses struggling with logistical challenges.","1759535914922"
"mmuqnv2vm0emgbi8npz","Should Q Street be closed to traffic during the farmers market?","amzx1h30z8smgbi97l3","Q Street should be permanently closed to traffic during the farmers market to create a vibrant public space that prioritizes pedestrians and local vendors.","1759535914923"
"mmuqnv2vm0emgbi8npz","Should Q Street be closed to traffic during the farmers market?","xhzd8dxze1mgbi97qh","Keeping Q Street open to traffic undermines the potential for a thriving market atmosphere and fails to meet the needs of the community.","1759535914924"
"mmuqnv2vm0emgbi8npz","Should Q Street be closed to traffic during the farmers market?","lsdvxjyyf7fmgbi97x8","A compromise solution, such as limited traffic access during market hours, could provide a balance between vehicle access and a lively market environment.","1759535914925"
"mmuqnv2vm0emgbi8npz","Should Q Street be closed to traffic during the farmers market?","lwxoa0pt7zrmgbi983x","Closing Q Street to traffic would enhance safety for families and children who attend the farmers market, fostering a more inclusive community experience.","1759535914926"
"mmuqnv2vm0emgbi8npz","Should Q Street be closed to traffic during the farmers market?","0metb4ow0mrgmgbi98bl","The current traffic light arrangement is ineffective and does not support the vision of a human-scaled neighborhood that promotes social interaction and local commerce.","1759535914927"
"mmuqnv2vm0emgbi8npz","Should Q Street be closed to traffic during the farmers market?","x4i4x9sowxmgbi98lt","Q Street should be closed to traffic during the farmers market to enhance pedestrian safety and enjoyment.","1759535914928"
"mmuqnv2vm0emgbi8npz","Should Q Street be closed to traffic during the farmers market?","8lrjfpyd3p4mgbi98qs","The minimal traffic observed during market hours indicates that closing Q Street would not significantly disrupt local transportation.","1759535914929"
"mmuqnv2vm0emgbi8npz","Should Q Street be closed to traffic during the farmers market?","ppp12fu8whmmgbi98wr","Allowing cars to pass through the farmers market creates unnecessary conflicts and stress for both drivers and pedestrians.","1759535914930"
"mmuqnv2vm0emgbi8npz","Should Q Street be closed to traffic during the farmers market?","inawnak1r7mgbi992f","The closure of Q Street would improve the overall atmosphere of the farmers market, making it a more pleasant experience for shoppers and vendors alike.","1759535914931"
"nf7df858rfamgbhv1bi","Should Q Street be closed to traffic during the farmers market?","d62be9nd8s6mgbhvo30","Q Street should be closed to traffic during farmers market hours to ensure a safe and enjoyable shopping experience for families and vendors.","1759535286444"
"nf7df858rfamgbhv1bi","Should Q Street be closed to traffic during the farmers market?","py6woheugjmgbhvo30","The presence of cars on Q Street creates unnecessary anxiety for shoppers, detracting from the community atmosphere that the farmers market aims to foster.","1759535286445"
"nf7df858rfamgbhv1bi","Should Q Street be closed to traffic during the farmers market?","i0z7ib4r8aemgbhvo30","While Q Street may have light traffic, any vehicle presence can be disruptive and dangerous in a space meant for pedestrians and families.","1759535286446"
"nf7df858rfamgbhv1bi","Should Q Street be closed to traffic during the farmers market?","wjkd32zry99mgbhvo30","Closing Q Street to cars could enhance the overall success of the farmers market by attracting more visitors who feel safe browsing the stalls.","1759535286447"
"nf7df858rfamgbhv1bi","Should Q Street be closed to traffic during the farmers market?","e0t9awmrh15mgbhvo30","Q Street should remain open to traffic during the farmers market to ensure residents have convenient access to their homes.","1759535286448"
"nf7df858rfamgbhv1bi","Should Q Street be closed to traffic during the farmers market?","3b21qs6l84emgbhvo30","The potential chaos created by closing Q Street for the farmers market outweighs the benefits of having a market in the area.","1759535286449"
"nf7df858rfamgbhv1bi","Should Q Street be closed to traffic during the farmers market?","ueq3bouhdmmgbhvo30","Residents who live on Q Street should have priority in decisions about street closures that directly affect their daily lives.","1759535286450"
"nf7df858rfamgbhv1bi","Should Q Street be closed to traffic during the farmers market?","8ldbek1fkkcmgbhvo30","While farmers markets are valuable community events, they should not disrupt the lives of those who live nearby, especially seniors who rely on easy access to their homes.","1759535286451"
"nf7df858rfamgbhv1bi","Should Q Street be closed to traffic during the farmers market?","d8g8dyzsghgmgbhvo30","Q Street should be closed to traffic during the farmers market to create a safer and more enjoyable environment for vendors and shoppers.","1759535286452"
"nf7df858rfamgbhv1bi","Should Q Street be closed to traffic during the farmers market?","0aat4r21lzdmgbhvo30","Residents living on Q Street should have a say in how public space is utilized, balancing community events with their need for access and peace.","1759535286453"
"nf7df858rfamgbhv1bi","Should Q Street be closed to traffic during the farmers market?","rstdfvnlyvfmgbhvo30","The farmers market needs more space to thrive, and closing Q Street could enhance the overall experience for everyone involved.","1759535286454"
"nf7df858rfamgbhv1bi","Should Q Street be closed to traffic during the farmers market?","dmjorz3cc5mgbhvo30","Alternative solutions, such as designated traffic times or partial closures, should be explored to accommodate both the market and local residents.","1759535286455"
"nf7df858rfamgbhv1bi","Should Q Street be closed to traffic during the farmers market?","1cn8n3ih5njmgbhvo30","Q Street should remain open to traffic during the farmers market to ensure that local businesses can receive deliveries and maintain their operations without disruption.","1759535286456"
"nf7df858rfamgbhv1bi","Should Q Street be closed to traffic during the farmers market?","didmcz48onamgbhvo30","The farmers market brings valuable foot traffic to the area, which can benefit nearby businesses, but a balance must be struck to minimize logistical challenges.","1759535286457"
"nf7df858rfamgbhv1bi","Should Q Street be closed to traffic during the farmers market?","y8d53qsd39bmgbhvo30","Closing Q Street for the farmers market may create more problems for local businesses than it solves, as customer complaints about access and delivery issues could outweigh the benefits of increased foot traffic.","1759535286458"
"nf7df858rfamgbhv1bi","Should Q Street be closed to traffic during the farmers market?","oxfbf32spammgbhvo30","Q Street should be closed to traffic during the farmers market to enhance the community experience and promote local businesses.","1759535286459"
"nf7df858rfamgbhv1bi","Should Q Street be closed to traffic during the farmers market?","kozvjnidssmgbhvo30","Keeping Q Street open during the farmers market compromises both pedestrian safety and the potential for a vibrant public space.","1759535286460"
"nf7df858rfamgbhv1bi","Should Q Street be closed to traffic during the farmers market?","tf3vbfmsgxmgbhvo30","A temporary closure of Q Street could serve as a pilot program to assess the benefits of car-free zones in residential neighborhoods.","1759535286461"
"nf7df858rfamgbhv1bi","Should Q Street be closed to traffic during the farmers market?","4q9hr9cfcpemgbhvo30","While some residents may rely on Q Street for access, the overall benefits of a closed market space outweigh the inconveniences of detouring traffic.","1759535286462"
"nf7df858rfamgbhv1bi","Should Q Street be closed to traffic during the farmers market?","gvvl9azsp2hmgbhvo30","Q Street should be closed to traffic during the farmers market to ensure the safety and comfort of pedestrians.","1759535286463"
"nf7df858rfamgbhv1bi","Should Q Street be closed to traffic during the farmers market?","edbe0xct0iemgbhvo30","The minimal traffic observed during market hours does not justify the disruption and danger posed by vehicles.","1759535286464"
"nf7df858rfamgbhv1bi","Should Q Street be closed to traffic during the farmers market?","8jgmgaj93kjmgbhvo30","Allowing cars on Q Street during the farmers market leads to unnecessary conflicts between drivers and pedestrians, which detracts from the community experience.","1759535286465"
"nf7df858rfamgbhv1bi","Should Q Street be closed to traffic during the farmers market?","ig8x4bcarzmgbhvo30","Closing Q Street would enhance the overall atmosphere of the farmers market, making it a more enjoyable space for shoppers and vendors alike.","1759535286466"
"iidz25p2fwqmgbgrm01","Should Q Street be closed to traffic during the farmers market?","rf063ae3zmmgbgrv5w","testsdf","1759533429380"
"z0oy8lsmanmgbgemqv","Should Q Street be closed to traffic during the farmers market?","m09pxz6o0omgbghq7e","Statement 1: Q Street should be closed to traffic during farmers market hours to ensure the safety and comfort of shoppers, particularly families with children, who deserve a stress-free environment to browse and enjoy local produce.","1759532956394"
"z0oy8lsmanmgbgemqv","Should Q Street be closed to traffic during the farmers market?","uayaa3hyb9mgbghqe8","Statement 2: While Q Street may have light traffic, any vehicle presence can create anxiety for market-goers, making it essential to prioritize pedestrian safety over minimal vehicular access during the market.","1759532956395"
"z0oy8lsmanmgbgemqv","Should Q Street be closed to traffic during the farmers market?","1rvyee06rwrmgbghql2","Statement 3: Closing Q Street could enhance the overall experience of the farmers market, potentially increasing foot traffic and sales for vendors, which is vital for the local economy and community engagement.","1759532956396"
"z0oy8lsmanmgbgemqv","Should Q Street be closed to traffic during the farmers market?","f07xw8u3plmgbghqs1","Statement 4: However, we should consider the implications of closing the street on local residents and businesses, ensuring that alternative access routes are communicated effectively to minimize disruption.","1759532956397"
"z0oy8lsmanmgbgemqv","Should Q Street be closed to traffic during the farmers market?","2uotk3f4ko6mgbghqyw","Statement 1: Q Street should remain open to traffic during the farmers market to ensure residents have convenient access to their homes and parking.","1759532956398"
"z0oy8lsmanmgbgemqv","Should Q Street be closed to traffic during the farmers market?","fxdxbaaid67mgbghr59","Statement 2: Closing Q Street for the farmers market creates unnecessary chaos and inconvenience for the residents who live there, particularly for those with mobility issues.","1759532956399"
"z0oy8lsmanmgbgemqv","Should Q Street be closed to traffic during the farmers market?","ht9ytsugsksmgbghrch","Statement 3: While the farmers market provides community benefits, it should not come at the expense of residents' daily lives and access to their homes.","1759532956400"
"z0oy8lsmanmgbgemqv","Should Q Street be closed to traffic during the farmers market?","oxcgah8e9xmgbghrit","Statement 4: Alternative solutions, such as designated parking areas or limited traffic restrictions, should be explored instead of a complete street closure.","1759532956401"
"z0oy8lsmanmgbgemqv","Should Q Street be closed to traffic during the farmers market?","fikkop6j3jmgbghrqh","Statement 1: Q Street should be closed to traffic during the farmers market to create a safer and more enjoyable environment for both vendors and shoppers, enhancing community engagement.","1759532956402"
"z0oy8lsmanmgbgemqv","Should Q Street be closed to traffic during the farmers market?","dmw9l9plwkmgbghrya","Statement 2: While the farmers market is beneficial for the community, we must consider the needs of residents living on Q Street, who may be adversely affected by the closure.","1759532956403"
"z0oy8lsmanmgbgemqv","Should Q Street be closed to traffic during the farmers market?","45rw2ori20nmgbghs6s","Statement 3: A compromise could be reached by limiting traffic on Q Street during peak market hours, allowing for both community activities and resident access.","1759532956404"
"z0oy8lsmanmgbgemqv","Should Q Street be closed to traffic during the farmers market?","h1d1gkq69xemgbghsdf","Statement 4: The farmers market should prioritize pedestrian space to foster a vibrant community atmosphere, even if it means inconveniencing some local residents.","1759532956405"
"z0oy8lsmanmgbgemqv","Should Q Street be closed to traffic during the farmers market?","1gzlzggygazhmgbghsln","Statement 5: We need to explore alternative solutions, such as designated parking areas or shuttle services, to minimize the impact on residents while still supporting the farmers market.","1759532956406"
"z0oy8lsmanmgbgemqv","Should Q Street be closed to traffic during the farmers market?","xnmfx83jlxdmgbghssm","Statement 1: Q Street should remain open to traffic during the farmers market to ensure that local businesses can receive deliveries and maintain their regular operations without disruption.","1759532956407"
"z0oy8lsmanmgbgemqv","Should Q Street be closed to traffic during the farmers market?","p6vtgu9ehwmgbghszf","Statement 2: While the farmers market increases foot traffic, the inconvenience it causes to nearby businesses on Saturday mornings outweighs the benefits of the event.","1759532956408"
"z0oy8lsmanmgbgemqv","Should Q Street be closed to traffic during the farmers market?","2l0jlp3gf7tmgbght64","Statement 3: A compromise could be reached by limiting the closure of Q Street to certain hours, allowing for both the farmers market to thrive and businesses to operate smoothly.","1759532956409"
"z0oy8lsmanmgbgemqv","Should Q Street be closed to traffic during the farmers market?","ue33j9dkubmmgbghtbd","Statement 4: The farmers market is an important community event, but it should be organized in a way that minimizes negative impacts on local businesses, such as providing designated delivery times.","1759532956410"
"z0oy8lsmanmgbgemqv","Should Q Street be closed to traffic during the farmers market?","dsezl01jcmvmgbghtik","Statement 1: Q Street should be closed to traffic during the farmers market to enhance pedestrian safety and create a vibrant community space that encourages local commerce and social interaction.","1759532956411"
"z0oy8lsmanmgbgemqv","Should Q Street be closed to traffic during the farmers market?","85sn4u0kzbfmgbghtov","Statement 2: Keeping Q Street open with a traffic light compromises both the flow of traffic and the experience of market-goers, ultimately failing to meet the needs of either group.","1759532956412"
"z0oy8lsmanmgbgemqv","Should Q Street be closed to traffic during the farmers market?","bwiccuz1zramgbghtvo","Statement 3: While some may argue that closing Q Street could inconvenience drivers, the benefits of a car-free market space, including reduced noise and pollution, outweigh these concerns.","1759532956413"
"z0oy8lsmanmgbgemqv","Should Q Street be closed to traffic during the farmers market?","5u88eu12okcmgbghu12","Statement 4: A temporary closure of Q Street during the farmers market could serve as a pilot program to test the potential for more permanent pedestrian-friendly initiatives in the neighborhood.","1759532956414"
"z0oy8lsmanmgbgemqv","Should Q Street be closed to traffic during the farmers market?","zu5rj0n6v2omgbghu71","Statement 1: Q Street should be closed to traffic during the farmers market to enhance pedestrian safety and improve the overall experience for market-goers.","1759532956415"
"z0oy8lsmanmgbgemqv","Should Q Street be closed to traffic during the farmers market?","nk68y0utnrmgbghue3","Statement 2: The minimal traffic observed during market hours indicates that closing Q Street would not significantly disrupt transportation, making it a reasonable decision for community well-being.","1759532956416"
"z0oy8lsmanmgbgemqv","Should Q Street be closed to traffic during the farmers market?","5c76mx3ghgamgbghukh","Statement 3: Allowing cars to pass through Q Street during the farmers market creates unnecessary conflicts between drivers and pedestrians, detracting from the market's atmosphere and safety.","1759532956417"
"z0oy8lsmanmgbgemqv","Should Q Street be closed to traffic during the farmers market?","6nus2y14pjrmgbghupz","Statement 4: While some may argue that keeping Q Street open maintains traffic flow, the benefits of a pedestrian-only environment during the market far outweigh the inconvenience of a few cars being rerouted.","1759532956418"
"0fgxpp5ylcnmgbeaqn1","Should Q Street be closed to traffic during the farmers market?","dngie1w2ushmgbedo6a","Closing Q Street during market hours would improve shopper safety.","1759529407905"
"0fgxpp5ylcnmgbeaqn1","Should Q Street be closed to traffic during the farmers market?","9fim6exbrwemgbedoba","Q Street residents should have a say in whether the street is closed during the market.","1759529407906"
"0fgxpp5ylcnmgbeaqn1","Should Q Street be closed to traffic during the farmers market?","v5wo9wubh38mgbedogt","Closing Q Street to traffic would transform the market into a proper community gathering space.","1759529407907"
"0fgxpp5ylcnmgbeaqn1","Should Q Street be closed to traffic during the farmers market?","5387bwcemtumgbedolw","Closing Q Street would inconvenience residents who need vehicle access.","1759529407908"
"0fgxpp5ylcnmgbeaqn1","Should Q Street be closed to traffic during the farmers market?","7kz9kp6dgeomgbedoqs","The farmers market can find another location instead of taking over a residential street.","1759529407909"
"0fgxpp5ylcnmgbeaqn1","Should Q Street be closed to traffic during the farmers market?","ut0nf6s2rkmgbedovv","The market brings life and community connection to the area and should be prioritized.","1759529407910"
"0fgxpp5ylcnmgbeaqn1","Should Q Street be closed to traffic during the farmers market?","rwv5tdfpq08mgbedp0z","Designated market hours with resident-only access permits could be a feasible solution.","1759529407911"
"0fgxpp5ylcnmgbeaqn1","Should Q Street be closed to traffic during the farmers market?","3kof25strs5mgbedp5h","Alternative parking options for residents during market hours should be provided if the street is closed.","1759529407912"
"0fgxpp5ylcnmgbeaqn1","Should Q Street be closed to traffic during the farmers market?","izf39b0vyn9mgbedpa3","Businesses near Q Street could benefit from increased foot traffic due to the market.","1759529407913"
"0fgxpp5ylcnmgbeaqn1","Should Q Street be closed to traffic during the farmers market?","ex4xakls7qlmgbedpet","The street closure could create logistical problems for local businesses.","1759529407914"
"0fgxpp5ylcnmgbeaqn1","Should Q Street be closed to traffic during the farmers market?","wszmo13xitmgbedpjt","The current setup of Q Street is not ideal for any party involved.","1759529407915"
"0fgxpp5ylcnmgbeaqn1","Should Q Street be closed to traffic during the farmers market?","07oz8denjfqdmgbedpod","The farmers market has the right to expand and utilize public space for community benefit.","1759529407916"
"0fgxpp5ylcnmgbeaqn1","Should Q Street be closed to traffic during the farmers market?","qyj93gsj2s9mgbedpt7","Flexible street designs that adapt to different uses throughout the week could solve the issue.","1759529407917"
"0fgxpp5ylcnmgbeaqn1","Should Q Street be closed to traffic during the farmers market?","9zvpn7cdpvomgbedpxq","Closing Q Street to traffic would disrupt the usual flow and accessibility for the residents.","1759529407918"
"0fgxpp5ylcnmgbeaqn1","Should Q Street be closed to traffic during the farmers market?","xv43ug8qckmgbedq23","Closing Q Street to traffic would create a more pleasant and uninterrupted shopping experience.","1759529407919"
"0fgxpp5ylcnmgbeaqn1","Should Q Street be closed to traffic during the farmers market?","yaako2xz7edmgbedq76","The farmers market is too large and creates chaos for Q Street residents.","1759529407920"
"0fgxpp5ylcnmgbeaqn1","Should Q Street be closed to traffic during the farmers market?","dc0vf8sn0lsmgbedqbr","The occasional inconvenience caused by street closure is worth the benefits of a thriving farmers market.","1759529407921"
"0fgxpp5ylcnmgbeaqn1","Should Q Street be closed to traffic during the farmers market?","aekbtviwu06mgbedqg6","Emergency access and resident parking should be prioritized over market convenience.","1759529407922"
"0fgxpp5ylcnmgbeaqn1","Should Q Street be closed to traffic during the farmers market?","magdl6tuepmgbedqlf","The closure of Q Street could potentially boost local businesses.","1759529407923"
"0fgxpp5ylcnmgbeaqn1","Should Q Street be closed to traffic during the farmers market?","zcnz6h003gnmgbedqpy","The closure of Q Street could lead to increased parking and traffic problems for local businesses.","1759529407924"
"dpxnhk8dq7mgb3i16f","Should Q Street be closed to traffic during the farmers market?","i5sc0z5fqhpmgb3k675","Closing Q Street during the farmers market makes it safer for kids and families.","1759511235425"
"dpxnhk8dq7mgb3i16f","Should Q Street be closed to traffic during the farmers market?","dhlk736yk1mgb3k6dv","A full street closure is necessary to maximize market vitality and vendor profits.","1759511235426"
"dpxnhk8dq7mgb3i16f","Should Q Street be closed to traffic during the farmers market?","2e1uqi2owjcmgb3k6iy","Residents should be able to park and access their buildings during market hours, even if some market access is limited.","1759511235427"
"dpxnhk8dq7mgb3i16f","Should Q Street be closed to traffic during the farmers market?","px9hbvmvazgmgb3k6og","Partial closures, with half the street closed and loading zones available, can balance safety and mobility.","1759511235428"
"dpxnhk8dq7mgb3i16f","Should Q Street be closed to traffic during the farmers market?","4szeamdok0emgb3k6uf","Emergency vehicles must have guaranteed access through the market area at all times.","1759511235429"
"dpxnhk8dq7mgb3i16f","Should Q Street be closed to traffic during the farmers market?","ulmvju8spgdmgb3k6zi","Moving the market to a park would better serve residents and avoid street disruption.","1759511235430"
"dpxnhk8dq7mgb3i16f","Should Q Street be closed to traffic during the farmers market?","wb93kuxq23hmgb3k751","A temporary pilot closure on a few Saturdays is a sensible way to evaluate impacts before committing.","1759511235431"
"dpxnhk8dq7mgb3i16f","Should Q Street be closed to traffic during the farmers market?","4zskbd7u31dmgb3k7b4","Improving pedestrian infrastructure (crosswalks, curb ramps) can address mobility concerns while keeping the street open.","1759511235432"
"dpxnhk8dq7mgb3i16f","Should Q Street be closed to traffic during the farmers market?","w06djvxof79mgb3k7fs","Market hours and layout should be adjusted to reduce disruption to residents.","1759511235433"
"dpxnhk8dq7mgb3i16f","Should Q Street be closed to traffic during the farmers market?","burjol7cd2gmgb3k7m2","The economic benefits of the market justify neighborhood disruption.","1759511235434"
"dpxnhk8dq7mgb3i16f","Should Q Street be closed to traffic during the farmers market?","3ww39cdyfg4mgb3k7qy","There should be dedicated resident loading zones to help deliveries and childcare drop-offs.","1759511235435"
"dpxnhk8dq7mgb3i16f","Should Q Street be closed to traffic during the farmers market?","g16jc7vf61mgb3k7vx","Public transit and shuttle services can replace some car trips to the market.","1759511235436"
"dpxnhk8dq7mgb3i16f","Should Q Street be closed to traffic during the farmers market?","c15y1onv5pumgb3k82t","The market activation on Q Street contributes to healthier, more connected communities.","1759511235437"
"dpxnhk8dq7mgb3i16f","Should Q Street be closed to traffic during the farmers market?","mf3qrkkzf6emgb3k87t","Car-centric street design leads to isolation and weak local economies.","1759511235438"
"dpxnhk8dq7mgb3i16f","Should Q Street be closed to traffic during the farmers market?","e3mmoryqdiamgb3k8d7","The plan should include multiple alternative market locations to reduce neighborhood burden.","1759511235439"
"dpxnhk8dq7mgb3i16f","Should Q Street be closed to traffic during the farmers market?","vs9ijgxz8o9mgb3k8ji","The city should designate a single transportation plan for market days and stick to it.","1759511235440"
"dpxnhk8dq7mgb3i16f","Should Q Street be closed to traffic during the farmers market?","xl4r94gd2kjmgb3k8p6","Market traffic stays light during peak times, so closures are unnecessary.","1759511235441"
"dpxnhk8dq7mgb3i16f","Should Q Street be closed to traffic during the farmers market?","kb4kxqnav8mgb3k8ul","The benefits to local vendors and small businesses outweigh temporary inconvenience for drivers.","1759511235442"
"dpxnhk8dq7mgb3i16f","Should Q Street be closed to traffic during the farmers market?","tisghyvxmgb3k908","The decision on closure should be made via a formal pilot with measurable metrics.","1759511235443"
"dpxnhk8dq7mgb3i16f","Should Q Street be closed to traffic during the farmers market?","sdm612brr8mgb3k96o","Residents’ accessibility concerns should be addressed with better mobility options rather than denying market access.","1759511235444"
"dpxnhk8dq7mgb3i16f","Should Q Street be closed to traffic during the farmers market?","svq56urpmkmgb3k9c8","The market can be scaled up with better layouts to reduce crowding without closing the street.","1759511235445"
"dpxnhk8dq7mgb3i16f","Should Q Street be closed to traffic during the farmers market?","c5gd6da52cbmgb3k9i0","If the market moved off the street, street life would suffer.","1759511235446"
"dpxnhk8dq7mgb3i16f","Should Q Street be closed to traffic during the farmers market?","yyb71gq4mmmgb3k9n2","The plan should explicitly consider emergency vehicle routing and access in any layout.","1759511235447"
"dpxnhk8dq7mgb3i16f","Should Q Street be closed to traffic during the farmers market?","1obhlhcukxsmgb3k9s6","The voices of long-time residents should be weighed as heavily as those of market vendors.","1759511235448"
"cw6t3wpouztmgb3d5ng","Should Q Street be closed to traffic during the farmers market?","fme2f0rkmwmgb3ejqh","Fully closing Q Street to traffic on market days is necessary to protect pedestrians and boost market vitality.","1759510973033"
"cw6t3wpouztmgb3d5ng","Should Q Street be closed to traffic during the farmers market?","p8nlsi4gs4imgb3ejzm","Implement a partial closure with loading zones and designated car-free segments to balance safety and resident access.","1759510973034"
"cw6t3wpouztmgb3d5ng","Should Q Street be closed to traffic during the farmers market?","3yw5za9ok4mgb3ek6n","Emergency services must have unimpeded access during market hours.","1759510973035"
"cw6t3wpouztmgb3d5ng","Should Q Street be closed to traffic during the farmers market?","wvqpi2n69zmgb3ekeo","The street closure primarily benefits the community's health and social cohesion, justifying the disruption to drivers.","1759510973036"
"cw6t3wpouztmgb3d5ng","Should Q Street be closed to traffic during the farmers market?","nqt9jf7injgmgb3ekmc","Redesign Q Street to be multimodal and car-dominant-free during market hours rather than relying on full street closure.","1759510973037"
"cw6t3wpouztmgb3d5ng","Should Q Street be closed to traffic during the farmers market?","3jx71evq12omgb3eksm","A temporary, time-limited closure during market hours is sufficient to achieve safety without harming residents.","1759510973038"
"cw6t3wpouztmgb3d5ng","Should Q Street be closed to traffic during the farmers market?","qfxkyzk0km8mgb3ekze","A city-funded shuttle or mobile market option should be provided to reach residents who cannot attend the market.","1759510973039"
"cw6t3wpouztmgb3d5ng","Should Q Street be closed to traffic during the farmers market?","2wfu1urxc6fmgb3el5k","Relocating the market to a nearby park would prevent street disruption and still serve the community.","1759510973040"
"cw6t3wpouztmgb3d5ng","Should Q Street be closed to traffic during the farmers market?","yl7f6x0l5jmgb3elc8","The market's economic and social benefits justify the level of disruption to street access.","1759510973041"
"cw6t3wpouztmgb3d5ng","Should Q Street be closed to traffic during the farmers market?","gtkbscs22o4mgb3em48","Clear, obstacle-free routes for emergency vehicles must be guaranteed during market hours.","1759510973042"
"cw6t3wpouztmgb3d5ng","Should Q Street be closed to traffic during the farmers market?","l400o452g5mgb3emda","Accommodations for mobility-impaired residents should be provided without requiring full street closure.","1759510973043"
"cw6t3wpouztmgb3d5ng","Should Q Street be closed to traffic during the farmers market?","cvop61x2yq5mgb3emk4","The closure risks gentrification and displacement of long-time residents; equity-focused planning is needed.","1759510973044"
"cw6t3wpouztmgb3d5ng","Should Q Street be closed to traffic during the farmers market?","s72wn60w8uqmgb3emrg","Visible signage and thoughtful traffic routing can reduce disruption for residents and visitors.","1759510973045"
"cw6t3wpouztmgb3d5ng","Should Q Street be closed to traffic during the farmers market?","6uef2qeaff5mgb3emzh","Decisions about street use should be made through inclusive, participatory processes with vendors and residents.","1759510973046"
"cw6t3wpouztmgb3d5ng","Should Q Street be closed to traffic during the farmers market?","cuj273hiv14mgb3en76","The market should adopt a flexible, evolving plan for street use that can adapt based on feedback.","1759510973047"
"cw6t3wpouztmgb3d5ng","Should Q Street be closed to traffic during the farmers market?","63z2zzysmwnmgb3enf5","Better parking alternatives for locals should be implemented to offset the closure's impact on access.","1759510973048"
"cw6t3wpouztmgb3d5ng","Should Q Street be closed to traffic during the farmers market?","i8q0oc0n02mgb3enon","Closing Q Street aligns with a broader move toward walkable, climate-friendly cities.","1759510973049"
"cw6t3wpouztmgb3d5ng","Should Q Street be closed to traffic during the farmers market?","5m5rim17fhfmgb3eo1x","Residents should not bear the burden of closure without protected routes and services.","1759510973050"
"cw6t3wpouztmgb3d5ng","Should Q Street be closed to traffic during the farmers market?","c4v5v5o03p9mgb3eo90","Rescheduling or repositioning the market to a different day could minimize conflicts.","1759510973051"
"cw6t3wpouztmgb3d5ng","Should Q Street be closed to traffic during the farmers market?","z1ht7hpaqsomgb3eoi6","The market should implement family-friendly safety measures (fencing, supervision, signals) to ease concerns.","1759510973052"
"cw6t3wpouztmgb3d5ng","Should Q Street be closed to traffic during the farmers market?","cz6ieeixanumgb3eor1","Pilot a one-block closure experiment before extending to the entire street.","1759510973053"
"cw6t3wpouztmgb3d5ng","Should Q Street be closed to traffic during the farmers market?","o3o1ecqc7amgb3eozv","On market days, only pedestrians and local traffic are allowed on Q Street, with other through traffic diverted.","1759510973054"
"12a5dpi26bpmgb2puqh","Should Q Street be closed to traffic during the farmers market?","6d3vak7oplnmgb2swb6","The street should be fully closed to vehicular traffic during farmers market hours to create a safe pedestrian space.","1759509962898"
"12a5dpi26bpmgb2puqh","Should Q Street be closed to traffic during the farmers market?","6jlqqyhu22cmgb2swj2","Closing Q Street benefits vendors and shoppers by increasing safety and sales.","1759509962899"
"12a5dpi26bpmgb2puqh","Should Q Street be closed to traffic during the farmers market?","2lw39v62dirmgb2swr8","Residents on Q Street should have priority access and parking despite market closures.","1759509962900"
"12a5dpi26bpmgb2puqh","Should Q Street be closed to traffic during the farmers market?","q9t1wv8tnqmgb2swy9","The market closure plan should include a scalable compromise, such as half-street closures or loading zones.","1759509962901"
"12a5dpi26bpmgb2puqh","Should Q Street be closed to traffic during the farmers market?","si09fijtj88mgb2sx5g","Emergency services should be prioritized; if closures hinder emergency access, alternatives must be found.","1759509962902"
"12a5dpi26bpmgb2puqh","Should Q Street be closed to traffic during the farmers market?","eth5s1kt1dnmgb2sxch","Car-centric urban design harms community vitality; reclaiming street space is the right move.","1759509962903"
"12a5dpi26bpmgb2puqh","Should Q Street be closed to traffic during the farmers market?","lnu116791imgb2sxk4","The market could operate in a nearby park if the street remains open, preserving resident access.","1759509962904"
"12a5dpi26bpmgb2puqh","Should Q Street be closed to traffic during the farmers market?","x8cbu55aramgb2sxr3","Vendors’ sales increase when the street is closed, according to market experience.","1759509962905"
"12a5dpi26bpmgb2puqh","Should Q Street be closed to traffic during the farmers market?","533vmpxuh2mgb2sxyd","Public transit and shuttle options can mitigate accessibility concerns without closing the street.","1759509962906"
"12a5dpi26bpmgb2puqh","Should Q Street be closed to traffic during the farmers market?","523ptt3mgvjmgb2sy5r","Street closures are a form of gentrification that risks displacing long-time residents.","1759509962907"
"12a5dpi26bpmgb2puqh","Should Q Street be closed to traffic during the farmers market?","5djfp63p1inmgb2sycc","The market adds vibrancy and social connection, which improves neighborhood health.","1759509962908"
"12a5dpi26bpmgb2puqh","Should Q Street be closed to traffic during the farmers market?","033ttxgkezarmgb2syj7","Local businesses suffer due to delivery challenges and parking restrictions during market hours.","1759509962909"
"12a5dpi26bpmgb2puqh","Should Q Street be closed to traffic during the farmers market?","eh4zne27vlimgb2syq8","A mixed-use approach (partially closed street, dedicated loading zones) can balance goals.","1759509962910"
"12a5dpi26bpmgb2puqh","Should Q Street be closed to traffic during the farmers market?","2sf8isaxya6mgb2sywq","The city should conduct a formal impact assessment before implementing closures.","1759509962911"
"12a5dpi26bpmgb2puqh","Should Q Street be closed to traffic during the farmers market?","6ysx094xekamgb2sz51","Residents should be consulted and given a voice in schedule design and layout.","1759509962912"
"12a5dpi26bpmgb2puqh","Should Q Street be closed to traffic during the farmers market?","60s7ekyaefnmgb2szcc","The market should be relocated entirely to a nearby park to avoid street disruptions.","1759509962913"
"12a5dpi26bpmgb2puqh","Should Q Street be closed to traffic during the farmers market?","dxlag73g9hamgb2szm0","The current closure plan inadequately accounts for emergency vehicle routes.","1759509962914"
"12a5dpi26bpmgb2puqh","Should Q Street be closed to traffic during the farmers market?","hmwjkwvzom9mgb2sztl","Market organizers should coordinate with businesses for deliveries and signage.","1759509962915"
"12a5dpi26bpmgb2puqh","Should Q Street be closed to traffic during the farmers market?","cpjsju0l85kmgb2t01x","The presence of the market on Q Street has positive effects on local economies beyond vendors.","1759509962916"
"12a5dpi26bpmgb2puqh","Should Q Street be closed to traffic during the farmers market?","ikk7mahkvkmgb2t092","The pedestrian-first approach is essential for long-term urban health.","1759509962917"
"12a5dpi26bpmgb2puqh","Should Q Street be closed to traffic during the farmers market?","udhyg34v5njmgb2t0gc","The lack of buses during market hours suggests the policy is out of step with transit planning.","1759509962918"
"12a5dpi26bpmgb2puqh","Should Q Street be closed to traffic during the farmers market?","ecpd2vzef3gmgb2t0na","The market's perceived safety before vs after closure is a key factor.","1759509962919"
"12a5dpi26bpmgb2puqh","Should Q Street be closed to traffic during the farmers market?","cn7cs48zcvnmgb2t0tw","There is a risk of social division if only residents or only visitors benefit.","1759509962920"
"12a5dpi26bpmgb2puqh","Should Q Street be closed to traffic during the farmers market?","et7utx2t91dmgb2t10i","A staged pilot program could test different configurations before permanent changes.","1759509962921"
"7h4jkv3uybomgb29f0p","Should Q Street be closed to traffic during the farmers market?","8lhwbdkazyumgb2bhnq","The closure of Q Street for the farmers market increases vendor sales and fosters community engagement.","1759509150758"
"7h4jkv3uybomgb29f0p","Should Q Street be closed to traffic during the farmers market?","xhutcb57ujmgb2bhty","The street closure during the farmers market poses significant inconvenience to the residents of Q Street, particularly the elderly and those with mobility issues.","1759509150759"
"7h4jkv3uybomgb29f0p","Should Q Street be closed to traffic during the farmers market?","t85tp8ghuumgb2bi03","The farmers market should consider alternative locations, like nearby parks, to avoid disrupting traffic and resident accessibility.","1759509150760"
"7h4jkv3uybomgb29f0p","Should Q Street be closed to traffic during the farmers market?","hov9yhmqx4lmgb2bi5s","The street closure enhances safety for families and children visiting the farmers market.","1759509150761"
"7h4jkv3uybomgb29f0p","Should Q Street be closed to traffic during the farmers market?","w5smq0f1acomgb2bibc","The farmers market contributes to gentrification by prioritizing the needs of visitors over the needs of longtime residents.","1759509150762"
"7h4jkv3uybomgb29f0p","Should Q Street be closed to traffic during the farmers market?","1e57ofrxv9umgb2bihh","The street closure can create delays for emergency vehicles trying to reach residents.","1759509150763"
"7h4jkv3uybomgb29f0p","Should Q Street be closed to traffic during the farmers market?","rax4tax80tjmgb2binw","The street closure for the farmers market potentially boosts foot traffic for local businesses.","1759509150764"
"7h4jkv3uybomgb29f0p","Should Q Street be closed to traffic during the farmers market?","j0ha7n0525amgb2biuj","The street closure affects operational efficiency of local businesses due to delivery and parking issues.","1759509150765"
"7h4jkv3uybomgb29f0p","Should Q Street be closed to traffic during the farmers market?","3n5mt930idmmgb2bj1f","Better signage and reserved parking for local businesses could alleviate some of the challenges caused by the street closure.","1759509150766"
"7h4jkv3uybomgb29f0p","Should Q Street be closed to traffic during the farmers market?","07stx962a4nmgb2bj6w","Exploring compromises like partial street closures or dedicated loading zones could balance the needs of both residents and the farmers market.","1759509150767"
"7h4jkv3uybomgb29f0p","Should Q Street be closed to traffic during the farmers market?","esfgzj44r06mgb2bjcn","Better public transit and pedestrian infrastructure could alleviate the need for car access during the farmers market.","1759509150768"
"7h4jkv3uybomgb29f0p","Should Q Street be closed to traffic during the farmers market?","m9m6xma9p7mgb2bji0","The farmers market transforms Q Street into a vibrant public space that builds social capital.","1759509150769"
"7h4jkv3uybomgb29f0p","Should Q Street be closed to traffic during the farmers market?","t81dhnuxsmgb2bjnf","The inconvenience of traffic diversions is a small price to pay for a more livable, walkable neighborhood.","1759509150770"
"7h4jkv3uybomgb29f0p","Should Q Street be closed to traffic during the farmers market?","a990xbtz1ibmgb2bjtm","The current street closure system for the farmers market was not effectively designed considering the operational challenges of local businesses.","1759509150771"
"7h4jkv3uybomgb29f0p","Should Q Street be closed to traffic during the farmers market?","kwy2z9bfio9mgb2bk0x","The farmers market does not significantly disrupt traffic as there are limited cars passing through during its operation hours.","1759509150772"
"pvnv548gi6fmgb1paoe","Should Q Street be closed to traffic during the farmers market?","l499zt2s3nqmgb1sqsl","Closing Q Street during the farmers market increases vendor sales and community engagement.","1759508276133"
"pvnv548gi6fmgb1paoe","Should Q Street be closed to traffic during the farmers market?","5fu2tacs9i7mgb1sqsl","Closing Q Street for the farmers market poses a serious inconvenience for the elderly and disabled residents.","1759508276134"
"pvnv548gi6fmgb1paoe","Should Q Street be closed to traffic during the farmers market?","814t8tq36ynmgb1sqsm","The farmers market should be relocated to a nearby park to ease the inconveniences caused by street closure.","1759508276136"
"pvnv548gi6fmgb1paoe","Should Q Street be closed to traffic during the farmers market?","d65chigln0umgb1sqsm","Closing Q Street for the farmers market is a form of gentrification pushing out long-term residents.","1759508276137"
"pvnv548gi6fmgb1paoe","Should Q Street be closed to traffic during the farmers market?","1xasaqfgxa5mgb1sqsm","The street closure could be managed better to accommodate both the farmers market and the needs of local residents.","1759508276138"
"pvnv548gi6fmgb1paoe","Should Q Street be closed to traffic during the farmers market?","v8km3vxe6emgb1sqsm","The farmers market brings beneficial foot traffic for local businesses.","1759508276139"
"pvnv548gi6fmgb1paoe","Should Q Street be closed to traffic during the farmers market?","sequp7q5qjmgb1sqsn","The farmers market setup and breakdown process disrupts normal business operations.","1759508276141"
"pvnv548gi6fmgb1paoe","Should Q Street be closed to traffic during the farmers market?","9a771ztvqimgb1sqsn","The city should invest in better public transit and pedestrian infrastructure to accommodate the street closure.","1759508276142"
"pvnv548gi6fmgb1paoe","Should Q Street be closed to traffic during the farmers market?","tdkwpqfel5rmgb1sqsn","The street closure during the farmers market creates a vibrant public space in the neighborhood.","1759508276143"
"pvnv548gi6fmgb1paoe","Should Q Street be closed to traffic during the farmers market?","r9oz3p98s3mgb1sqsn","Closing Q Street disrupts the normal traffic flow and causes inconvenience for drivers.","1759508276144"
"pvnv548gi6fmgb1paoe","Should Q Street be closed to traffic during the farmers market?","yzifl0ihcdamgb1sqsn","The farmers market on Q Street enhances social interactions and builds social capital.","1759508276145"
"pvnv548gi6fmgb1paoe","Should Q Street be closed to traffic during the farmers market?","riggolreudmmgb1sqso","Street closures for community events like the farmers market improve public health and local economies.","1759508276147"
"pvnv548gi6fmgb1paoe","Should Q Street be closed to traffic during the farmers market?","x86wcikgj2smgb1sqso","There should be more car-free community spaces in the city.","1759508276148"
"pvnv548gi6fmgb1paoe","Should Q Street be closed to traffic during the farmers market?","t9queybjfuamgb1sqso","The inconvenience caused by street closure is worth the community benefits.","1759508276149"
"pvnv548gi6fmgb1paoe","Should Q Street be closed to traffic during the farmers market?","qwq1hk4kx9mgb1sqso","Closing Q Street for the farmers market isolates and inconveniences the residents.","1759508276150"
"pvnv548gi6fmgb1paoe","Should Q Street be closed to traffic during the farmers market?","j6rpra4xo6mgb1sqso","The street closure restricts access for emergency vehicles.","1759508276151"
"pvnv548gi6fmgb1paoe","Should Q Street be closed to traffic during the farmers market?","7diuygi0vgdmgb1sqso","The current street closure system for the farmers market was not designed with local businesses in mind.","1759508276152"
"pvnv548gi6fmgb1paoe","Should Q Street be closed to traffic during the farmers market?","kugkylg9b2lmgb1sqso","Street closure for the farmers market enhances walkability and livability of the neighborhood.","1759508276153"
"pvnv548gi6fmgb1paoe","Should Q Street be closed to traffic during the farmers market?","8k87szdmhxamgb1sqso","Better signage and coordination with local businesses could mitigate some of the negative impacts of the market.","1759508276154"
"pvnv548gi6fmgb1paoe","Should Q Street be closed to traffic during the farmers market?","8c766u220jjmgb1sqsp","Closing Q Street for the farmers market results in conflicts between pedestrians and the occasional car.","1759508276156"
"tpgm9gdhe6mmg9mo7qa","Should Q Street be closed to traffic during the farmers market?","3v2swyg4dv1mg9mpav0","Closing Q Street for the farmers market increases safety for families and children.","1759422455100"
"tpgm9gdhe6mmg9mo7qa","Should Q Street be closed to traffic during the farmers market?","oc44br62kmg9mpav1","The farmers market boosts vendor sales by 40% when Q Street is closed.","1759422455102"
"tpgm9gdhe6mmg9mo7qa","Should Q Street be closed to traffic during the farmers market?","vqqh4iinkhfmg9mpav1","Street closure during the farmers market fosters community interaction and connection.","1759422455103"
"tpgm9gdhe6mmg9mo7qa","Should Q Street be closed to traffic during the farmers market?","jvjp3e1zuamg9mpav1","Closing Q Street for the market inconveniences drivers.","1759422455104"
"tpgm9gdhe6mmg9mo7qa","Should Q Street be closed to traffic during the farmers market?","uq9d0tx1heqmg9mpav1","The closure of Q Street for the farmers market enhances the vibrancy of the public space.","1759422455105"
"tpgm9gdhe6mmg9mo7qa","Should Q Street be closed to traffic during the farmers market?","gmuusicnzflmg9mpav1","The farmers market penalizes Q Street residents who rely on car access.","1759422455106"
"tpgm9gdhe6mmg9mo7qa","Should Q Street be closed to traffic during the farmers market?","fnm1i7y3cbnmg9mpav1","Street closure during the market disrupts work commute for some residents.","1759422455107"
"tpgm9gdhe6mmg9mo7qa","Should Q Street be closed to traffic during the farmers market?","tz12e47a75pmg9mpav2","Emergency vehicle access may be hindered by the street closure during the market.","1759422455109"
"tpgm9gdhe6mmg9mo7qa","Should Q Street be closed to traffic during the farmers market?","56sjru1286tmg9mpav2","The farmers market could be relocated to a nearby park to avoid disruption.","1759422455110"
"tpgm9gdhe6mmg9mo7qa","Should Q Street be closed to traffic during the farmers market?","1ifxuwyv65fmg9mpav2","Closing Q Street for the farmers market could be seen as gentrification.","1759422455111"
"tpgm9gdhe6mmg9mo7qa","Should Q Street be closed to traffic during the farmers market?","iv9vcrv7iphmg9mpav2","Closing Q Street to traffic for the farmers market is a disregard for the elderly and those with limited mobility.","1759422455112"
"tpgm9gdhe6mmg9mo7qa","Should Q Street be closed to traffic during the farmers market?","7pmudwoxmkumg9mpav2","A compromise could be reached where only half of Q Street is closed during the market.","1759422455113"
"tpgm9gdhe6mmg9mo7qa","Should Q Street be closed to traffic during the farmers market?","abzj23971q6mg9mpav2","Investing in better shuttle services or mobile vendor carts could be a compromise solution.","1759422455114"
"tpgm9gdhe6mmg9mo7qa","Should Q Street be closed to traffic during the farmers market?","5jka5f3izymg9mpav2","The farmers market brings increased foot traffic benefiting local businesses.","1759422455115"
"tpgm9gdhe6mmg9mo7qa","Should Q Street be closed to traffic during the farmers market?","pxe32c4c2umg9mpav3","Setting up and closing down the market disrupts delivery schedules for local businesses.","1759422455117"
"tpgm9gdhe6mmg9mo7qa","Should Q Street be closed to traffic during the farmers market?","n0buzvr8mubmg9mpav3","Customers of local businesses struggle to find parking during the market.","1759422455118"
"tpgm9gdhe6mmg9mo7qa","Should Q Street be closed to traffic during the farmers market?","hbc1nh83ttcmg9mpav3","Reserved parking for local business customers could be a solution.","1759422455119"
"tpgm9gdhe6mmg9mo7qa","Should Q Street be closed to traffic during the farmers market?","50wy3m2caxrmg9mpav3","The current street closure system was not designed with local businesses in mind.","1759422455120"
"tpgm9gdhe6mmg9mo7qa","Should Q Street be closed to traffic during the farmers market?","c1b7nfkxm04mg9mpav3","From an urban planning perspective, the farmers market activation of public space is a positive step.","1759422455121"
"tpgm9gdhe6mmg9mo7qa","Should Q Street be closed to traffic during the farmers market?","64rib6ayhgimg9mpav3","Streets should serve multiple purposes beyond just moving cars efficiently.","1759422455122"
"tpgm9gdhe6mmg9mo7qa","Should Q Street be closed to traffic during the farmers market?","qkub8vdb6ogmg9mpav3","Closing Q Street for the market creates a walkable, livable neighborhood.","1759422455123"
"tpgm9gdhe6mmg9mo7qa","Should Q Street be closed to traffic during the farmers market?","pqwiwofzq6mg9mpav3","Better public transit and pedestrian infrastructure could address accessibility concerns.","1759422455124"
"tpgm9gdhe6mmg9mo7qa","Should Q Street be closed to traffic during the farmers market?","vnso2rmznnhmg9mpav3","Car-centric design makes neighborhoods less safe, less healthy, and less economically vibrant.","1759422455125"
"tpgm9gdhe6mmg9mo7qa","Should Q Street be closed to traffic during the farmers market?","ilj1q4vgbkmg9mpav3","The inconvenience of traffic diversions is outweighed by the long-term benefits of community spaces.","1759422455126"
"tpgm9gdhe6mmg9mo7qa","Should Q Street be closed to traffic during the farmers market?","gau7rgeizbemg9mpav4","Expanding the model of car-free community spaces throughout the week is beneficial.","1759422455128"
"tpgm9gdhe6mmg9mo7qa","Should Q Street be closed to traffic during the farmers market?","gz2u33dbm8mg9mpav4","Redesigning our streets to be truly multimodal instead of car-dominant is the way forward.","1759422455129"
"woq5vck111omg9kfy5x","Should Q Street be closed to traffic during the farmers market?","t3pbzeyfmimg9kgb8r","Emergency vehicles can't access residents quickly when Q Street is blocked","1759418676459"
"woq5vck111omg9kfy5x","Should Q Street be closed to traffic during the farmers market?","kjt6ktm3yzemg9kgi2a","This is about creating a more livable neighborhood that values people over cars","1759418685298"
"woq5vck111omg9kfy5x","Should Q Street be closed to traffic during the farmers market?","puc11pqvpkmg9kgnpp","Kids can safely play and families can enjoy the space without worrying about traffic","1759418692621"
"vdpuajk1swmg9k4oh5","Should Q Street be closed to traffic during the farmers market?","6sanvkwqkyjmg9k52tt","Local vendors and artisans benefit enormously from the foot traffic when cars are gone","1759418152337"
"vdpuajk1swmg9k4oh5","Should Q Street be closed to traffic during the farmers market?","k0lw7quatf9mg9k52x6","The parking restrictions place an unfair burden on residents who live on Q Street","1759418152458"
"vdpuajk1swmg9k4oh5","Should Q Street be closed to traffic during the farmers market?","nsmb33wlkmg9k534m","Air quality improves significantly when we prioritize pedestrians over vehicles","1759418152727"
"vdpuajk1swmg9k4oh5","Should Q Street be closed to traffic during the farmers market?","y634diqp48mg9k539l","Kids can safely play and families can enjoy the space without worrying about traffic","1759418152905"
"vdpuajk1swmg9k4oh5","Should Q Street be closed to traffic during the farmers market?","es3ug0gfycjmg9k53f3","This is about creating a more livable neighborhood that values people over cars","1759418153103"
"vdpuajk1swmg9k4oh5","Should Q Street be closed to traffic during the farmers market?","bi6m9jmxbmmg9k53fy","The parking restrictions place an unfair burden on residents who live on Q Street","1759418153134"
"vdpuajk1swmg9k4oh5","Should Q Street be closed to traffic during the farmers market?","etj6wrtffwnmg9k53gq","Closing Q Street during farmers market creates a vibrant community space that brings neighbors together","1759418153162"
"vdpuajk1swmg9k4oh5","Should Q Street be closed to traffic during the farmers market?","0hwv9wkwp5omg9k53ql","Closing Q Street during farmers market creates a vibrant community space that brings neighbors together","1759418153517"
"vdpuajk1swmg9k4oh5","Should Q Street be closed to traffic during the farmers market?","wetacttqlemmg9k53rr","Emergency vehicles can't access residents quickly when Q Street is blocked","1759418153559"
"vdpuajk1swmg9k4oh5","Should Q Street be closed to traffic during the farmers market?","28lsrvnranjmg9k53rw","Traffic diversions hurt local businesses on surrounding streets - we need better solutions","1759418153564"
"vdpuajk1swmg9k4oh5","Should Q Street be closed to traffic during the farmers market?","b0vf5gujsmrmg9k53s2","Closing Q Street during farmers market creates a vibrant community space that brings neighbors together","1759418153570"
"vdpuajk1swmg9k4oh5","Should Q Street be closed to traffic during the farmers market?","em47blaj6vbmg9k53tt","The parking restrictions place an unfair burden on residents who live on Q Street","1759418153633"
"vdpuajk1swmg9k4oh5","Should Q Street be closed to traffic during the farmers market?","1w3ukechvskimg9k53uo","Traffic diversions hurt local businesses on surrounding streets - we need better solutions","1759418153664"
"vdpuajk1swmg9k4oh5","Should Q Street be closed to traffic during the farmers market?","xhkgi087rhjmg9k53x7","The parking restrictions place an unfair burden on residents who live on Q Street","1759418153755"
"vdpuajk1swmg9k4oh5","Should Q Street be closed to traffic during the farmers market?","jo376yd6akmg9k548n","Small businesses along Q Street lose customers who can't easily drive and park","1759418154167"
"vdpuajk1swmg9k4oh5","Should Q Street be closed to traffic during the farmers market?","fwpidmda7lqmg9k549j","The parking restrictions place an unfair burden on residents who live on Q Street","1759418154199"
"vdpuajk1swmg9k4oh5","Should Q Street be closed to traffic during the farmers market?","9rythgglqemg9k549s","Elderly residents struggle with longer walking distances when forced to park blocks away","1759418154208"
"vdpuajk1swmg9k4oh5","Should Q Street be closed to traffic during the farmers market?","t6nsz34pygmg9k549s","Closing Q Street during farmers market creates a vibrant community space that brings neighbors together","1759418154208"
"vdpuajk1swmg9k4oh5","Should Q Street be closed to traffic during the farmers market?","han427s83obmg9k54ab","Small businesses along Q Street lose customers who can't easily drive and park","1759418154227"
"vdpuajk1swmg9k4oh5","Should Q Street be closed to traffic during the farmers market?","7d69tiz3gf4mg9k54ag","This is about creating a more livable neighborhood that values people over cars","1759418154232"
"vdpuajk1swmg9k4oh5","Should Q Street be closed to traffic during the farmers market?","uda9wizfe68mg9k54em","Small businesses along Q Street lose customers who can't easily drive and park","1759418154382"
"vdpuajk1swmg9k4oh5","Should Q Street be closed to traffic during the farmers market?","3ifds84l772mg9k54j8","Small businesses along Q Street lose customers who can't easily drive and park","1759418154548"
"vdpuajk1swmg9k4oh5","Should Q Street be closed to traffic during the farmers market?","y5eial152u9mg9k54jt","The current system discriminates against people who work weekends and need car access","1759418154569"
"vdpuajk1swmg9k4oh5","Should Q Street be closed to traffic during the farmers market?","n9i65xwcxttmg9k54ju","Closing Q Street during farmers market creates a vibrant community space that brings neighbors together","1759418154570"
"vdpuajk1swmg9k4oh5","Should Q Street be closed to traffic during the farmers market?","z9kmlwdhzlsmg9k54jw","The current system discriminates against people who work weekends and need car access","1759418154572"
"vdpuajk1swmg9k4oh5","Should Q Street be closed to traffic during the farmers market?","zulmthp9m3mg9k54l2","Small businesses along Q Street lose customers who can't easily drive and park","1759418154614"
"vdpuajk1swmg9k4oh5","Should Q Street be closed to traffic during the farmers market?","mj5dfs172immg9k54la","The current system discriminates against people who work weekends and need car access","1759418154622"
"vdpuajk1swmg9k4oh5","Should Q Street be closed to traffic during the farmers market?","tuo5quxta2fmg9k54me","Kids can safely play and families can enjoy the space without worrying about traffic","1759418154662"
"vdpuajk1swmg9k4oh5","Should Q Street be closed to traffic during the farmers market?","6wsj0kccwu5mg9k54nx","The farmers market is a weekly tradition that deserves priority over car convenience","1759418154717"
"vdpuajk1swmg9k4oh5","Should Q Street be closed to traffic during the farmers market?","woy3311s7remg9k54p2","Local vendors and artisans benefit enormously from the foot traffic when cars are gone","1759418154758"
"vdpuajk1swmg9k4oh5","Should Q Street be closed to traffic during the farmers market?","6ii9emn2b4lmg9k5eqv","Traffic diversions hurt local businesses on surrounding streets - we need better solutions","1759418167783"
"vdpuajk1swmg9k4oh5","Should Q Street be closed to traffic during the farmers market?","t6wtjalv3hdmg9k5fn3","Closing Q Street during farmers market creates a vibrant community space that brings neighbors together","1759418168943"
"vdpuajk1swmg9k4oh5","Should Q Street be closed to traffic during the farmers market?","w84gsg6gkkdmg9k5g2p","Air quality improves significantly when we prioritize pedestrians over vehicles","1759418169505"
"vdpuajk1swmg9k4oh5","Should Q Street be closed to traffic during the farmers market?","scmkoe3mmnfmg9k5i9o","Closing Q Street during farmers market creates a vibrant community space that brings neighbors together","1759418172348"
"vdpuajk1swmg9k4oh5","Should Q Street be closed to traffic during the farmers market?","vdxy4lniotdmg9k5izx","The farmers market is a weekly tradition that deserves priority over car convenience","1759418173293"
"vdpuajk1swmg9k4oh5","Should Q Street be closed to traffic during the farmers market?","cu8guy41pbomg9k68ji","The parking restrictions place an unfair burden on residents who live on Q Street","1759418206398"
"t16e0ejaxhmg9jnhpf","Should Q Street be closed to traffic during the farmers market?","gjsi39dq3ckmg9jnsmr","This is about creating a more livable neighborhood that values people over cars","1759417345971"
"t16e0ejaxhmg9jnhpf","Should Q Street be closed to traffic during the farmers market?","ntrft67oqzmmg9jnsse","Small businesses along Q Street lose customers who can't easily drive and park","1759417346174"
"t16e0ejaxhmg9jnhpf","Should Q Street be closed to traffic during the farmers market?","e66oleks5g8mg9jnsv8","Small businesses along Q Street lose customers who can't easily drive and park","1759417346276"
"t16e0ejaxhmg9jnhpf","Should Q Street be closed to traffic during the farmers market?","6cbnxf7ppntmg9jnsvo","Local vendors and artisans benefit enormously from the foot traffic when cars are gone","1759417346292"
"t16e0ejaxhmg9jnhpf","Should Q Street be closed to traffic during the farmers market?","y0c1ny7nggmg9jnt6p","The current system discriminates against people who work weekends and need car access","1759417346689"
"t16e0ejaxhmg9jnhpf","Should Q Street be closed to traffic during the farmers market?","fxrx13z9re7mg9jnt7s","Air quality improves significantly when we prioritize pedestrians over vehicles","1759417346728"
"t16e0ejaxhmg9jnhpf","Should Q Street be closed to traffic during the farmers market?","fx8i2k38x9smg9jnt8k","Traffic diversions hurt local businesses on surrounding streets - we need better solutions","1759417346756"
"t16e0ejaxhmg9jnhpf","Should Q Street be closed to traffic during the farmers market?","ajzf85nys69mg9jnt90","Traffic diversions hurt local businesses on surrounding streets - we need better solutions","1759417346772"
"t16e0ejaxhmg9jnhpf","Should Q Street be closed to traffic during the farmers market?","fpnneea6fomg9jntb4","Kids can safely play and families can enjoy the space without worrying about traffic","1759417346848"
"t16e0ejaxhmg9jnhpf","Should Q Street be closed to traffic during the farmers market?","xoouh7595qkmg9jnthu","The farmers market is a weekly tradition that deserves priority over car convenience","1759417347090"
"t16e0ejaxhmg9jnhpf","Should Q Street be closed to traffic during the farmers market?","xxtpnn2tinhmg9jntin","The current system discriminates against people who work weekends and need car access","1759417347119"
"t16e0ejaxhmg9jnhpf","Should Q Street be closed to traffic during the farmers market?","a22m9qm96x4mg9jntka","The parking restrictions place an unfair burden on residents who live on Q Street","1759417347178"
"t16e0ejaxhmg9jnhpf","Should Q Street be closed to traffic during the farmers market?","0cwccvm5arwmg9jntkf","Emergency vehicles can't access residents quickly when Q Street is blocked","1759417347183"
"t16e0ejaxhmg9jnhpf","Should Q Street be closed to traffic during the farmers market?","wbx06j4b0ipmg9jntm6","Local vendors and artisans benefit enormously from the foot traffic when cars are gone","1759417347246"
"t16e0ejaxhmg9jnhpf","Should Q Street be closed to traffic during the farmers market?","ayw3lxm9wfmg9jntmi","Air quality improves significantly when we prioritize pedestrians over vehicles","1759417347258"
"t16e0ejaxhmg9jnhpf","Should Q Street be closed to traffic during the farmers market?","w3fpd2rwq5amg9jntrg","The current system discriminates against people who work weekends and need car access","1759417347436"
"t16e0ejaxhmg9jnhpf","Should Q Street be closed to traffic during the farmers market?","d7kycq135bjmg9jnttp","Emergency vehicles can't access residents quickly when Q Street is blocked","1759417347517"
"t16e0ejaxhmg9jnhpf","Should Q Street be closed to traffic during the farmers market?","pwjqiag0rsjmg9jnttr","Kids can safely play and families can enjoy the space without worrying about traffic","1759417347519"
"t16e0ejaxhmg9jnhpf","Should Q Street be closed to traffic during the farmers market?","o4ckbpoinymg9jntuy","The current system discriminates against people who work weekends and need car access","1759417347562"
"t16e0ejaxhmg9jnhpf","Should Q Street be closed to traffic during the farmers market?","8petb3rze65mg9jntvb","Local vendors and artisans benefit enormously from the foot traffic when cars are gone","1759417347575"
"t16e0ejaxhmg9jnhpf","Should Q Street be closed to traffic during the farmers market?","4l8xkx7nlztmg9jntvn","The farmers market is a weekly tradition that deserves priority over car convenience","1759417347587"
"t16e0ejaxhmg9jnhpf","Should Q Street be closed to traffic during the farmers market?","gii5g30xn4mg9jnuc3","Small businesses along Q Street lose customers who can't easily drive and park","1759417348179"
"t16e0ejaxhmg9jnhpf","Should Q Street be closed to traffic during the farmers market?","gtxkp3t1umimg9jnucy","Closing Q Street during farmers market creates a vibrant community space that brings neighbors together","1759417348210"
"t16e0ejaxhmg9jnhpf","Should Q Street be closed to traffic during the farmers market?","baqr5yb199kmg9jnud4","The parking restrictions place an unfair burden on residents who live on Q Street","1759417348216"
"t16e0ejaxhmg9jnhpf","Should Q Street be closed to traffic during the farmers market?","9w62y2t2xw5mg9jnud6","Air quality improves significantly when we prioritize pedestrians over vehicles","1759417348218"
"t16e0ejaxhmg9jnhpf","Should Q Street be closed to traffic during the farmers market?","azpc40vix3qmg9jo45v","This is about creating a more livable neighborhood that values people over cars","1759417360915"
"t16e0ejaxhmg9jnhpf","Should Q Street be closed to traffic during the farmers market?","lcivys9o5jfmg9jo45y","Air quality improves significantly when we prioritize pedestrians over vehicles","1759417360918"
"t16e0ejaxhmg9jnhpf","Should Q Street be closed to traffic during the farmers market?","19794ntmo5cmg9jo46s","The farmers market is a weekly tradition that deserves priority over car convenience","1759417360948"
"t16e0ejaxhmg9jnhpf","Should Q Street be closed to traffic during the farmers market?","86xelhqdqhkmg9jo85h","Traffic diversions hurt local businesses on surrounding streets - we need better solutions","1759417366085"
"t16e0ejaxhmg9jnhpf","Should Q Street be closed to traffic during the farmers market?","4m7nwha5gl9mg9jo8vz","Closing Q Street during farmers market creates a vibrant community space that brings neighbors together","1759417367039"
"t16e0ejaxhmg9jnhpf","Should Q Street be closed to traffic during the farmers market?","sx6y9y3vevsmg9job7l","Emergency vehicles can't access residents quickly when Q Street is blocked","1759417370049"
"t16e0ejaxhmg9jnhpf","Should Q Street be closed to traffic during the farmers market?","a4oaae5v3r6mg9jobb0","The current system discriminates against people who work weekends and need car access","1759417370172"
"t16e0ejaxhmg9jnhpf","Should Q Street be closed to traffic during the farmers market?","tsmfjnm7jitmg9jofjj","Traffic diversions hurt local businesses on surrounding streets - we need better solutions","1759417375663"
"uu2fcsi71xdmg9jmfvq","Metro escalator walking: should you always stand right, or is it okay to walk on the left side?","1z45z2mi0samg9jmg7u","Stand right, walk left - it's literally posted everywhere and keeps traffic flowing smoothly for everyone","1759416383226"
"uu2fcsi71xdmg9jmfvq","Metro escalator walking: should you always stand right, or is it okay to walk on the left side?","yrkvj029snmmg9jmg7u","The real issue is whether escalators are transportation or moving sidewalks - affects the whole etiquette 🌶️","1759416483226"
"uu2fcsi71xdmg9jmfvq","Metro escalator walking: should you always stand right, or is it okay to walk on the left side?","tnwp0xlub1cmg9jmg7u","What about people with mobility issues who need to hold the handrail on both sides?","1759416583226"
"uu2fcsi71xdmg9jmfvq","Metro escalator walking: should you always stand right, or is it okay to walk on the left side?","0j7sx3inzi5mg9jmg7u","Some escalators are too narrow for two people anyway - the rule doesn't always work","1759416683226"
"uu2fcsi71xdmg9jmfvq","Metro escalator walking: should you always stand right, or is it okay to walk on the left side?","d0qqa98v90rmg9jmg7u","If you're not walking just take the elevator!! Escalators are for MOVING PEOPLE 🌶️","1759416783226"
"uu2fcsi71xdmg9jmfvq","Metro escalator walking: should you always stand right, or is it okay to walk on the left side?","8g5f29nl9gomg9jmg7u","Maybe we need better signage or even separate escalators for walkers vs standers?","1759416883226"
"uu2fcsi71xdmg9jmfvq","Metro escalator walking: should you always stand right, or is it okay to walk on the left side?","2vqa470ret7mg9jmg7u","This is about respecting shared public space vs individual convenience - basic civics!","1759416983226"
"uu2fcsi71xdmg9jmfvq","Metro escalator walking: should you always stand right, or is it okay to walk on the left side?","v32ydvytygrmg9jmg7u","Tourist season changes everything - they don't know the rules and clog up the system","1759417083226"
"rhmi3sd6x2bmg9iulpg","Metro escalator walking: should you always stand right, or is it okay to walk on the left side?","4coz7wxiw2hmg9ium16","Stand right, walk left - it's literally posted everywhere and keeps traffic flowing smoothly for everyone","1759415084394"
"rhmi3sd6x2bmg9iulpg","Metro escalator walking: should you always stand right, or is it okay to walk on the left side?","qif7sc5158mg9ium16","The real issue is whether escalators are transportation or moving sidewalks - affects the whole etiquette 🌶️","1759415184394"
"rhmi3sd6x2bmg9iulpg","Metro escalator walking: should you always stand right, or is it okay to walk on the left side?","nun23woektmg9ium16","What about people with mobility issues who need to hold the handrail on both sides?","1759415284394"
"rhmi3sd6x2bmg9iulpg","Metro escalator walking: should you always stand right, or is it okay to walk on the left side?","98lo8n1eip4mg9ium16","Some escalators are too narrow for two people anyway - the rule doesn't always work","1759415384394"
"rhmi3sd6x2bmg9iulpg","Metro escalator walking: should you always stand right, or is it okay to walk on the left side?","d7gyr2dw8znmg9ium16","If you're not walking just take the elevator!! Escalators are for MOVING PEOPLE 🌶️","1759415484394"
"rhmi3sd6x2bmg9iulpg","Metro escalator walking: should you always stand right, or is it okay to walk on the left side?","39jwft5s73mmg9ium16","Maybe we need better signage or even separate escalators for walkers vs standers?","1759415584394"
"rhmi3sd6x2bmg9iulpg","Metro escalator walking: should you always stand right, or is it okay to walk on the left side?","2aosjepgy9mmg9ium16","This is about respecting shared public space vs individual convenience - basic civics!","1759415684394"
"rhmi3sd6x2bmg9iulpg","Metro escalator walking: should you always stand right, or is it okay to walk on the left side?","af40kkya3nfmg9ium16","Tourist season changes everything - they don't know the rules and clog up the system","1759415784394"
"rhmi3sd6x2bmg9iulpg","Metro escalator walking: should you always stand right, or is it okay to walk on the left side?","8ke3n88ulrfmg9iv0n9","Local vendors and artisans benefit enormously from the foot traffic when cars are gone","1759416003333"
"rhmi3sd6x2bmg9iulpg","Metro escalator walking: should you always stand right, or is it okay to walk on the left side?","gwxwgnlkffamg9iv5n7","Closing Q Street during farmers market creates a vibrant community space that brings neighbors together","1759416009811"
"rhmi3sd6x2bmg9iulpg","Metro escalator walking: should you always stand right, or is it okay to walk on the left side?","jchb5jjaosdmg9ivchl","This is about creating a more livable neighborhood that values people over cars","1759416018681"
"rhmi3sd6x2bmg9iulpg","Metro escalator walking: should you always stand right, or is it okay to walk on the left side?","stf62h6pa8mg9ivi9k","Elderly residents struggle with longer walking distances when forced to park blocks away","1759416026168"
"rhmi3sd6x2bmg9iulpg","Metro escalator walking: should you always stand right, or is it okay to walk on the left side?","spry3tnwnzemg9ivqk6","Closing Q Street during farmers market creates a vibrant community space that brings neighbors together","1759416036918"
"rhmi3sd6x2bmg9iulpg","Metro escalator walking: should you always stand right, or is it okay to walk on the left side?","uojnytrcaljmg9ivwgk","Closing Q Street during farmers market creates a vibrant community space that brings neighbors together","1759416044564"
"rhmi3sd6x2bmg9iulpg","Metro escalator walking: should you always stand right, or is it okay to walk on the left side?","ecjw7hxoyvvmg9iw51h","The parking restrictions place an unfair burden on residents who live on Q Street","1759416055685"
"rhmi3sd6x2bmg9iulpg","Metro escalator walking: should you always stand right, or is it okay to walk on the left side?","saw0w8cktksmg9iwcpp","The farmers market is a weekly tradition that deserves priority over car convenience","1759416065629"
"rhmi3sd6x2bmg9iulpg","Metro escalator walking: should you always stand right, or is it okay to walk on the left side?","tfj8o6w9h5dmg9iwjgk","The parking restrictions place an unfair burden on residents who live on Q Street","1759416074372"
"rhmi3sd6x2bmg9iulpg","Metro escalator walking: should you always stand right, or is it okay to walk on the left side?","jvzf9ece7xmg9iwrm8","Emergency vehicles can't access residents quickly when Q Street is blocked","1759416084944"
"rhmi3sd6x2bmg9iulpg","Metro escalator walking: should you always stand right, or is it okay to walk on the left side?","cj8zw5e3ii7mg9iwy7g","Air quality improves significantly when we prioritize pedestrians over vehicles","1759416093484"
"rhmi3sd6x2bmg9iulpg","Metro escalator walking: should you always stand right, or is it okay to walk on the left side?","rz2uppc2tmg9ix2z4","The current system discriminates against people who work weekends and need car access","1759416099664"
"rhmi3sd6x2bmg9iulpg","Metro escalator walking: should you always stand right, or is it okay to walk on the left side?","zj7qf5rupsdmg9ix8xi","The parking restrictions place an unfair burden on residents who live on Q Street","1759416107382"
"rhmi3sd6x2bmg9iulpg","Metro escalator walking: should you always stand right, or is it okay to walk on the left side?","okst55ta95mg9ixdor","Emergency vehicles can't access residents quickly when Q Street is blocked","1759416113547"
"rhmi3sd6x2bmg9iulpg","Metro escalator walking: should you always stand right, or is it okay to walk on the left side?","dndl1rzvdujmg9ixkdh","This is about creating a more livable neighborhood that values people over cars","1759416122213"
"uk5612nd7emg829f9n","Metro escalator walking: should you always stand right, or is it okay to walk on the left side?","yaeeh50unpemg829fnm","Stand right, walk left - it's literally posted everywhere and keeps traffic flowing smoothly for everyone","1759326756322"
"uk5612nd7emg829f9n","Metro escalator walking: should you always stand right, or is it okay to walk on the left side?","0lvcuzsnt2hlmg829fnm","The real issue is whether escalators are transportation or moving sidewalks - affects the whole etiquette 🌶️","1759326856322"
"uk5612nd7emg829f9n","Metro escalator walking: should you always stand right, or is it okay to walk on the left side?","d57unea7ipbmg829fnm","What about people with mobility issues who need to hold the handrail on both sides?","1759326956322"
"uk5612nd7emg829f9n","Metro escalator walking: should you always stand right, or is it okay to walk on the left side?","f11jwcq1q3nmg829fnm","Some escalators are too narrow for two people anyway - the rule doesn't always work","1759327056322"
"uk5612nd7emg829f9n","Metro escalator walking: should you always stand right, or is it okay to walk on the left side?","kfd8frt8x1mmg829fnm","If you're not walking just take the elevator!! Escalators are for MOVING PEOPLE 🌶️","1759327156322"
"uk5612nd7emg829f9n","Metro escalator walking: should you always stand right, or is it okay to walk on the left side?","85lobgmah8bmg829fnm","Maybe we need better signage or even separate escalators for walkers vs standers?","1759327256322"
"uk5612nd7emg829f9n","Metro escalator walking: should you always stand right, or is it okay to walk on the left side?","zil1epyspjjmg829fnm","This is about respecting shared public space vs individual convenience - basic civics!","1759327356322"
"uk5612nd7emg829f9n","Metro escalator walking: should you always stand right, or is it okay to walk on the left side?","k20b8mwxk9mg829fnm","Tourist season changes everything - they don't know the rules and clog up the system","1759327456322"
"szjsg628kp9mg72wmjh","Metro escalator walking: should you always stand right, or is it okay to walk on the left side?","t0th5i4vstmg72wmsv","Stand right, walk left - it's literally posted everywhere and keeps traffic flowing smoothly for everyone","1759267372495"
"szjsg628kp9mg72wmjh","Metro escalator walking: should you always stand right, or is it okay to walk on the left side?","wlluesdg3zcmg72wmsv","The real issue is whether escalators are transportation or moving sidewalks - affects the whole etiquette 🌶️","1759267472495"
"szjsg628kp9mg72wmjh","Metro escalator walking: should you always stand right, or is it okay to walk on the left side?","f9i1obqxc5gmg72wmsv","What about people with mobility issues who need to hold the handrail on both sides?","1759267572495"
"szjsg628kp9mg72wmjh","Metro escalator walking: should you always stand right, or is it okay to walk on the left side?","9qox6ein89omg72wmsv","Some escalators are too narrow for two people anyway - the rule doesn't always work","1759267672495"
"szjsg628kp9mg72wmjh","Metro escalator walking: should you always stand right, or is it okay to walk on the left side?","ehv0a4cd3zmg72wmsv","If you're not walking just take the elevator!! Escalators are for MOVING PEOPLE 🌶️","1759267772495"
"szjsg628kp9mg72wmjh","Metro escalator walking: should you always stand right, or is it okay to walk on the left side?","o5ffryg2jpmg72wmsv","Maybe we need better signage or even separate escalators for walkers vs standers?","1759267872495"
"szjsg628kp9mg72wmjh","Metro escalator walking: should you always stand right, or is it okay to walk on the left side?","3jc63m7n0bemg72wmsv","This is about respecting shared public space vs individual convenience - basic civics!","1759267972495"
"szjsg628kp9mg72wmjh","Metro escalator walking: should you always stand right, or is it okay to walk on the left side?","z49k2klvchmg72wmsv","Tourist season changes everything - they don't know the rules and clog up the system","1759268072495"
"szjsg628kp9mg72wmjh","Metro escalator walking: should you always stand right, or is it okay to walk on the left side?","lkhzejgw3wjmg72xd3e","asdasdasdasda","1759268306570"
"cxjowc6zadamg6r94hl","Metro escalator walking: should you always stand right, or is it okay to walk on the left side?","3xs7s939ufrmg6r94rj","Stand right, walk left - it's literally posted everywhere and keeps traffic flowing smoothly for everyone","1759247800255"
"cxjowc6zadamg6r94hl","Metro escalator walking: should you always stand right, or is it okay to walk on the left side?","wsen3mqvfefmg6r94rj","The real issue is whether escalators are transportation or moving sidewalks - affects the whole etiquette 🌶️","1759247900255"
"cxjowc6zadamg6r94hl","Metro escalator walking: should you always stand right, or is it okay to walk on the left side?","dh8x17y5fzmg6r94rj","What about people with mobility issues who need to hold the handrail on both sides?","1759248000255"
"cxjowc6zadamg6r94hl","Metro escalator walking: should you always stand right, or is it okay to walk on the left side?","2vm0z99p0bkmg6r94rj","Some escalators are too narrow for two people anyway - the rule doesn't always work","1759248100255"
"cxjowc6zadamg6r94hl","Metro escalator walking: should you always stand right, or is it okay to walk on the left side?","w3izlrruz1mg6r94rj","If you're not walking just take the elevator!! Escalators are for MOVING PEOPLE 🌶️","1759248200255"
"cxjowc6zadamg6r94hl","Metro escalator walking: should you always stand right, or is it okay to walk on the left side?","v6zty77yeamg6r94rj","Maybe we need better signage or even separate escalators for walkers vs standers?","1759248300255"
"cxjowc6zadamg6r94hl","Metro escalator walking: should you always stand right, or is it okay to walk on the left side?","mscffys2zjrmg6r94rj","This is about respecting shared public space vs individual convenience - basic civics!","1759248400255"
"cxjowc6zadamg6r94hl","Metro escalator walking: should you always stand right, or is it okay to walk on the left side?","abjyydjakb5mg6r94rj","Tourist season changes everything - they don't know the rules and clog up the system","1759248500255"
"cxjowc6zadamg6r94hl","Metro escalator walking: should you always stand right, or is it okay to walk on the left side?","6rat6qiy8qfmg6racgz","sdfsdfsf","1759248756899"
"v8p6r11kzjmg6nkti0","Metro escalator walking: should you always stand right, or is it okay to walk on the left side?","j5yzi8846zjmg6nktsp","Stand right, walk left - it's literally posted everywhere and keeps traffic flowing smoothly for everyone","1759241627449"
"v8p6r11kzjmg6nkti0","Metro escalator walking: should you always stand right, or is it okay to walk on the left side?","8aaalsd5njamg6nktsp","The real issue is whether escalators are transportation or moving sidewalks - affects the whole etiquette 🌶️","1759241727449"
"v8p6r11kzjmg6nkti0","Metro escalator walking: should you always stand right, or is it okay to walk on the left side?","t8gvbk67lplmg6nktsp","What about people with mobility issues who need to hold the handrail on both sides?","1759241827449"
"v8p6r11kzjmg6nkti0","Metro escalator walking: should you always stand right, or is it okay to walk on the left side?","6bvwh5ihbccmg6nktsp","Some escalators are too narrow for two people anyway - the rule doesn't always work","1759241927449"
"v8p6r11kzjmg6nkti0","Metro escalator walking: should you always stand right, or is it okay to walk on the left side?","vf1o4peu66mg6nktsp","If you're not walking just take the elevator!! Escalators are for MOVING PEOPLE 🌶️","1759242027449"
"v8p6r11kzjmg6nkti0","Metro escalator walking: should you always stand right, or is it okay to walk on the left side?","y42ap2omvskmg6nktsp","Maybe we need better signage or even separate escalators for walkers vs standers?","1759242127449"
"v8p6r11kzjmg6nkti0","Metro escalator walking: should you always stand right, or is it okay to walk on the left side?","uv54zbzcmojmg6nktsp","This is about respecting shared public space vs individual convenience - basic civics!","1759242227449"
"v8p6r11kzjmg6nkti0","Metro escalator walking: should you always stand right, or is it okay to walk on the left side?","r0ajt77dg4jmg6nktsp","Tourist season changes everything - they don't know the rules and clog up the system","1759242327449"
"e5thuj6pvg7mg57q96p","Metro escalator walking: should you always stand right, or is it okay to walk on the left side?","g5kpn9pv2img57q9er","Stand right, walk left - it's literally posted everywhere and keeps traffic flowing smoothly for everyone","1759154540931"
"e5thuj6pvg7mg57q96p","Metro escalator walking: should you always stand right, or is it okay to walk on the left side?","izveacuqgymg57q9er","The real issue is whether escalators are transportation or moving sidewalks - affects the whole etiquette 🌶️","1759154640931"
"e5thuj6pvg7mg57q96p","Metro escalator walking: should you always stand right, or is it okay to walk on the left side?","9q4kj1680vfmg57q9er","What about people with mobility issues who need to hold the handrail on both sides?","1759154740931"
"e5thuj6pvg7mg57q96p","Metro escalator walking: should you always stand right, or is it okay to walk on the left side?","k0ny9ykgyxmg57q9er","Some escalators are too narrow for two people anyway - the rule doesn't always work","1759154840931"
"e5thuj6pvg7mg57q96p","Metro escalator walking: should you always stand right, or is it okay to walk on the left side?","0a40qlg6v2b4mg57q9er","If you're not walking just take the elevator!! Escalators are for MOVING PEOPLE 🌶️","1759154940931"
"e5thuj6pvg7mg57q96p","Metro escalator walking: should you always stand right, or is it okay to walk on the left side?","10o0xbwv0b6mg57q9er","Maybe we need better signage or even separate escalators for walkers vs standers?","1759155040931"
"e5thuj6pvg7mg57q96p","Metro escalator walking: should you always stand right, or is it okay to walk on the left side?","unewvdcewvmg57q9er","This is about respecting shared public space vs individual convenience - basic civics!","1759155140931"
"e5thuj6pvg7mg57q96p","Metro escalator walking: should you always stand right, or is it okay to walk on the left side?","9bj6zaxi6m4mg57q9er","Tourist season changes everything - they don't know the rules and clog up the system","1759155240931"
"e5thuj6pvg7mg57q96p","Metro escalator walking: should you always stand right, or is it okay to walk on the left side?","fmguqdehx3wmg57qg8x","sdfsdf","1759155449793"
"e5thuj6pvg7mg57q96p","Metro escalator walking: should you always stand right, or is it okay to walk on the left side?","bfifmujbwatmg57qjdc","wdfwfefwefw","1759155453840"
"e5thuj6pvg7mg57q96p","Metro escalator walking: should you always stand right, or is it okay to walk on the left side?","gwh8bsznnpimg57qlu7","wefwefwefwf","1759155457039"
"e5thuj6pvg7mg57q96p","Metro escalator walking: should you always stand right, or is it okay to walk on the left side?","y42w10i26cemg57r5z3","sdfsdfsdfsdf","1759155483135"
"e5thuj6pvg7mg57q96p","Metro escalator walking: should you always stand right, or is it okay to walk on the left side?","z7xdhjl2tymg57r8o3","asdasdasdasd","1759155486627"
"e5thuj6pvg7mg57q96p","Metro escalator walking: should you always stand right, or is it okay to walk on the left side?","n7so5ta5vnmg57raza","wefwefwefwefw","1759155489622"
"e5thuj6pvg7mg57q96p","Metro escalator walking: should you always stand right, or is it okay to walk on the left side?","z5g4znd2efmg57rd3h","scvsvsdfsd","1759155492365"
"e5thuj6pvg7mg57q96p","Metro escalator walking: should you always stand right, or is it okay to walk on the left side?","9j24tbg7qc6mg57rf1y","wefwefwefwf","1759155494902"
"e5thuj6pvg7mg57q96p","Metro escalator walking: should you always stand right, or is it okay to walk on the left side?","tpz84860srrmg57rh3g","ewrqweqweqwe","1759155497548"
"e5thuj6pvg7mg57q96p","Metro escalator walking: should you always stand right, or is it okay to walk on the left side?","evqlw1seoirmg57rjio","sdfsdsfdsdf","1759155500688"
"e5thuj6pvg7mg57q96p","Metro escalator walking: should you always stand right, or is it okay to walk on the left side?","vvhyz0zy63pmg57rlm1","asdasdqdqwdwd","1759155503401"
"e5thuj6pvg7mg57q96p","Metro escalator walking: should you always stand right, or is it okay to walk on the left side?","31b8nzn5p6bmg57rnqn","ertertertertet","1759155506159"
"e5thuj6pvg7mg57q96p","Metro escalator walking: should you always stand right, or is it okay to walk on the left side?","p5lptucdh2mg57s1gj","sdsdf","1759155523939"
"9hxyhjptz3vmg2znory","josh is too good at gremlins","wbxjqzz92img2zv59e","josh wins a disproportionate number of games","1759021299554"
"9hxyhjptz3vmg2znory","josh is too good at gremlins","0ebea0zywxpumg2zvxmt","i dont think josh plays anymore than any of us","1759021336325"
"9hxyhjptz3vmg2znory","josh is too good at gremlins","z4gpv58jwkkmg2zw1oc","only on the condition that everyone else let him win","1759021341564"
"9hxyhjptz3vmg2znory","josh is too good at gremlins","1ltdw10xn9tmg2zw4yh","It's not that Josh is good, I'm just really bad","1759021345817"
"9hxyhjptz3vmg2znory","josh is too good at gremlins","gr5fdmp8wnmg2zwh9b","It is the sign of a great game when 4 people can play together, one player wins the majority of the time, and still they come back for more.","1759021361759"
"9hxyhjptz3vmg2znory","josh is too good at gremlins","oappz8i7apmg2zwrt8","i don't think it's josh's character selection","1759021375436"
"9hxyhjptz3vmg2znory","josh is too good at gremlins","iq6y12c3oo8mg2zxtt8","It's not that Josh is good, we're just terrible","1759021424684"
"9hxyhjptz3vmg2znory","josh is too good at gremlins","3euueorh4o7mg3028qi","Nay also wins a good amount.","1759021630650"
"9hxyhjptz3vmg2znory","josh is too good at gremlins","vxz5ylmpixmg302ssd","Josh wins because it's easier to let him win.","1759021656637"
"9hxyhjptz3vmg2znory","josh is too good at gremlins","cqqhc2kfmyvmg303kbx","People rather have an easy game and say they lost because it's typical for josh to win.","1759021692333"
"9hxyhjptz3vmg2znory","josh is too good at gremlins","znir8y9mqymmg303v3m","Nay is the only person who's trying to play this game!","1759021706290"
"9hxyhjptz3vmg2znory","josh is too good at gremlins","bcc2o794srkmg303zbt","Gary sucks.","1759021711769"
"9hxyhjptz3vmg2znory","josh is too good at gremlins","z8u4o0ih3hmg304072","josh tends to win disproprortionately at every board game","1759021712894"
"9hxyhjptz3vmg2znory","josh is too good at gremlins","lco4tv29tkmg3048nu","josh tends to win disproprortionately at every board game","1759021723866"
"9hxyhjptz3vmg2znory","josh is too good at gremlins","ob9ce8puju8mg304gbf","In the beginning of the game, Josh doesn't intentionally go after anyone so he can fly under the radar and make money.  if you go after Josh during this phase, he doesn't like it.","1759021733787"
"9hxyhjptz3vmg2znory","josh is too good at gremlins","jahh6zaxqi8mg305aa1","Nay spends to much time at the inferno","1759021772617"
"9hxyhjptz3vmg2znory","josh is too good at gremlins","4m3oax8zwqjmg305h9l","i think josh just has a knack for trying to figure out games and win","1759021781673"
"9hxyhjptz3vmg2znory","josh is too good at gremlins","p98ej1xdj6gmg305hr3","Play the cards, bitch","1759021782303"
"9hxyhjptz3vmg2znory","josh is too good at gremlins","r2dhwuign0qmg305nth","Nay likes to play the victim","1759021790165"
"9hxyhjptz3vmg2znory","josh is too good at gremlins","rs8xtoz7n4amg309mod","we should handicap josh","1759021975310"
"9hxyhjptz3vmg2znory","josh is too good at gremlins","d6byjpnp546mg309pt8","Alex gives up too easily!","1759021979372"
"9hxyhjptz3vmg2znory","josh is too good at gremlins","eirta2kj1twmg309wyf","maybe we should intentionally all go after josh","1759021988631"
"9hxyhjptz3vmg2znory","josh is too good at gremlins","35j7ri9t22jmg309yik","Josh also sucks?","1759021990652"
"9hxyhjptz3vmg2znory","josh is too good at gremlins","5xy0qvn67xmmg30a5f1","It is what it is","1759021999597"
"9hxyhjptz3vmg2znory","josh is too good at gremlins","5wepnyicl3cmg30aang","Alex and I need to team up and fuck you guys up","1759022006380"
"9hxyhjptz3vmg2znory","josh is too good at gremlins","6jkzhvlmdusmg30acpb","what are you going to do about it?","1759022009039"
"9hxyhjptz3vmg2znory","josh is too good at gremlins","x28rg4ovnzdmg30al9p","we should pick josh's character for him","1759022020141"
"9hxyhjptz3vmg2znory","josh is too good at gremlins","jlzxhphv3xqmg30b1nl","i'm fine with josh being the winner most of the time","1759022041377"
"9hxyhjptz3vmg2znory","josh is too good at gremlins","k55j1cb0yzmg30bs5e","in a neutral game script, where no one is intentionally going after one another, Josh is more likely to win.","1759022075714"
"9hxyhjptz3vmg2znory","josh is too good at gremlins","kc1y6it2kyomg30bsrr","Actually, I'm going to spend the next game fucking you all up","1759022076519"
"9hxyhjptz3vmg2znory","josh is too good at gremlins","4sgencljnymg30buoe","i wish i could learn more about how josh wins so much","1759022078990"
"0nlq8zsfo5cmg1el9jw","josh is too good at gremlins","snqq96gca1dmg1ely0o","josh wins a lot more than others","1758925132152"
"arann1nwwjamg0yba84","josh is too good at gremlins","9o6iqa1u5pmg0ykinz","rffffee","1758898191743"
"d758irf759cmg0y55hh","josh is too good at gremlins","6b8gdk2ah4mg0yagp6","sdfsdfsf","1758897722634"
"o7zor1k3vm8mg0xc86l","Metro escalator walking: should you always stand right, or is it okay to walk on the left side?","ut7jpzyllzmg0xc8by","Stand right, walk left - it's literally posted everywhere and keeps traffic flowing smoothly for everyone","1758895225486"
"o7zor1k3vm8mg0xc86l","Metro escalator walking: should you always stand right, or is it okay to walk on the left side?","93y33po51phmg0xc8by","The real issue is whether escalators are transportation or moving sidewalks - affects the whole etiquette 🌶️","1758895325486"
"o7zor1k3vm8mg0xc86l","Metro escalator walking: should you always stand right, or is it okay to walk on the left side?","xclqg6kpzffmg0xc8by","What about people with mobility issues who need to hold the handrail on both sides?","1758895425486"
"o7zor1k3vm8mg0xc86l","Metro escalator walking: should you always stand right, or is it okay to walk on the left side?","fbzhsybe4yqmg0xc8by","Some escalators are too narrow for two people anyway - the rule doesn't always work","1758895525486"
"o7zor1k3vm8mg0xc86l","Metro escalator walking: should you always stand right, or is it okay to walk on the left side?","45v8l7jngqmg0xc8by","If you're not walking just take the elevator!! Escalators are for MOVING PEOPLE 🌶️","1758895625486"
"o7zor1k3vm8mg0xc86l","Metro escalator walking: should you always stand right, or is it okay to walk on the left side?","ver26te3ytmg0xc8by","Maybe we need better signage or even separate escalators for walkers vs standers?","1758895725486"
"o7zor1k3vm8mg0xc86l","Metro escalator walking: should you always stand right, or is it okay to walk on the left side?","27sby7j0clwmg0xc8by","This is about respecting shared public space vs individual convenience - basic civics!","1758895825486"
"o7zor1k3vm8mg0xc86l","Metro escalator walking: should you always stand right, or is it okay to walk on the left side?","xlepvjefz0bmg0xc8by","Tourist season changes everything - they don't know the rules and clog up the system","1758895925486"
"o7zor1k3vm8mg0xc86l","Metro escalator walking: should you always stand right, or is it okay to walk on the left side?","5f4o42tqfowmg0xcf2a","asdasdad","1758896134210"
"fnk0ek7ksdhmg0wvqmq","Metro escalator walking: should you always stand right, or is it okay to walk on the left side?","vk1pgpbg0memg0wvqw7","Stand right, walk left - it's literally posted everywhere and keeps traffic flowing smoothly for everyone","1758894456391"
"fnk0ek7ksdhmg0wvqmq","Metro escalator walking: should you always stand right, or is it okay to walk on the left side?","ez0l6y9mxdwmg0wvqw7","The real issue is whether escalators are transportation or moving sidewalks - affects the whole etiquette 🌶️","1758894556391"
"fnk0ek7ksdhmg0wvqmq","Metro escalator walking: should you always stand right, or is it okay to walk on the left side?","nwud575re9mg0wvqw7","What about people with mobility issues who need to hold the handrail on both sides?","1758894656391"
"fnk0ek7ksdhmg0wvqmq","Metro escalator walking: should you always stand right, or is it okay to walk on the left side?","rc99io191nmmg0wvqw7","Some escalators are too narrow for two people anyway - the rule doesn't always work","1758894756391"
"fnk0ek7ksdhmg0wvqmq","Metro escalator walking: should you always stand right, or is it okay to walk on the left side?","b2pffi0uz0gmg0wvqw7","If you're not walking just take the elevator!! Escalators are for MOVING PEOPLE 🌶️","1758894856391"
"fnk0ek7ksdhmg0wvqmq","Metro escalator walking: should you always stand right, or is it okay to walk on the left side?","lxvqej4d7wmg0wvqw7","Maybe we need better signage or even separate escalators for walkers vs standers?","1758894956391"
"fnk0ek7ksdhmg0wvqmq","Metro escalator walking: should you always stand right, or is it okay to walk on the left side?","5k97s8dm3hymg0wvqw7","This is about respecting shared public space vs individual convenience - basic civics!","1758895056391"
"fnk0ek7ksdhmg0wvqmq","Metro escalator walking: should you always stand right, or is it okay to walk on the left side?","c6prv9zeiumg0wvqw7","Tourist season changes everything - they don't know the rules and clog up the system","1758895156391"
"46ht13ppnesmfzkyh8l","josh is too good at gremlins","kr8jv7ib2ctmfzl02n6","osjdfsfsf","1758814936674"
"46ht13ppnesmfzkyh8l","josh is too good at gremlins","r6ucw9783yfmfzl0729","ljkasdklajsdadvvvvvv","1758814942401"
"46ht13ppnesmfzkyh8l","josh is too good at gremlins","fj3gy5k24rkmfzl0y91","sdfsdfsdfsdf","1758814977637"
"46ht13ppnesmfzkyh8l","josh is too good at gremlins","2omaseqtovemfzl127r","sdfsdfsfsff","1758814982775"
"02zoh8iho7fmmfzkv011","Metro escalator walking: should you always stand right, or is it okay to walk on the left side?","4zoghwl5k9ymfzkv0b3","Stand right, walk left - it's literally posted everywhere and keeps traffic flowing smoothly for everyone","1758813800367"
"02zoh8iho7fmmfzkv011","Metro escalator walking: should you always stand right, or is it okay to walk on the left side?","2z7w9m54z8mfzkv0b3","The real issue is whether escalators are transportation or moving sidewalks - affects the whole etiquette 🌶️","1758813900367"
"02zoh8iho7fmmfzkv011","Metro escalator walking: should you always stand right, or is it okay to walk on the left side?","s81nzdqpchbmfzkv0b3","What about people with mobility issues who need to hold the handrail on both sides?","1758814000367"
"02zoh8iho7fmmfzkv011","Metro escalator walking: should you always stand right, or is it okay to walk on the left side?","esw3omtnoemmfzkv0b3","Some escalators are too narrow for two people anyway - the rule doesn't always work","1758814100367"
"02zoh8iho7fmmfzkv011","Metro escalator walking: should you always stand right, or is it okay to walk on the left side?","6rhhf9do6brmfzkv0b3","If you're not walking just take the elevator!! Escalators are for MOVING PEOPLE 🌶️","1758814200367"
"02zoh8iho7fmmfzkv011","Metro escalator walking: should you always stand right, or is it okay to walk on the left side?","z13unakcxvmfzkv0b3","Maybe we need better signage or even separate escalators for walkers vs standers?","1758814300367"
"02zoh8iho7fmmfzkv011","Metro escalator walking: should you always stand right, or is it okay to walk on the left side?","x7u2zldyhgemfzkv0b3","This is about respecting shared public space vs individual convenience - basic civics!","1758814400367"
"02zoh8iho7fmmfzkv011","Metro escalator walking: should you always stand right, or is it okay to walk on the left side?","xrbbmzutm97mfzkv0b3","Tourist season changes everything - they don't know the rules and clog up the system","1758814500367"
"02zoh8iho7fmmfzkv011","Metro escalator walking: should you always stand right, or is it okay to walk on the left side?","8qc1w8ovpoamfzkw7re","test12312","1758814756682"
"02zoh8iho7fmmfzkv011","Metro escalator walking: should you always stand right, or is it okay to walk on the left side?","gveht19c1kimfzkx6fc","round 2 test","1758814801608"
"4z7u4bd0obamfzkiebf","Metro escalator walking: should you always stand right, or is it okay to walk on the left side?","uy3smpv0t5smfzkiejv","Stand right, walk left - it's literally posted everywhere and keeps traffic flowing smoothly for everyone","1758813212299"
"4z7u4bd0obamfzkiebf","Metro escalator walking: should you always stand right, or is it okay to walk on the left side?","80ddgr9yslumfzkiejv","The real issue is whether escalators are transportation or moving sidewalks - affects the whole etiquette 🌶️","1758813312299"
"4z7u4bd0obamfzkiebf","Metro escalator walking: should you always stand right, or is it okay to walk on the left side?","6oxvckc5jvtmfzkiejv","What about people with mobility issues who need to hold the handrail on both sides?","1758813412299"
"4z7u4bd0obamfzkiebf","Metro escalator walking: should you always stand right, or is it okay to walk on the left side?","czn2f7mvj1kmfzkiejv","Some escalators are too narrow for two people anyway - the rule doesn't always work","1758813512299"
"4z7u4bd0obamfzkiebf","Metro escalator walking: should you always stand right, or is it okay to walk on the left side?","koyzistt11mmfzkiejv","If you're not walking just take the elevator!! Escalators are for MOVING PEOPLE 🌶️","1758813612299"
"4z7u4bd0obamfzkiebf","Metro escalator walking: should you always stand right, or is it okay to walk on the left side?","djydv86a098mfzkiejv","Maybe we need better signage or even separate escalators for walkers vs standers?","1758813712299"
"4z7u4bd0obamfzkiebf","Metro escalator walking: should you always stand right, or is it okay to walk on the left side?","9q5qejiw2spmfzkiejv","This is about respecting shared public space vs individual convenience - basic civics!","1758813812299"
"4z7u4bd0obamfzkiebf","Metro escalator walking: should you always stand right, or is it okay to walk on the left side?","axxwpu9ftw4mfzkiejv","Tourist season changes everything - they don't know the rules and clog up the system","1758813912299"
"4z7u4bd0obamfzkiebf","Metro escalator walking: should you always stand right, or is it okay to walk on the left side?","tom5hrsj6zkmfzkk5f4","asdasdad","1758814193776"
"q386n1txa9dmfzjsij4","Metro escalator walking: should you always stand right, or is it okay to walk on the left side?","woz5x45zbuemfzjsiqj","Stand right, walk left - it's literally posted everywhere and keeps traffic flowing smoothly for everyone","1758812004667"
"q386n1txa9dmfzjsij4","Metro escalator walking: should you always stand right, or is it okay to walk on the left side?","uu41xq4niamfzjsiqj","The real issue is whether escalators are transportation or moving sidewalks - affects the whole etiquette 🌶️","1758812104667"
"q386n1txa9dmfzjsij4","Metro escalator walking: should you always stand right, or is it okay to walk on the left side?","kkrtxnz2xwmfzjsiqj","What about people with mobility issues who need to hold the handrail on both sides?","1758812204667"
"q386n1txa9dmfzjsij4","Metro escalator walking: should you always stand right, or is it okay to walk on the left side?","by3m42w7lqqmfzjsiqj","Some escalators are too narrow for two people anyway - the rule doesn't always work","1758812304667"
"q386n1txa9dmfzjsij4","Metro escalator walking: should you always stand right, or is it okay to walk on the left side?","pvmup1yv0lcmfzjsiqj","If you're not walking just take the elevator!! Escalators are for MOVING PEOPLE 🌶️","1758812404667"
"q386n1txa9dmfzjsij4","Metro escalator walking: should you always stand right, or is it okay to walk on the left side?","y03ka32y41emfzjsiqj","Maybe we need better signage or even separate escalators for walkers vs standers?","1758812504667"
"q386n1txa9dmfzjsij4","Metro escalator walking: should you always stand right, or is it okay to walk on the left side?","a16012hihcvmfzjsiqj","This is about respecting shared public space vs individual convenience - basic civics!","1758812604667"
"q386n1txa9dmfzjsij4","Metro escalator walking: should you always stand right, or is it okay to walk on the left side?","kln9wxcw6vdmfzjsiqj","Tourist season changes everything - they don't know the rules and clog up the system","1758812704667"
"grip50wr90gmfzjdh8o","Metro escalator walking: should you always stand right, or is it okay to walk on the left side?","an919hg9lhpmfzjdheh","Stand right, walk left - it's literally posted everywhere and keeps traffic flowing smoothly for everyone","1758811303097"
"grip50wr90gmfzjdh8o","Metro escalator walking: should you always stand right, or is it okay to walk on the left side?","ghwk55p81xcmfzjdheh","The real issue is whether escalators are transportation or moving sidewalks - affects the whole etiquette 🌶️","1758811403097"
"grip50wr90gmfzjdh8o","Metro escalator walking: should you always stand right, or is it okay to walk on the left side?","9988l7xmx5mfzjdheh","What about people with mobility issues who need to hold the handrail on both sides?","1758811503097"
"grip50wr90gmfzjdh8o","Metro escalator walking: should you always stand right, or is it okay to walk on the left side?","d37fuwtqgilmfzjdheh","Some escalators are too narrow for two people anyway - the rule doesn't always work","1758811603097"
"grip50wr90gmfzjdh8o","Metro escalator walking: should you always stand right, or is it okay to walk on the left side?","87j6thpaknxmfzjdheh","If you're not walking just take the elevator!! Escalators are for MOVING PEOPLE 🌶️","1758811703097"
"grip50wr90gmfzjdh8o","Metro escalator walking: should you always stand right, or is it okay to walk on the left side?","76rsbivr6wpmfzjdheh","Maybe we need better signage or even separate escalators for walkers vs standers?","1758811803097"
"grip50wr90gmfzjdh8o","Metro escalator walking: should you always stand right, or is it okay to walk on the left side?","u9rbaz5e4iemfzjdheh","This is about respecting shared public space vs individual convenience - basic civics!","1758811903097"
"grip50wr90gmfzjdh8o","Metro escalator walking: should you always stand right, or is it okay to walk on the left side?","qo6p82jh54dmfzjdheh","Tourist season changes everything - they don't know the rules and clog up the system","1758812003097"
"grip50wr90gmfzjdh8o","Metro escalator walking: should you always stand right, or is it okay to walk on the left side?","1eb5sa1wz7cmfzjerm6","sdfdfsdfsf","1758812262990"
"grip50wr90gmfzjdh8o","Metro escalator walking: should you always stand right, or is it okay to walk on the left side?","5zs016vvxkgmfzjexkh",";kklk;l;kk","1758812270705"
"grip50wr90gmfzjdh8o","Metro escalator walking: should you always stand right, or is it okay to walk on the left side?","367xrixpvcvmfzjf2bt","mklkkjlljkkl","1758812276873"
"e649dyemxjemfzj9mfo","Metro escalator walking: should you always stand right, or is it okay to walk on the left side?","rge13c55pwmfzj9mkw","Stand right, walk left - it's literally posted everywhere and keeps traffic flowing smoothly for everyone","1758811123184"
"e649dyemxjemfzj9mfo","Metro escalator walking: should you always stand right, or is it okay to walk on the left side?","dvrjlxr0khomfzj9mkw","The real issue is whether escalators are transportation or moving sidewalks - affects the whole etiquette 🌶️","1758811223184"
"e649dyemxjemfzj9mfo","Metro escalator walking: should you always stand right, or is it okay to walk on the left side?","sf42lifvftmfzj9mkw","What about people with mobility issues who need to hold the handrail on both sides?","1758811323184"
"e649dyemxjemfzj9mfo","Metro escalator walking: should you always stand right, or is it okay to walk on the left side?","fi0ntr3x2mmmfzj9mkw","Some escalators are too narrow for two people anyway - the rule doesn't always work","1758811423184"
"e649dyemxjemfzj9mfo","Metro escalator walking: should you always stand right, or is it okay to walk on the left side?","09xzv5obfnzrmfzj9mkw","If you're not walking just take the elevator!! Escalators are for MOVING PEOPLE 🌶️","1758811523184"
"e649dyemxjemfzj9mfo","Metro escalator walking: should you always stand right, or is it okay to walk on the left side?","1s4mgc6trpgmfzj9mkw","Maybe we need better signage or even separate escalators for walkers vs standers?","1758811623184"
"e649dyemxjemfzj9mfo","Metro escalator walking: should you always stand right, or is it okay to walk on the left side?","1c8pnvj08pamfzj9mkw","This is about respecting shared public space vs individual convenience - basic civics!","1758811723184"
"e649dyemxjemfzj9mfo","Metro escalator walking: should you always stand right, or is it okay to walk on the left side?","uciepwn3ga9mfzj9mkw","Tourist season changes everything - they don't know the rules and clog up the system","1758811823184"
"nwqz8nvop6mfzj7q1v","Metro escalator walking: should you always stand right, or is it okay to walk on the left side?","qferh88x4xomfzj7q6m","Stand right, walk left - it's literally posted everywhere and keeps traffic flowing smoothly for everyone","1758811034542"
"nwqz8nvop6mfzj7q1v","Metro escalator walking: should you always stand right, or is it okay to walk on the left side?","1tqybxgevyqmfzj7q6m","The real issue is whether escalators are transportation or moving sidewalks - affects the whole etiquette 🌶️","1758811134542"
"nwqz8nvop6mfzj7q1v","Metro escalator walking: should you always stand right, or is it okay to walk on the left side?","4segir1q5aamfzj7q6m","What about people with mobility issues who need to hold the handrail on both sides?","1758811234542"
"nwqz8nvop6mfzj7q1v","Metro escalator walking: should you always stand right, or is it okay to walk on the left side?","7733xqnlxr7mfzj7q6m","Some escalators are too narrow for two people anyway - the rule doesn't always work","1758811334542"
"nwqz8nvop6mfzj7q1v","Metro escalator walking: should you always stand right, or is it okay to walk on the left side?","pkpmyk6b7ramfzj7q6m","If you're not walking just take the elevator!! Escalators are for MOVING PEOPLE 🌶️","1758811434542"
"nwqz8nvop6mfzj7q1v","Metro escalator walking: should you always stand right, or is it okay to walk on the left side?","b0yk34zy69omfzj7q6m","Maybe we need better signage or even separate escalators for walkers vs standers?","1758811534542"
"nwqz8nvop6mfzj7q1v","Metro escalator walking: should you always stand right, or is it okay to walk on the left side?","6ko8io52fmmfzj7q6m","This is about respecting shared public space vs individual convenience - basic civics!","1758811634542"
"nwqz8nvop6mfzj7q1v","Metro escalator walking: should you always stand right, or is it okay to walk on the left side?","bhomj5lo6oemfzj7q6m","Tourist season changes everything - they don't know the rules and clog up the system","1758811734542"
"1rvbjuzoa0qmfzj3ytp","Metro escalator walking: should you always stand right, or is it okay to walk on the left side?","71lfuup8qzpmfzj3yyw","Stand right, walk left - it's literally posted everywhere and keeps traffic flowing smoothly for everyone","1758810859304"
"1rvbjuzoa0qmfzj3ytp","Metro escalator walking: should you always stand right, or is it okay to walk on the left side?","2n53enx3ceumfzj3yyw","The real issue is whether escalators are transportation or moving sidewalks - affects the whole etiquette 🌶️","1758810959304"
"1rvbjuzoa0qmfzj3ytp","Metro escalator walking: should you always stand right, or is it okay to walk on the left side?","tmljgslp7womfzj3yyw","What about people with mobility issues who need to hold the handrail on both sides?","1758811059304"
"1rvbjuzoa0qmfzj3ytp","Metro escalator walking: should you always stand right, or is it okay to walk on the left side?","y2sv38vs2dmfzj3yyw","Some escalators are too narrow for two people anyway - the rule doesn't always work","1758811159304"
"1rvbjuzoa0qmfzj3ytp","Metro escalator walking: should you always stand right, or is it okay to walk on the left side?","k53o1eyimadmfzj3yyw","If you're not walking just take the elevator!! Escalators are for MOVING PEOPLE 🌶️","1758811259304"
"1rvbjuzoa0qmfzj3ytp","Metro escalator walking: should you always stand right, or is it okay to walk on the left side?","zk8bygejh3mfzj3yyw","Maybe we need better signage or even separate escalators for walkers vs standers?","1758811359304"
"1rvbjuzoa0qmfzj3ytp","Metro escalator walking: should you always stand right, or is it okay to walk on the left side?","inus19kkkalmfzj3yyw","This is about respecting shared public space vs individual convenience - basic civics!","1758811459304"
"1rvbjuzoa0qmfzj3ytp","Metro escalator walking: should you always stand right, or is it okay to walk on the left side?","0p2w5ou3rp7mfzj3yyw","Tourist season changes everything - they don't know the rules and clog up the system","1758811559304"
"nam50ozx8womfziht84","Metro escalator walking: should you always stand right, or is it okay to walk on the left side?","aykm3syohl9mfzihtjg","Stand right, walk left - it's literally posted everywhere and keeps traffic flowing smoothly for everyone","1758809825836"
"nam50ozx8womfziht84","Metro escalator walking: should you always stand right, or is it okay to walk on the left side?","qdsm2r83iemfzihtjg","The real issue is whether escalators are transportation or moving sidewalks - affects the whole etiquette 🌶️","1758809925836"
"nam50ozx8womfziht84","Metro escalator walking: should you always stand right, or is it okay to walk on the left side?","n6iw42onc3fmfzihtjg","What about people with mobility issues who need to hold the handrail on both sides?","1758810025836"
"nam50ozx8womfziht84","Metro escalator walking: should you always stand right, or is it okay to walk on the left side?","jnz6sbrtovgmfzihtjg","Some escalators are too narrow for two people anyway - the rule doesn't always work","1758810125836"
"nam50ozx8womfziht84","Metro escalator walking: should you always stand right, or is it okay to walk on the left side?","g81ysum7p0emfzihtjg","If you're not walking just take the elevator!! Escalators are for MOVING PEOPLE 🌶️","1758810225836"
"nam50ozx8womfziht84","Metro escalator walking: should you always stand right, or is it okay to walk on the left side?","d4tyjnrr45rmfzihtjg","Maybe we need better signage or even separate escalators for walkers vs standers?","1758810325836"
"nam50ozx8womfziht84","Metro escalator walking: should you always stand right, or is it okay to walk on the left side?","2i07y856bx3mfzihtjg","This is about respecting shared public space vs individual convenience - basic civics!","1758810425836"
"nam50ozx8womfziht84","Metro escalator walking: should you always stand right, or is it okay to walk on the left side?","5kavo5umsawmfzihtjg","Tourist season changes everything - they don't know the rules and clog up the system","1758810525836"
"f2373xg7cnomfy57bmg","Metro escalator walking: should you always stand right, or is it okay to walk on the left side?","6eedapw44gpmfy57bqw","Stand right, walk left - it's literally posted everywhere and keeps traffic flowing smoothly for everyone","1758727035032"
"f2373xg7cnomfy57bmg","Metro escalator walking: should you always stand right, or is it okay to walk on the left side?","q6x8jdp9y9amfy57bqw","The real issue is whether escalators are transportation or moving sidewalks - affects the whole etiquette 🌶️","1758727135032"
"f2373xg7cnomfy57bmg","Metro escalator walking: should you always stand right, or is it okay to walk on the left side?","w3vauvdlfgmfy57bqw","What about people with mobility issues who need to hold the handrail on both sides?","1758727235032"
"f2373xg7cnomfy57bmg","Metro escalator walking: should you always stand right, or is it okay to walk on the left side?","3h0gsg22kmpmfy57bqw","Some escalators are too narrow for two people anyway - the rule doesn't always work","1758727335032"
"f2373xg7cnomfy57bmg","Metro escalator walking: should you always stand right, or is it okay to walk on the left side?","m04fjleup5jmfy57bqw","If you're not walking just take the elevator!! Escalators are for MOVING PEOPLE 🌶️","1758727435032"
"f2373xg7cnomfy57bmg","Metro escalator walking: should you always stand right, or is it okay to walk on the left side?","jnu4h63dqvhmfy57bqw","Maybe we need better signage or even separate escalators for walkers vs standers?","1758727535032"
"f2373xg7cnomfy57bmg","Metro escalator walking: should you always stand right, or is it okay to walk on the left side?","wl6xocu7skdmfy57bqw","This is about respecting shared public space vs individual convenience - basic civics!","1758727635032"
"f2373xg7cnomfy57bmg","Metro escalator walking: should you always stand right, or is it okay to walk on the left side?","ywxglsedhhmfy57bqw","Tourist season changes everything - they don't know the rules and clog up the system","1758727735032"
"f2373xg7cnomfy57bmg","Metro escalator walking: should you always stand right, or is it okay to walk on the left side?","25z2bq2pfbejmfy57s68","jhjkjhjkh","1758727956320"
"vfq1ffynsimfy4q8m5","Metro escalator walking: should you always stand right, or is it okay to walk on the left side?","6zaflko4qybmfy4q8rh","Stand right, walk left - it's literally posted everywhere and keeps traffic flowing smoothly for everyone","1758726238013"
"vfq1ffynsimfy4q8m5","Metro escalator walking: should you always stand right, or is it okay to walk on the left side?","zs5dejravemfy4q8rh","The real issue is whether escalators are transportation or moving sidewalks - affects the whole etiquette 🌶️","1758726338013"
"vfq1ffynsimfy4q8m5","Metro escalator walking: should you always stand right, or is it okay to walk on the left side?","eyjuqu4kxhqmfy4q8rh","What about people with mobility issues who need to hold the handrail on both sides?","1758726438013"
"vfq1ffynsimfy4q8m5","Metro escalator walking: should you always stand right, or is it okay to walk on the left side?","b5l8sbwoxihmfy4q8rh","Some escalators are too narrow for two people anyway - the rule doesn't always work","1758726538013"
"vfq1ffynsimfy4q8m5","Metro escalator walking: should you always stand right, or is it okay to walk on the left side?","qgdt1n4s7kmmfy4q8rh","If you're not walking just take the elevator!! Escalators are for MOVING PEOPLE 🌶️","1758726638013"
"vfq1ffynsimfy4q8m5","Metro escalator walking: should you always stand right, or is it okay to walk on the left side?","bl4gdc034t9mfy4q8rh","Maybe we need better signage or even separate escalators for walkers vs standers?","1758726738013"
"vfq1ffynsimfy4q8m5","Metro escalator walking: should you always stand right, or is it okay to walk on the left side?","dss8owy0xhimfy4q8rh","This is about respecting shared public space vs individual convenience - basic civics!","1758726838013"
"vfq1ffynsimfy4q8m5","Metro escalator walking: should you always stand right, or is it okay to walk on the left side?","o4b1y86ylucmfy4q8rh","Tourist season changes everything - they don't know the rules and clog up the system","1758726938013"
"vfq1ffynsimfy4q8m5","Metro escalator walking: should you always stand right, or is it okay to walk on the left side?","ky2ahmucd2lmfy73z8x","I read somewhere that it's more efficient for everyone if they all stand and pack the escalator rather than some walking","1758731138097"
"88n5np5ambdmfy31p52","Metro escalator walking: should you always stand right, or is it okay to walk on the left side?","gbv6xckj1xmfy31ped","Stand right, walk left - it's literally posted everywhere and keeps traffic flowing smoothly for everyone","1758723413557"
"88n5np5ambdmfy31p52","Metro escalator walking: should you always stand right, or is it okay to walk on the left side?","ocxr8webwwmfy31ped","The real issue is whether escalators are transportation or moving sidewalks - affects the whole etiquette 🌶️","1758723513557"
"88n5np5ambdmfy31p52","Metro escalator walking: should you always stand right, or is it okay to walk on the left side?","nafhgd4s5bmfy31ped","What about people with mobility issues who need to hold the handrail on both sides?","1758723613557"
"88n5np5ambdmfy31p52","Metro escalator walking: should you always stand right, or is it okay to walk on the left side?","k56zxydef6imfy31ped","Some escalators are too narrow for two people anyway - the rule doesn't always work","1758723713557"
"88n5np5ambdmfy31p52","Metro escalator walking: should you always stand right, or is it okay to walk on the left side?","sr15psa40dimfy31ped","If you're not walking just take the elevator!! Escalators are for MOVING PEOPLE 🌶️","1758723813557"
"88n5np5ambdmfy31p52","Metro escalator walking: should you always stand right, or is it okay to walk on the left side?","glg5742cpqwmfy31ped","Maybe we need better signage or even separate escalators for walkers vs standers?","1758723913557"
"88n5np5ambdmfy31p52","Metro escalator walking: should you always stand right, or is it okay to walk on the left side?","eb6zeea26vpmfy31ped","This is about respecting shared public space vs individual convenience - basic civics!","1758724013557"
"88n5np5ambdmfy31p52","Metro escalator walking: should you always stand right, or is it okay to walk on the left side?","3nh9lfs256hmfy31ped","Tourist season changes everything - they don't know the rules and clog up the system","1758724113557"
"oaoh34r52emfwpbh8n","testrrerrr","bjta6kzo6omfwpoitn","sdfsfdsdfsdf","1758641397323"
"6dtrgxg10flmfwovd0j","Metro escalator walking: should you always stand right, or is it okay to walk on the left side?","csvlj853r2rmfwovd5e","Stand right, walk left - it's literally posted everywhere and keeps traffic flowing smoothly for everyone","1758639136946"
"6dtrgxg10flmfwovd0j","Metro escalator walking: should you always stand right, or is it okay to walk on the left side?","tzxkplinazcmfwovd5e","The real issue is whether escalators are transportation or moving sidewalks - affects the whole etiquette 🌶️","1758639236946"
"6dtrgxg10flmfwovd0j","Metro escalator walking: should you always stand right, or is it okay to walk on the left side?","41wssoryikgmfwovd5e","What about people with mobility issues who need to hold the handrail on both sides?","1758639336946"
"6dtrgxg10flmfwovd0j","Metro escalator walking: should you always stand right, or is it okay to walk on the left side?","r58x2sdk99smfwovd5e","Some escalators are too narrow for two people anyway - the rule doesn't always work","1758639436946"
"6dtrgxg10flmfwovd0j","Metro escalator walking: should you always stand right, or is it okay to walk on the left side?","bynae8t8wqtmfwovd5e","If you're not walking just take the elevator!! Escalators are for MOVING PEOPLE 🌶️","1758639536946"
"6dtrgxg10flmfwovd0j","Metro escalator walking: should you always stand right, or is it okay to walk on the left side?","tclk3h9o37mfwovd5e","Maybe we need better signage or even separate escalators for walkers vs standers?","1758639636946"
"6dtrgxg10flmfwovd0j","Metro escalator walking: should you always stand right, or is it okay to walk on the left side?","dqg306tqaonmfwovd5e","This is about respecting shared public space vs individual convenience - basic civics!","1758639736946"
"6dtrgxg10flmfwovd0j","Metro escalator walking: should you always stand right, or is it okay to walk on the left side?","ck8jtvk25h4mfwovd5e","Tourist season changes everything - they don't know the rules and clog up the system","1758639836946"
"6dtrgxg10flmfwovd0j","Metro escalator walking: should you always stand right, or is it okay to walk on the left side?","z25jhf1axsdmfwoxpe6","sdfsdfs","1758640146126"
"6dtrgxg10flmfwovd0j","Metro escalator walking: should you always stand right, or is it okay to walk on the left side?","ajae68ei9bmfwoxxsh","asaxxxxx","1758640157009"
"dgt06ukjvflmfwndvzu","Metro escalator walking: should you always stand right, or is it okay to walk on the left side?","gpesa4xhyg4mfwndw59","Stand right, walk left - it's literally posted everywhere and keeps traffic flowing smoothly for everyone","1758636642141"
"dgt06ukjvflmfwndvzu","Metro escalator walking: should you always stand right, or is it okay to walk on the left side?","911rdqwlcuimfwndw59","The real issue is whether escalators are transportation or moving sidewalks - affects the whole etiquette 🌶️","1758636742141"
"dgt06ukjvflmfwndvzu","Metro escalator walking: should you always stand right, or is it okay to walk on the left side?","su9dg95bjbcmfwndw59","What about people with mobility issues who need to hold the handrail on both sides?","1758636842141"
"dgt06ukjvflmfwndvzu","Metro escalator walking: should you always stand right, or is it okay to walk on the left side?","s4fzz6j17cmfwndw59","Some escalators are too narrow for two people anyway - the rule doesn't always work","1758636942141"
"dgt06ukjvflmfwndvzu","Metro escalator walking: should you always stand right, or is it okay to walk on the left side?","m9t3caxcf2mfwndw59","If you're not walking just take the elevator!! Escalators are for MOVING PEOPLE 🌶️","1758637042141"
"dgt06ukjvflmfwndvzu","Metro escalator walking: should you always stand right, or is it okay to walk on the left side?","2sf2ucpbruomfwndw59","Maybe we need better signage or even separate escalators for walkers vs standers?","1758637142141"
"dgt06ukjvflmfwndvzu","Metro escalator walking: should you always stand right, or is it okay to walk on the left side?","qdqbw3m5llimfwndw59","This is about respecting shared public space vs individual convenience - basic civics!","1758637242141"
"dgt06ukjvflmfwndvzu","Metro escalator walking: should you always stand right, or is it okay to walk on the left side?","franlnoo245mfwndw59","Tourist season changes everything - they don't know the rules and clog up the system","1758637342141"
"thigtu6gj3nmfwmjsa6","Metro escalator walking: should you always stand right, or is it okay to walk on the left side?","k499uw56qpmfwmjsmc","Stand right, walk left - it's literally posted everywhere and keeps traffic flowing smoothly for everyone","1758635237892"
"thigtu6gj3nmfwmjsa6","Metro escalator walking: should you always stand right, or is it okay to walk on the left side?","6q7ves76kyxmfwmjsmc","The real issue is whether escalators are transportation or moving sidewalks - affects the whole etiquette 🌶️","1758635337892"
"thigtu6gj3nmfwmjsa6","Metro escalator walking: should you always stand right, or is it okay to walk on the left side?","v5wjm7hcbymfwmjsmc","What about people with mobility issues who need to hold the handrail on both sides?","1758635437892"
"thigtu6gj3nmfwmjsa6","Metro escalator walking: should you always stand right, or is it okay to walk on the left side?","lp75zcugyimfwmjsmc","Some escalators are too narrow for two people anyway - the rule doesn't always work","1758635537892"
"thigtu6gj3nmfwmjsa6","Metro escalator walking: should you always stand right, or is it okay to walk on the left side?","n9jbtts8g6mfwmjsmc","If you're not walking just take the elevator!! Escalators are for MOVING PEOPLE 🌶️","1758635637892"
"thigtu6gj3nmfwmjsa6","Metro escalator walking: should you always stand right, or is it okay to walk on the left side?","wu5p16zms5mfwmjsmc","Maybe we need better signage or even separate escalators for walkers vs standers?","1758635737892"
"thigtu6gj3nmfwmjsa6","Metro escalator walking: should you always stand right, or is it okay to walk on the left side?","qxeqgzgksgmfwmjsmc","This is about respecting shared public space vs individual convenience - basic civics!","1758635837892"
"thigtu6gj3nmfwmjsa6","Metro escalator walking: should you always stand right, or is it okay to walk on the left side?","yyrq46pivohmfwmjsmc","Tourist season changes everything - they don't know the rules and clog up the system","1758635937892"
"l4inmnsn43amfvldc96","Metro escalator walking: should you always stand right, or is it okay to walk on the left side?","d9qqk3nt834mfvldcej","Stand right, walk left - it's literally posted everywhere and keeps traffic flowing smoothly for everyone","1758572791147"
"l4inmnsn43amfvldc96","Metro escalator walking: should you always stand right, or is it okay to walk on the left side?","xxb3pxprx5omfvldcej","The real issue is whether escalators are transportation or moving sidewalks - affects the whole etiquette 🌶️","1758572891147"
"l4inmnsn43amfvldc96","Metro escalator walking: should you always stand right, or is it okay to walk on the left side?","yx31l19hzlamfvldcej","What about people with mobility issues who need to hold the handrail on both sides?","1758572991147"
"l4inmnsn43amfvldc96","Metro escalator walking: should you always stand right, or is it okay to walk on the left side?","z43c5cau1csmfvldcej","Some escalators are too narrow for two people anyway - the rule doesn't always work","1758573091147"
"l4inmnsn43amfvldc96","Metro escalator walking: should you always stand right, or is it okay to walk on the left side?","phs2hhklxqmfvldcej","If you're not walking just take the elevator!! Escalators are for MOVING PEOPLE 🌶️","1758573191147"
"l4inmnsn43amfvldc96","Metro escalator walking: should you always stand right, or is it okay to walk on the left side?","sq9w177vr1hmfvldcej","Maybe we need better signage or even separate escalators for walkers vs standers?","1758573291147"
"l4inmnsn43amfvldc96","Metro escalator walking: should you always stand right, or is it okay to walk on the left side?","nuqt70t0ypomfvldcej","This is about respecting shared public space vs individual convenience - basic civics!","1758573391147"
"l4inmnsn43amfvldc96","Metro escalator walking: should you always stand right, or is it okay to walk on the left side?","893vd52ly23mfvldcej","Tourist season changes everything - they don't know the rules and clog up the system","1758573491147"
"4bdgpgy5ynymfvet9y1","Metro escalator walking: should you always stand right, or is it okay to walk on the left side?","60yphmwfzagmfveta3c","Stand right, walk left - it's literally posted everywhere and keeps traffic flowing smoothly for everyone","1758561777336"
"4bdgpgy5ynymfvet9y1","Metro escalator walking: should you always stand right, or is it okay to walk on the left side?","wfr7tsfjlvmfveta3c","The real issue is whether escalators are transportation or moving sidewalks - affects the whole etiquette 🌶️","1758561877336"
"4bdgpgy5ynymfvet9y1","Metro escalator walking: should you always stand right, or is it okay to walk on the left side?","izkfg5u3x5imfveta3c","What about people with mobility issues who need to hold the handrail on both sides?","1758561977336"
"4bdgpgy5ynymfvet9y1","Metro escalator walking: should you always stand right, or is it okay to walk on the left side?","5jxhhyma4ctmfveta3c","Some escalators are too narrow for two people anyway - the rule doesn't always work","1758562077336"
"4bdgpgy5ynymfvet9y1","Metro escalator walking: should you always stand right, or is it okay to walk on the left side?","4ktlfbxrsimfveta3c","If you're not walking just take the elevator!! Escalators are for MOVING PEOPLE 🌶️","1758562177336"
"4bdgpgy5ynymfvet9y1","Metro escalator walking: should you always stand right, or is it okay to walk on the left side?","ktyishizkkmfveta3c","Maybe we need better signage or even separate escalators for walkers vs standers?","1758562277336"
"4bdgpgy5ynymfvet9y1","Metro escalator walking: should you always stand right, or is it okay to walk on the left side?","iatcekb2tlimfveta3c","This is about respecting shared public space vs individual convenience - basic civics!","1758562377336"
"4bdgpgy5ynymfvet9y1","Metro escalator walking: should you always stand right, or is it okay to walk on the left side?","u74ffg6s6mrmfveta3c","Tourist season changes everything - they don't know the rules and clog up the system","1758562477336"
"olfpkz16eijmfv9l2ux","Remote work is better than in-person work","qa2i8f7751mfv9m99h","test2","1758553951589"
"olfpkz16eijmfv9l2ux","Remote work is better than in-person work","in4aj6ifm49mfv9mbva","test3","1758553954966"
"olfpkz16eijmfv9l2ux","Remote work is better than in-person work","mrhjxbgen8mfv9nabu","br1231231","1758553999626"
"qnda3azt6jmfv93pvm","Metro escalator walking: should you always stand right, or is it okay to walk on the left side?","4w97ghjyhw5mfv93q0y","Stand right, walk left - it's literally posted everywhere and keeps traffic flowing smoothly for everyone","1758552186850"
"qnda3azt6jmfv93pvm","Metro escalator walking: should you always stand right, or is it okay to walk on the left side?","0zajiw81n9mfv93q0y","The real issue is whether escalators are transportation or moving sidewalks - affects the whole etiquette 🌶️","1758552286850"
"qnda3azt6jmfv93pvm","Metro escalator walking: should you always stand right, or is it okay to walk on the left side?","qcmsro7zohemfv93q0y","What about people with mobility issues who need to hold the handrail on both sides?","1758552386850"
"qnda3azt6jmfv93pvm","Metro escalator walking: should you always stand right, or is it okay to walk on the left side?","eau3ip2ldyimfv93q0y","Some escalators are too narrow for two people anyway - the rule doesn't always work","1758552486850"
"qnda3azt6jmfv93pvm","Metro escalator walking: should you always stand right, or is it okay to walk on the left side?","pv0tl1s168kmfv93q0y","If you're not walking just take the elevator!! Escalators are for MOVING PEOPLE 🌶️","1758552586850"
"qnda3azt6jmfv93pvm","Metro escalator walking: should you always stand right, or is it okay to walk on the left side?","n3g43woc74gmfv93q0y","Maybe we need better signage or even separate escalators for walkers vs standers?","1758552686850"
"qnda3azt6jmfv93pvm","Metro escalator walking: should you always stand right, or is it okay to walk on the left side?","yr6w8xwyxvmmfv93q0y","This is about respecting shared public space vs individual convenience - basic civics!","1758552786850"
"qnda3azt6jmfv93pvm","Metro escalator walking: should you always stand right, or is it okay to walk on the left side?","84cv137bun3mfv93q0y","Tourist season changes everything - they don't know the rules and clog up the system","1758552886850"
"o9lbrsmxrodmfv7wq5f","Metro escalator walking: should you always stand right, or is it okay to walk on the left side?","hnvp6lhfm3mfv7wqfc","Stand right, walk left - it's literally posted everywhere and keeps traffic flowing smoothly for everyone","1758550181160"
"o9lbrsmxrodmfv7wq5f","Metro escalator walking: should you always stand right, or is it okay to walk on the left side?","jwsz1tk3vgamfv7wqfc","The real issue is whether escalators are transportation or moving sidewalks - affects the whole etiquette 🌶️","1758550281160"
"o9lbrsmxrodmfv7wq5f","Metro escalator walking: should you always stand right, or is it okay to walk on the left side?","a2afpnw8hurmfv7wqfc","What about people with mobility issues who need to hold the handrail on both sides?","1758550381160"
"o9lbrsmxrodmfv7wq5f","Metro escalator walking: should you always stand right, or is it okay to walk on the left side?","itns7utibpgmfv7wqfc","Some escalators are too narrow for two people anyway - the rule doesn't always work","1758550481160"
"o9lbrsmxrodmfv7wq5f","Metro escalator walking: should you always stand right, or is it okay to walk on the left side?","mcj2vk7ohomfv7wqfc","If you're not walking just take the elevator!! Escalators are for MOVING PEOPLE 🌶️","1758550581160"
"o9lbrsmxrodmfv7wq5f","Metro escalator walking: should you always stand right, or is it okay to walk on the left side?","0f8h4o36rm5bmfv7wqfc","Maybe we need better signage or even separate escalators for walkers vs standers?","1758550681160"
"o9lbrsmxrodmfv7wq5f","Metro escalator walking: should you always stand right, or is it okay to walk on the left side?","dbr65eghxqkmfv7wqfc","This is about respecting shared public space vs individual convenience - basic civics!","1758550781160"
"o9lbrsmxrodmfv7wq5f","Metro escalator walking: should you always stand right, or is it okay to walk on the left side?","8u7ft4m993umfv7wqfc","Tourist season changes everything - they don't know the rules and clog up the system","1758550881160"
"cixvwo8wvolmfv7q1mn","Should AI be allowed to make important decisions for humans?","lpk2v0cpwimfv7q1qx","AI systems should require human oversight for all major decisions affecting people's lives","1758549869241"
"cixvwo8wvolmfv7q1mn","Should AI be allowed to make important decisions for humans?","ksw5w5rt2tlmfv7q1qx","The real crux is whether we trust human judgment more than algorithmic consistency 🌶️","1758549969241"
"cixvwo8wvolmfv7q1mn","Should AI be allowed to make important decisions for humans?","ouh98aq27umfv7q1qx","What about people with disabilities who might benefit from AI decision-making tools?","1758550069241"
"cixvwo8wvolmfv7q1mn","Should AI be allowed to make important decisions for humans?","dqy1bsuosvgmfv7q1qx","AI bias is still a huge problem - we're basically automating discrimination","1758550169241"
"cixvwo8wvolmfv7q1mn","Should AI be allowed to make important decisions for humans?","btuayw8b1crmfv7q1qx","Speed matters in emergencies - AI could save lives while humans are still debating 🌶️","1758550269241"
"cixvwo8wvolmfv7q1mn","Should AI be allowed to make important decisions for humans?","yca35kmr3hemfv7q1qx","We need hybrid systems - AI suggests, humans decide, best of both worlds","1758550369241"
"cixvwo8wvolmfv7q1mn","Should AI be allowed to make important decisions for humans?","6qosyfirjjpmfv7q1qy","The fundamental question is: do we want efficiency or accountability?","1758550469242"
"cixvwo8wvolmfv7q1mn","Should AI be allowed to make important decisions for humans?","v9gpq6t7xxrmfv7q1qy","Consider cultural differences - some societies prioritize collective vs individual decision-making","1758550569242"
"tl1dp7s6cklmfpikiuj","Social media does more harm than good for society","7z9p3xt6ow4mfpiljah","asdasdasdads","1758206237417"
"ndquw846wramfoeln3e","Remote work is better than in-person work","hwlo5p5znrcmfogzq5s","It’s fun","1758143074096"